timestamp,edge_id,speed_kmh,duration_s,distance_m
2025-11-27 12:11:01.349943,81805393_11950483412,4.5,12,15
2025-11-27 12:11:01.753056,81806535_1497544749,13.68,10,38
2025-11-27 12:11:02.064119,81806535_5707161153,8.32,125,289
2025-11-27 12:11:02.304856,98026475_6677338241,16.25,136,614
2025-11-27 12:11:02.654721,98027697_7985603138,18.51,7,36
2025-11-27 12:11:02.887478,98027697_10130533953,14.42,180,721
2025-11-27 12:11:03.141290,98031401_6661055810,0.0,15,0
2025-11-27 12:11:03.687415,98035472_12816414547,12.02,269,898
2025-11-27 12:11:04.208889,98041254_420522002,24.48,5,34
2025-11-27 12:11:04.401278,98041257_98041849,8.7,12,29
2025-11-27 12:11:04.593138,98041257_5710673974,15.84,5,22
2025-11-27 12:11:04.767303,98041257_5710673979,32.4,3,27
2025-11-27 12:11:04.979067,98041849_98041257,9.49,11,29
2025-11-27 12:11:05.311469,98041849_733429120,6.32,37,65
2025-11-27 12:11:05.670441,98041851_2084132002,27.36,5,38
2025-11-27 12:11:05.927825,98042270_309816682,16.85,132,618
2025-11-27 12:11:06.303634,106078638_6587651051,36.0,5,50
2025-11-27 12:11:06.492157,106078638_442990465,22.5,8,50
2025-11-27 12:11:06.802240,106108917_2176926218,22.12,96,590
2025-11-27 12:11:06.986730,106111364_6644672135,21.77,21,127
2025-11-27 12:11:07.180089,106111364_446030797,14.78,227,932
2025-11-27 12:11:07.415654,283139229_444875375,7.2,10,20
2025-11-27 12:11:07.657846,283139229_5718871870,16.4,171,779
2025-11-27 12:11:07.868830,283139229_6650982900,27.0,6,45
2025-11-27 12:11:08.253676,283139237_2188036136,22.13,34,209
2025-11-27 12:11:08.512402,308728680_1314203102,7.65,8,17
2025-11-27 12:11:08.759552,308728680_310729950,10.38,301,868
2025-11-27 12:11:08.997748,308728680_2289997644,17.86,26,129
2025-11-27 12:11:09.189627,309595522_6666479030,10.44,10,29
2025-11-27 12:11:09.380288,309685730_6677300866,13.05,8,29
2025-11-27 12:11:09.587301,309685730_2195296719,15.62,157,681
2025-11-27 12:11:09.785990,309685730_309816682,18.24,60,304
2025-11-27 12:11:10.112793,309816682_5718916274,10.36,107,308
2025-11-27 12:11:10.315323,309816683_98035472,9.19,65,166
2025-11-27 12:11:10.525183,309816683_10296445822,10.85,299,901
2025-11-27 12:11:10.723117,309816683_10296445824,12.6,10,35
2025-11-27 12:11:10.984199,310729950_6677364041,10.17,23,65
2025-11-27 12:11:11.127694,310729950_6677300866,4.68,30,39
2025-11-27 12:11:11.377545,317366886_444501629,5.04,15,21
2025-11-27 12:11:11.708352,317778303_427847910,7.2,10,20
2025-11-27 12:11:11.908305,317778303_5716477056,29.88,40,332
2025-11-27 12:11:12.163301,319490613_1104490487,23.64,141,926
2025-11-27 12:11:12.357789,420456583_6621078251,27.0,12,90
2025-11-27 12:11:12.634796,420456583_13023100793,13.46,23,86
2025-11-27 12:11:12.887467,420456595_10965136434,2.52,20,14
2025-11-27 12:11:13.087594,420456595_4541071715,12.81,84,299
2025-11-27 12:11:13.355619,420456615_733429120,13.5,8,30
2025-11-27 12:11:13.509373,420456615_98041257,9.28,26,67
2025-11-27 12:11:13.749329,420456683_5710231827,9.25,220,565
2025-11-27 12:11:13.922728,420456683_5206119178,15.97,16,71
2025-11-27 12:11:14.127452,420456683_1878932244,29.86,17,141
2025-11-27 12:11:14.328958,420457653_11107112923,28.42,38,300
2025-11-27 12:11:14.527170,420460217_1878921396,20.26,287,1615
2025-11-27 12:11:14.795008,420460217_4004297090,2.25,120,75
2025-11-27 12:11:14.998484,420522002_6587550954,29.6,9,74
2025-11-27 12:11:15.280184,421080868_4961341856,9.6,12,32
2025-11-27 12:11:15.466703,421080868_12357580645,14.06,105,410
2025-11-27 12:11:15.737358,427847910_2291072476,13.5,4,15
2025-11-27 12:11:15.944041,427847910_1495030951,18.51,7,36
2025-11-27 12:11:16.204645,428673752_421080868,13.3,85,314
2025-11-27 12:11:16.388987,428673752_2291064324,16.36,11,50
2025-11-27 12:11:16.658377,436383687_5710222987,30.13,19,159
2025-11-27 12:11:16.906720,436388447_2295384939,6.0,9,15
2025-11-27 12:11:17.036218,436388447_309685730,7.28,46,93
2025-11-27 12:11:17.229708,442990465_106078638,17.08,90,427
2025-11-27 12:11:17.422797,442990465_6687964478,12.35,200,686
2025-11-27 12:11:17.547334,442990465_6587651051,15.94,7,31
2025-11-27 12:11:17.737812,442993523_13023100794,18.83,69,361
2025-11-27 12:11:18.014150,444394912_2701184883,15.57,317,1371
2025-11-27 12:11:18.205435,444394912_4538405026,27.26,14,106
2025-11-27 12:11:18.376610,444394912_5716537702,5.27,41,60
2025-11-27 12:11:18.573335,444398125_444393381,15.87,22,97
2025-11-27 12:11:18.758790,444398125_2186671584,4.63,7,9
2025-11-27 12:11:19.029075,444501629_2291073251,8.1,8,18
2025-11-27 12:11:19.286857,444501629_2186671586,11.58,23,74
2025-11-27 12:11:19.483634,444501637_6648227221,46.8,2,26
2025-11-27 12:11:19.679340,444501637_6650982901,25.65,24,171
2025-11-27 12:11:19.887763,444874857_444875374,7.65,8,17
2025-11-27 12:11:20.080811,444874857_6651770210,28.17,46,360
2025-11-27 12:11:20.300616,444874859_6650810650,19.89,122,674
2025-11-27 12:11:20.496469,444874859_5710565212,22.8,21,133
2025-11-27 12:11:20.779212,444875109_448838032,10.8,6,18
2025-11-27 12:11:20.963752,444875109_5709996125,16.5,101,463
2025-11-27 12:11:21.164935,444875130_1613087628,18.0,4,20
2025-11-27 12:11:21.365287,444875130_1758170763,27.9,4,31
2025-11-27 12:11:21.523679,444875374_444875109,10.8,11,33
2025-11-27 12:11:21.676316,444875374_283139229,16.43,16,73
2025-11-27 12:11:21.826476,444875375_283139229,6.0,12,20
2025-11-27 12:11:21.973892,444875375_444875109,12.17,21,71
2025-11-27 12:11:22.131844,444875375_2188036136,19.96,121,671
2025-11-27 12:11:22.400038,445970096_2050902830,13.5,4,15
2025-11-27 12:11:22.698403,445970096_8823455180,9.6,33,88
2025-11-27 12:11:22.955798,445970127_2050902827,11.7,4,13
2025-11-27 12:11:23.208352,445970127_2050902832,25.2,17,119
2025-11-27 12:11:23.428349,445970799_1884776799,14.38,155,619
2025-11-27 12:11:23.627465,445970799_2291064328,15.15,24,101
2025-11-27 12:11:23.797708,446030797_2176926218,13.37,7,26
2025-11-27 12:11:23.997521,446030797_2174649904,18.78,111,579
2025-11-27 12:11:24.127506,446030797_106111364,17.14,50,238
2025-11-27 12:11:24.282122,448838032_444874857,9.77,7,19
2025-11-27 12:11:24.491116,448838032_2175126932,20.0,9,50
2025-11-27 12:11:24.690199,634709500_1613087622,16.39,327,1489
2025-11-27 12:11:24.871108,634709500_6650876740,18.72,20,104
2025-11-27 12:11:25.057752,733429120_98041851,10.2,6,17
2025-11-27 12:11:25.254089,733429120_6651770209,33.89,46,433
2025-11-27 12:11:25.451622,1104490487_319490613,8.1,8,18
2025-11-27 12:11:25.691681,1104490487_12357580642,22.54,172,1077
2025-11-27 12:11:26.032607,1219243636_1881928280,21.6,7,42
2025-11-27 12:11:26.276315,1219243660_12872373346,10.54,14,41
2025-11-27 12:11:26.527267,1220930858_1221053112,5.04,10,14
2025-11-27 12:11:26.773000,1220930858_10203920325,23.14,7,45
2025-11-27 12:11:27.135600,1221053112_1748294231,10.8,6,18
2025-11-27 12:11:27.752783,1221161730_4106937190,18.28,13,66
2025-11-27 12:11:28.172029,1312645244_1691398148,11.7,4,13
2025-11-27 12:11:28.381548,1312645244_12375164798,19.8,2,11
2025-11-27 12:11:28.584201,1312650077_1838584736,17.1,4,19
2025-11-27 12:11:28.772984,1312650077_1879088108,22.72,154,972
2025-11-27 12:11:28.963603,1312650079_1887751321,14.4,5,20
2025-11-27 12:11:29.288960,1314185585_4539132165,44.04,103,1260
2025-11-27 12:11:29.491217,1314185648_4539132165,26.19,29,211
2025-11-27 12:11:29.697066,1314185653_2326674288,43.2,1,12
2025-11-27 12:11:29.892887,1314185677_1314191420,23.75,174,1148
2025-11-27 12:11:30.089073,1314185677_6621357112,28.29,148,1163
2025-11-27 12:11:30.274805,1314191398_106070559,32.59,446,4037
2025-11-27 12:11:30.486743,1314191405_5707122750,32.22,431,3857
2025-11-27 12:11:30.715413,1314191405_4538571818,40.2,6,67
2025-11-27 12:11:30.923130,1314191414_436383687,24.48,5,34
2025-11-27 12:11:31.190074,1314191415_1314191414,8.5,69,163
2025-11-27 12:11:31.393235,1314191415_4539674875,5.21,56,81
2025-11-27 12:11:31.597249,1314191417_4930438606,39.6,14,154
2025-11-27 12:11:31.777274,1314191420_4539674875,8.2,47,107
2025-11-27 12:11:31.952497,1314191420_5709923602,10.72,140,417
2025-11-27 12:11:32.122779,1314191436_6621426601,4.75,25,33
2025-11-27 12:11:32.311306,1314191436_5709923601,22.63,28,176
2025-11-27 12:11:32.511378,1314203096_2053894358,20.81,41,237
2025-11-27 12:11:32.651719,1314203102_308728680,15.93,139,615
2025-11-27 12:11:32.849071,1314203102_1314203096,15.6,12,52
2025-11-27 12:11:33.077576,1314209691_1495020912,12.72,277,979
2025-11-27 12:11:33.281907,1314209691_6405794494,8.95,33,82
2025-11-27 12:11:33.482074,1314209698_1884765802,12.96,5,18
2025-11-27 12:11:33.686089,1314209698_11014094288,24.0,6,40
2025-11-27 12:11:33.885249,1314209699_11950483417,18.6,6,31
2025-11-27 12:11:34.106710,1314209699_1884765806,13.91,228,881
2025-11-27 12:11:34.379069,1314209716_6677895172,28.8,28,224
2025-11-27 12:11:34.599323,1314209716_1887748894,22.64,231,1453
2025-11-27 12:11:34.799187,1314209717_6659134174,23.62,16,105
2025-11-27 12:11:35.053711,1475295085_1475295086,24.69,7,48
2025-11-27 12:11:35.217837,1475295085_1312645244,19.39,75,404
2025-11-27 12:11:35.392791,1475295086_1475295085,25.68,324,2311
2025-11-27 12:11:35.669490,1475295086_1879091756,35.58,78,771
2025-11-27 12:11:35.901402,1494041345_6677895176,20.16,5,28
2025-11-27 12:11:36.042382,1494041345_4004297090,7.89,47,103
2025-11-27 12:11:36.304972,1494041351_1494041366,33.12,20,184
2025-11-27 12:11:36.492972,1494041352_1494041374,29.05,29,234
2025-11-27 12:11:36.654879,1494041366_1878932244,22.08,90,552
2025-11-27 12:11:36.867439,1494041366_6670444530,28.27,34,267
2025-11-27 12:11:37.131941,1494041374_1758633098,15.91,88,389
2025-11-27 12:11:37.339762,1495020912_1758631175,12.86,7,25
2025-11-27 12:11:37.586835,1495020912_6688503842,16.8,6,28
2025-11-27 12:11:37.885927,1495022225_634709500,20.7,4,23
2025-11-27 12:11:38.138881,1495023340_1314209691,12.42,156,538
2025-11-27 12:11:38.388749,1495025257_6648096525,37.2,3,31
2025-11-27 12:11:38.516315,1495025257_6650810650,19.3,25,134
2025-11-27 12:11:38.715127,1495030950_1495030951,19.44,10,54
2025-11-27 12:11:38.845572,1495030950_427847910,7.84,17,37
2025-11-27 12:11:38.997737,1495030951_317366886,12.57,210,733
2025-11-27 12:11:39.237888,1497544719_428673752,6.17,21,36
2025-11-27 12:11:39.432980,1497544719_1904353550,9.6,21,56
2025-11-27 12:11:39.638000,1497544736_5707161153,15.6,6,26
2025-11-27 12:11:39.899790,1497544736_5707161151,13.33,27,100
2025-11-27 12:11:40.167507,1497544738_5707161163,7.56,10,21
2025-11-27 12:11:40.362879,1497544749_5706891499,21.41,19,113
2025-11-27 12:11:40.622400,1497544764_9980229913,19.65,35,191
2025-11-27 12:11:40.886903,1497544764_5706896622,21.6,14,84
2025-11-27 12:11:41.104721,1497544796_7301485388,23.68,123,809
2025-11-27 12:11:41.415220,1497544796_1497544764,27.63,40,307
2025-11-27 12:11:41.596077,1498038039_420457653,8.69,53,128
2025-11-27 12:11:41.787285,1498111685_10180671333,10.8,5,15
2025-11-27 12:11:42.026139,1498111685_5716649671,15.05,11,46
2025-11-27 12:11:42.230844,1613087620_444875130,7.8,6,13
2025-11-27 12:11:42.419094,1613087620_5716616005,11.56,19,61
2025-11-27 12:11:42.806884,1613087622_444874859,24.0,3,20
2025-11-27 12:11:42.946469,1613087628_1613087622,12.24,5,17
2025-11-27 12:11:43.102944,1613087628_1495022225,20.7,8,46
2025-11-27 12:11:43.289600,1691398148_1881927756,23.21,259,1670
2025-11-27 12:11:43.567319,1692627215_6631796343,24.39,40,271
2025-11-27 12:11:43.755574,1692627215_1919720738,23.76,5,33
2025-11-27 12:11:43.954493,1699561405_1849738362,6.05,22,37
2025-11-27 12:11:44.293059,1748294231_1219243636,12.6,4,14
2025-11-27 12:11:44.608708,1748294250_1748294257,8.4,6,14
2025-11-27 12:11:44.799714,1748294250_10203920324,19.35,24,129
2025-11-27 12:11:44.993555,1748294257_1748294250,7.2,7,14
2025-11-27 12:11:45.305589,1748294274_5710673974,16.35,131,595
2025-11-27 12:11:45.500855,1748294274_10542328776,4.21,41,48
2025-11-27 12:11:45.700454,1758170763_12024836052,24.53,16,109
2025-11-27 12:11:45.892583,1758170772_6648096523,10.08,5,14
2025-11-27 12:11:46.022079,1758170772_1495022225,9.1,36,91
2025-11-27 12:11:46.225120,1758629824_5683792676,15.6,3,13
2025-11-27 12:11:46.423392,1758631175_1314209699,20.4,3,17
2025-11-27 12:11:46.628008,1758631175_1884769979,18.0,8,40
2025-11-27 12:11:46.824960,1758633098_1758633108,27.6,3,23
2025-11-27 12:11:47.025074,1758633098_81805393,18.84,288,1507
2025-11-27 12:11:47.223260,1758633108_6659134174,31.2,3,26
2025-11-27 12:11:47.574360,1758633112_6659134172,19.08,221,1171
2025-11-27 12:11:47.709059,1758633112_1758633108,30.48,30,254
2025-11-27 12:11:47.929162,1758651218_6610574244,21.39,17,101
2025-11-27 12:11:48.114378,1758651218_6606566485,23.33,83,538
2025-11-27 12:11:48.370335,1838584736_1312650079,17.64,10,49
2025-11-27 12:11:48.544924,1838584736_1879088105,22.15,13,80
2025-11-27 12:11:48.698082,1849738362_1699561405,3.6,37,37
2025-11-27 12:11:48.879689,1849738362_5898769297,36.9,60,615
2025-11-27 12:11:49.150076,1878921396_6659072489,9.0,2,5
2025-11-27 12:11:49.358092,1878921403_5686426699,32.33,53,476
2025-11-27 12:11:49.491090,1878921403_5686426699,32.33,53,476
2025-11-27 12:11:49.751168,1878921405_1878921403,17.35,22,106
2025-11-27 12:11:49.952668,1878932244_1494041366,12.86,7,25
2025-11-27 12:11:50.098899,1878932244_420460217,5.47,121,184
2025-11-27 12:11:50.279355,1879088105_1879091755,29.31,14,114
2025-11-27 12:11:50.554323,1879088106_1879088105,25.43,16,113
2025-11-27 12:11:50.756317,1879088106_1838584736,13.73,145,553
2025-11-27 12:11:50.953238,1879088107_1879088108,23.85,16,106
2025-11-27 12:11:51.096922,1879088107_1312650077,7.48,38,79
2025-11-27 12:11:51.281816,1879088108_13322115743,32.74,32,291
2025-11-27 12:11:51.463687,1879091753_1879091756,14.95,13,54
2025-11-27 12:11:51.584269,1879091753_1475295085,36.15,74,743
2025-11-27 12:11:51.831345,1879091755_5898769297,12.95,159,572
2025-11-27 12:11:51.959660,1879091755_1699561405,26.23,84,612
2025-11-27 12:11:52.163073,1879091756_1879091753,16.42,175,798
2025-11-27 12:11:52.347357,1879091756_1879088107,27.3,12,91
2025-11-27 12:11:52.535857,1881927756_2302166519,14.4,4,16
2025-11-27 12:11:52.791216,1881927756_12375164794,43.2,1,12
2025-11-27 12:11:52.971549,1881927757_1881928008,5.64,83,130
2025-11-27 12:11:53.233780,1881927757_1881927759,5.37,61,91
2025-11-27 12:11:53.459874,1881927757_1748294231,2.78,53,41
2025-11-27 12:11:53.617587,1881927759_6687964478,17.08,236,1120
2025-11-27 12:11:53.804167,1881928007_1881928008,24.8,9,62
2025-11-27 12:11:54.017439,1881928007_1221053112,4.11,35,40
2025-11-27 12:11:54.146906,1881928008_1881927757,6.9,12,23
2025-11-27 12:11:54.317000,1881928008_13327548968,20.16,125,700
2025-11-27 12:11:54.492382,1881928278_10203920329,0.0,0,6
2025-11-27 12:11:54.726828,1881928278_6672531385,25.5,12,85
2025-11-27 12:11:54.893898,1881928279_1881928280,6.25,76,132
2025-11-27 12:11:55.116724,1881928279_1220930858,3.6,43,43
2025-11-27 12:11:55.284694,1881928280_6672531385,43.2,1,12
2025-11-27 12:11:55.543808,1881949102_1881949103,19.2,12,64
2025-11-27 12:11:55.745010,1881949102_4539675829,31.08,49,423
2025-11-27 12:11:55.938798,1881949103_1881949102,27.64,68,522
2025-11-27 12:11:56.134207,1881949103_11768052436,30.34,28,236
2025-11-27 12:11:56.382086,1884747787_4538405005,12.6,6,21
2025-11-27 12:11:56.632401,1884747789_1884747787,15.6,15,65
2025-11-27 12:11:56.878095,1884747789_3779255487,4.29,26,31
2025-11-27 12:11:57.135786,1884765798_6658429241,20.32,96,542
2025-11-27 12:11:57.333866,1884765802_1758629824,10.29,7,20
2025-11-27 12:11:57.584014,1884765802_5674347102,10.8,6,18
2025-11-27 12:11:57.711940,1884765806_1495020912,4.89,14,19
2025-11-27 12:11:57.958472,1884765806_1884765798,15.41,224,959
2025-11-27 12:11:58.167399,1884768305_1314209717,18.9,12,63
2025-11-27 12:11:58.364289,1884768305_1314209699,3.6,37,37
2025-11-27 12:11:58.568487,1884769977_6688503847,9.0,6,15
2025-11-27 12:11:58.726236,1884769977_1884769979,25.2,9,63
2025-11-27 12:11:58.925594,1884769979_6644672133,18.55,13,67
2025-11-27 12:11:59.056421,1884776799_445970799,16.86,107,501
2025-11-27 12:11:59.268836,1884776799_5954441639,17.34,152,732
2025-11-27 12:11:59.453697,1887748894_5875603186,20.25,8,45
2025-11-27 12:11:59.588527,1887751321_1312650077,12.9,12,43
2025-11-27 12:11:59.824915,1887751321_2185731481,25.2,8,56
2025-11-27 12:12:00.004322,1897734810_1897734813,11.1,12,37
2025-11-27 12:12:00.176573,1897734810_5710222979,7.14,167,331
2025-11-27 12:12:00.314796,1897734813_1897734810,22.2,6,37
2025-11-27 12:12:00.497406,1897734813_5093497429,15.5,23,99
2025-11-27 12:12:00.759376,1901865134_1901865135,19.2,6,32
2025-11-27 12:12:01.008025,1901865134_5710136485,19.51,31,168
2025-11-27 12:12:01.141814,1901865135_1901865134,21.68,178,1072
2025-11-27 12:12:01.340409,1901865135_5710673956,28.38,43,339
2025-11-27 12:12:01.466340,1904353550_1884776799,17.49,21,102
2025-11-27 12:12:01.653951,1904360482_2174649908,8.8,9,22
2025-11-27 12:12:01.834018,1904360482_106108917,17.04,71,336
2025-11-27 12:12:02.017938,1919720738_6641911209,0.0,0,6
2025-11-27 12:12:02.271248,1919750981_6631796343,25.92,5,36
2025-11-27 12:12:02.472692,1919750981_1919720738,20.7,8,46
2025-11-27 12:12:02.679623,1919751043_1919751060,32.4,2,18
2025-11-27 12:12:02.882413,1919751043_1748294250,12.03,94,314
2025-11-27 12:12:03.077685,1919751060_1954877845,32.4,2,18
2025-11-27 12:12:03.263618,1919751060_1919751043,10.8,6,18
2025-11-27 12:12:03.393324,1954877845_1919750981,26.8,9,67
2025-11-27 12:12:03.651059,2050902820_98031401,7.56,10,21
2025-11-27 12:12:03.853032,2050902820_6662639319,16.2,6,27
2025-11-27 12:12:04.033829,2050902827_445970127,5.2,9,13
2025-11-27 12:12:04.230392,2050902827_2050902836,27.9,16,124
2025-11-27 12:12:04.357074,2050902830_445970096,13.5,4,15
2025-11-27 12:12:04.546339,2050902830_2050902833,25.2,18,126
2025-11-27 12:12:04.729077,2050902832_2050902833,3.34,14,13
2025-11-27 12:12:04.859275,2050902832_445970096,23.8,18,119
2025-11-27 12:12:05.013530,2050902833_2050902827,23.12,19,122
2025-11-27 12:12:05.233381,2050902833_2050902832,6.69,7,13
2025-11-27 12:12:05.502324,2050902835_2050902836,9.6,6,16
2025-11-27 12:12:05.689134,2050902835_445970127,30.86,14,120
2025-11-27 12:12:05.816617,2050902836_2050902835,6.4,9,16
2025-11-27 12:12:06.002138,2050902836_5489009621,27.4,18,137
2025-11-27 12:12:06.191644,2053894358_8237661942,7.2,10,20
2025-11-27 12:12:06.452118,2053894358_2290010720,17.87,114,566
2025-11-27 12:12:06.597362,2084132002_5716649671,27.0,2,15
2025-11-27 12:12:06.840098,2084132003_5718871870,5.85,24,39
2025-11-27 12:12:07.088436,2084132003_5710673979,6.51,68,123
2025-11-27 12:12:07.238359,2084132003_98041849,3.1,36,31
2025-11-27 12:12:07.456446,2174649904_106108917,18.04,82,411
2025-11-27 12:12:07.633664,2174649904_2174649908,21.66,58,349
2025-11-27 12:12:07.851617,2174649908_1904360482,13.14,120,438
2025-11-27 12:12:08.037897,2174649908_4961341864,13.52,49,184
2025-11-27 12:12:08.295441,2175126932_6648227223,23.62,25,164
2025-11-27 12:12:08.505616,2175126939_2175126932,7.29,82,166
2025-11-27 12:12:08.630857,2175126939_444874857,3.92,45,49
2025-11-27 12:12:08.791176,2176926218_446030797,13.9,65,251
2025-11-27 12:12:09.004789,2176926218_6662241095,24.98,16,111
2025-11-27 12:12:09.170508,2176926218_5716616005,14.68,103,420
2025-11-27 12:12:09.365899,2185731222_1314191415,4.17,44,51
2025-11-27 12:12:09.582012,2185731222_436383687,5.31,141,208
2025-11-27 12:12:09.813888,2185731475_2185731477,27.49,11,84
2025-11-27 12:12:10.007668,2185731475_1312650079,7.2,29,58
2025-11-27 12:12:10.194754,2185731477_13327548965,28.8,21,168
2025-11-27 12:12:10.373015,2185731479_2185731481,36.45,8,81
2025-11-27 12:12:10.502793,2185731479_1887751321,4.66,44,57
2025-11-27 12:12:10.749345,2185731481_1879091753,32.12,13,116
2025-11-27 12:12:10.958264,2186671583_2186671586,3.6,9,9
2025-11-27 12:12:11.113601,2186671583_2291073251,4.48,49,61
2025-11-27 12:12:11.253788,2186671584_444398125,6.48,5,9
2025-11-27 12:12:11.449341,2186671584_2186671583,24.6,18,123
2025-11-27 12:12:11.686195,2186671585_2186671584,17.55,16,78
2025-11-27 12:12:11.950164,2186671586_2186671583,6.48,5,9
2025-11-27 12:12:12.109757,2186671586_444398125,16.56,30,138
2025-11-27 12:12:12.242931,2188036136_283139237,11.7,184,598
2025-11-27 12:12:12.371255,2188036136_444875375,5.21,87,126
2025-11-27 12:12:12.554943,2195296719_6644721587,0.0,0,4
2025-11-27 12:12:12.779911,2195296719_438036727,22.0,18,110
2025-11-27 12:12:12.927816,2195296719_309685730,14.77,166,681
2025-11-27 12:12:13.101150,2212544448_1314191436,8.64,5,12
2025-11-27 12:12:13.233447,2212544448_1314185648,21.96,40,244
2025-11-27 12:12:13.422885,2274969534_5828495464,4.91,11,15
2025-11-27 12:12:13.626203,2274969534_5718868836,26.22,46,335
2025-11-27 12:12:13.825849,2289976216_5718868836,24.34,101,683
2025-11-27 12:12:14.028736,2289976216_5828495464,23.98,50,333
2025-11-27 12:12:14.287858,2289997642_2289997644,3.96,10,11
2025-11-27 12:12:14.445496,2289997642_1314203102,11.77,41,134
2025-11-27 12:12:14.574539,2289997644_2289997642,13.2,3,11
2025-11-27 12:12:14.772635,2289997644_2289976216,21.76,23,139
2025-11-27 12:12:15.021553,2290010720_2290010722,7.2,7,14
2025-11-27 12:12:15.169378,2290010720_309595522,8.86,63,155
2025-11-27 12:12:15.340497,2290010722_2290010720,7.2,7,14
2025-11-27 12:12:15.510329,2290010722_8237661942,17.07,120,569
2025-11-27 12:12:15.661436,2291064324_319490613,21.98,19,116
2025-11-27 12:12:15.823330,2291064328_2291064324,15.43,14,60
2025-11-27 12:12:15.966924,2291064328_428673752,3.3,36,33
2025-11-27 12:12:16.216414,2291072469_317366886,7.2,6,12
2025-11-27 12:12:16.477770,2291072469_5710136488,14.68,180,734
2025-11-27 12:12:16.663438,2291072476_5710136485,10.8,6,18
2025-11-27 12:12:16.879759,2291072476_5710136487,23.04,5,32
2025-11-27 12:12:17.019288,2291073251_2291072469,8.8,9,22
2025-11-27 12:12:17.233002,2291073251_2291254030,22.37,42,261
2025-11-27 12:12:17.422703,2291254028_2291254030,12.24,10,34
2025-11-27 12:12:17.561661,2291254028_2291072469,10.18,93,263
2025-11-27 12:12:17.788218,2291254030_2291254028,19.88,207,1143
2025-11-27 12:12:17.919795,2291254030_444501637,25.49,49,347
2025-11-27 12:12:18.060618,2295384939_436388447,6.75,8,15
2025-11-27 12:12:18.276304,2295384939_5721511585,22.83,44,279
2025-11-27 12:12:18.475763,2302164518_2302164519,23.31,105,680
2025-11-27 12:12:18.711807,2302164518_5719031414,23.67,73,480
2025-11-27 12:12:18.864931,2302164519_2302164518,6.8,9,17
2025-11-27 12:12:19.047515,2302164519_12375164797,6.97,79,153
2025-11-27 12:12:19.171277,2302166519_1312645244,8.05,17,38
2025-11-27 12:12:19.304909,2302166519_1475295086,29.3,50,407
2025-11-27 12:12:19.511199,2303337176_1498038039,30.49,32,271
2025-11-27 12:12:19.715404,2326674277_5709923606,43.2,2,24
2025-11-27 12:12:19.870006,2326674277_2326674288,34.65,24,231
2025-11-27 12:12:20.049987,2326674281_5709923603,54.0,1,15
2025-11-27 12:12:20.239254,2326674281_1314191417,34.43,23,220
2025-11-27 12:12:20.416492,2326674288_4539674888,33.8,18,169
2025-11-27 12:12:20.691831,2570960524_12206582473,29.47,70,573
2025-11-27 12:12:20.996032,2584589542_5721511586,27.04,170,1277
2025-11-27 12:12:21.246820,2701058419_5716537675,13.8,48,184
2025-11-27 12:12:21.456181,2701184883_4539682086,20.7,28,161
2025-11-27 12:12:21.643668,3075526390_1919751043,28.8,3,24
2025-11-27 12:12:21.806234,3075526390_1954877845,23.6,9,59
2025-11-27 12:12:22.049975,3075526396_3075526390,24.4,9,61
2025-11-27 12:12:22.193712,3779255487_2701184883,15.81,310,1361
2025-11-27 12:12:22.599031,3779255494_4538405026,26.1,4,29
2025-11-27 12:12:22.728377,4004297090_1878921396,8.53,19,45
2025-11-27 12:12:22.927707,4004297090_1878921405,14.1,24,94
2025-11-27 12:12:23.126638,4025084971_6666128977,37.44,10,104
2025-11-27 12:12:23.336075,4025084971_4538571805,23.14,7,45
2025-11-27 12:12:23.546698,4025115175_5707407583,5.85,16,26
2025-11-27 12:12:23.838846,4025115175_5709996124,16.69,33,153
2025-11-27 12:12:24.037888,4027449781_6621078261,19.64,46,251
2025-11-27 12:12:24.443551,4538404990_13282498392,22.2,6,37
2025-11-27 12:12:24.703669,4538404991_4538405005,23.07,253,1621
2025-11-27 12:12:24.914634,4538404991_1221161727,23.83,518,3429
2025-11-27 12:12:25.161495,4538404998_3779255494,16.08,15,67
2025-11-27 12:12:25.315728,4538404998_1221161730,3.6,43,43
2025-11-27 12:12:25.519967,4538405005_4538405024,22.27,59,365
2025-11-27 12:12:25.697343,4538405006_1884747789,3.74,25,26
2025-11-27 12:12:25.891858,4538405006_2701184883,14.05,363,1417
2025-11-27 12:12:26.096284,4538405017_11700202516,31.55,55,482
2025-11-27 12:12:26.357982,4538405021_4538405024,39.78,78,862
2025-11-27 12:12:26.733146,4538405024_6689058288,32.7,36,327
2025-11-27 12:12:26.913193,4538405026_4538405017,31.36,428,3728
2025-11-27 12:12:27.103698,4538405061_4538404998,21.6,4,24
2025-11-27 12:12:27.346755,4538405061_4106937190,6.52,170,308
2025-11-27 12:12:27.596908,4538405136_11768052437,26.41,83,609
2025-11-27 12:12:27.836323,4538405136_4538405137,29.0,73,588
2025-11-27 12:12:28.073255,4538405137_4540453395,10.16,34,96
2025-11-27 12:12:28.306121,4538571805_5707122780,37.16,190,1961
2025-11-27 12:12:28.473687,4538571805_4539675798,32.73,98,891
2025-11-27 12:12:28.705490,4538571806_4539675798,29.83,7,58
2025-11-27 12:12:28.888350,4538571806_5707122775,21.6,5,30
2025-11-27 12:12:29.057638,4538571818_1314191398,50.4,3,42
2025-11-27 12:12:29.245544,4539132150_4830545884,47.22,95,1246
2025-11-27 12:12:29.404631,4539132150_2326674277,28.67,27,215
2025-11-27 12:12:29.646307,4539132165_5716477055,17.63,39,191
2025-11-27 12:12:29.838249,4539674875_6621426593,28.35,8,63
2025-11-27 12:12:30.016938,4539674875_4539674879,7.85,33,72
2025-11-27 12:12:30.208356,4539674879_1314185677,21.82,16,97
2025-11-27 12:12:30.379179,4539674879_6628818468,23.4,8,52
2025-11-27 12:12:30.609794,4539674883_5716544649,38.67,35,376
2025-11-27 12:12:30.785833,4539674883_12606538099,54.93,97,1480
2025-11-27 12:12:30.921882,4539674888_1849738362,24.12,90,603
2025-11-27 12:12:31.100128,4539674888_3779255475,31.71,172,1515
2025-11-27 12:12:31.317925,4539675798_4538571805,31.82,431,3810
2025-11-27 12:12:31.516976,4539675798_5707122775,19.44,10,54
2025-11-27 12:12:31.729995,4539675798_10159724112,22.8,6,38
2025-11-27 12:12:31.934296,4539675829_444394912,18.31,35,178
2025-11-27 12:12:32.087626,4539682086_1881949103,24.37,65,440
2025-11-27 12:12:32.279174,4539682086_12606538104,23.06,69,442
2025-11-27 12:12:32.490040,4539684490_4539675829,28.8,53,424
2025-11-27 12:12:32.744145,4539684490_3779242655,53.88,92,1377
2025-11-27 12:12:32.931839,4540453369_4540453370,8.1,8,18
2025-11-27 12:12:33.158400,4540453370_4540453369,7.2,9,18
2025-11-27 12:12:33.571764,4540453378_5707271696,27.69,26,200
2025-11-27 12:12:33.844546,4540453393_4540453394,15.43,7,30
2025-11-27 12:12:34.108600,4540453393_10076263977,25.2,3,21
2025-11-27 12:12:34.294839,4540453394_5093497431,21.6,8,48
2025-11-27 12:12:34.504846,4540453394_4540453405,14.01,83,323
2025-11-27 12:12:34.696280,4540453395_4540453396,13.76,17,65
2025-11-27 12:12:34.828368,4540453395_4540453393,5.83,29,47
2025-11-27 12:12:35.015482,4540453396_4540453400,38.08,19,201
2025-11-27 12:12:35.202008,4540453399_10076263973,15.91,112,495
2025-11-27 12:12:35.406596,4540453399_5093497430,24.3,28,189
2025-11-27 12:12:35.612590,4540453400_444501629,12.78,382,1356
2025-11-27 12:12:35.852634,4540453404_10076263978,4.5,12,15
2025-11-27 12:12:36.058008,4540453404_4540453406,12.2,147,498
2025-11-27 12:12:36.238607,4540453405_4542621501,10.47,11,32
2025-11-27 12:12:36.430555,4540453405_10076263979,12.1,127,427
2025-11-27 12:12:36.562503,4540453406_4538405136,27.14,13,98
2025-11-27 12:12:36.839976,4541071715_4541071716,6.0,9,15
2025-11-27 12:12:37.102026,4541071715_6587550955,26.96,51,382
2025-11-27 12:12:37.335677,4541071716_4541071715,27.0,2,15
2025-11-27 12:12:37.487899,4541071716_10965136434,14.03,77,300
2025-11-27 12:12:37.670200,4541105058_5707271706,36.0,2,20
2025-11-27 12:12:37.971993,4541105059_11182265554,24.36,244,1651
2025-11-27 12:12:38.130219,4542621501_4540453393,9.12,15,38
2025-11-27 12:12:38.303093,4542621501_4540453406,24.0,6,40
2025-11-27 12:12:38.481775,4599745018_98027697,11.64,112,362
2025-11-27 12:12:38.733401,4599745018_10130533955,15.43,7,30
2025-11-27 12:12:38.930342,4599745018_7920618648,11.79,239,783
2025-11-27 12:12:39.118999,4600895552_10130533953,17.22,37,177
2025-11-27 12:12:39.321958,4600895552_6617292919,12.78,149,529
2025-11-27 12:12:39.554794,4830545876_6325815718,34.34,13,124
2025-11-27 12:12:39.891045,4830545884_106070559,57.7,37,593
2025-11-27 12:12:40.062015,4830545884_5707122751,39.76,22,243
2025-11-27 12:12:40.318771,4930425700_4930425704,33.26,25,231
2025-11-27 12:12:40.649974,4930425704_4025084971,38.4,3,32
2025-11-27 12:12:40.835405,4930438606_4830545876,52.2,2,29
2025-11-27 12:12:41.036722,4961341856_1497544719,10.03,107,298
2025-11-27 12:12:41.237033,4961341856_5707161154,18.9,12,63
2025-11-27 12:12:41.417214,4961341859_4961341860,8.7,134,324
2025-11-27 12:12:41.609303,4961341859_6661055809,5.58,20,31
2025-11-27 12:12:41.821035,4961341860_4961341865,6.96,15,29
2025-11-27 12:12:41.987965,4961341864_4961341859,7.2,12,24
2025-11-27 12:12:42.258569,4961341864_6685236291,25.2,23,161
2025-11-27 12:12:42.610524,4961341865_1904360482,19.96,33,183
2025-11-27 12:12:42.812107,5093497426_10076263973,27.45,24,183
2025-11-27 12:12:43.059845,5093497429_4540453405,6.84,20,38
2025-11-27 12:12:43.261017,5093497430_10076263976,3.32,26,24
2025-11-27 12:12:43.407668,5093497430_5093497431,24.84,10,69
2025-11-27 12:12:43.580778,5093497431_1897734810,17.81,19,94
2025-11-27 12:12:43.707554,5206119178_283139237,21.08,90,527
2025-11-27 12:12:43.862594,5206119178_420456683,19.88,203,1121
2025-11-27 12:12:44.056062,5485653490_5875623873,24.0,3,20
2025-11-27 12:12:44.499624,5485722628_6606566488,18.77,206,1074
2025-11-27 12:12:44.680700,5485722628_8341509537,20.97,69,402
2025-11-27 12:12:44.887719,5485722628_6610228314,8.31,26,60
2025-11-27 12:12:45.076488,5489009621_6677147310,18.72,5,26
2025-11-27 12:12:45.273631,5489009621_6677147301,19.94,26,144
2025-11-27 12:12:45.456947,5598303159_13282511305,0.0,0,5
2025-11-27 12:12:45.668408,5598303159_13282511304,35.27,79,774
2025-11-27 12:12:45.920391,5641890821_5641890822,22.81,212,1343
2025-11-27 12:12:46.121350,5641890821_6661487945,20.37,176,996
2025-11-27 12:12:46.325474,5641890822_5641890821,22.0,9,55
2025-11-27 12:12:46.512915,5641890822_5641890823,28.99,19,153
2025-11-27 12:12:46.713079,5641890823_10087376960,19.37,21,113
2025-11-27 12:12:46.890579,5641890823_11700202517,19.8,6,33
2025-11-27 12:12:47.087135,5645750065_9970440452,17.82,20,99
2025-11-27 12:12:47.218317,5645750065_9970440452,17.82,20,99
2025-11-27 12:12:47.425281,5674347102_1758629824,9.77,7,19
2025-11-27 12:12:47.589358,5674347102_7920618648,4.27,495,587
2025-11-27 12:12:47.799634,5683715143_1494041345,10.14,38,107
2025-11-27 12:12:48.002237,5683792676_1314209698,16.45,156,713
2025-11-27 12:12:48.183076,5683792676_98026475,21.6,8,48
2025-11-27 12:12:48.408892,5686426699_7985603148,35.2,9,88
2025-11-27 12:12:48.591466,5686449780_6688471376,27.6,9,69
2025-11-27 12:12:48.743155,5706891499_5706896622,22.63,129,811
2025-11-27 12:12:48.869480,5706891499_9980229913,22.71,13,82
2025-11-27 12:12:49.011439,5706896622_5706891499,12.86,7,25
2025-11-27 12:12:49.150076,5706896622_1497544738,9.75,55,149
2025-11-27 12:12:49.347074,5707122750_6677687648,31.37,364,3172
2025-11-27 12:12:49.542769,5707122750_1699561412,31.46,23,201
2025-11-27 12:12:49.738112,5707122751_6677687648,64.8,1,18
2025-11-27 12:12:49.878858,5707122775_10159724112,28.8,176,1408
2025-11-27 12:12:50.120625,5707122779_4538571806,35.82,20,199
2025-11-27 12:12:50.305626,5707122782_6677687639,30.37,23,194
2025-11-27 12:12:50.503699,5707161151_81806535,5.76,25,40
2025-11-27 12:12:50.633900,5707161153_1497544738,11.15,93,288
2025-11-27 12:12:50.774982,5707161153_5707161163,11.24,99,309
2025-11-27 12:12:50.899931,5707161153_1497544749,18.0,7,35
2025-11-27 12:12:51.092263,5707161154_8231491411,22.2,12,74
2025-11-27 12:12:51.286205,5707161162_1904353550,6.33,54,95
2025-11-27 12:12:51.481821,5707161162_1497544719,4.53,31,39
2025-11-27 12:12:51.613889,5707161163_5707161154,28.4,9,71
2025-11-27 12:12:51.756867,5707161163_4961341856,11.04,148,454
2025-11-27 12:12:52.021060,5707262958_6685466405,13.44,15,56
2025-11-27 12:12:52.145796,5707271696_4541105058,31.61,59,518
2025-11-27 12:12:52.344364,5707271700_5707271696,28.8,5,40
2025-11-27 12:12:52.543973,5707271703_5707271704,26.59,83,613
2025-11-27 12:12:52.672098,5707271703_4540453369,28.71,38,303
2025-11-27 12:12:52.902162,5707271704_5707271705,16.39,29,132
2025-11-27 12:12:53.039230,5707271705_4541105059,27.6,3,23
2025-11-27 12:12:53.250689,5707271705_12725862785,26.56,161,1188
2025-11-27 12:12:53.410265,5707271706_5707271705,24.59,129,881
2025-11-27 12:12:53.622589,5707271706_5707271703,27.95,17,132
2025-11-27 12:12:53.832341,5707407583_5707407590,22.8,3,19
2025-11-27 12:12:54.037247,5707407590_5707407591,7.2,7,14
2025-11-27 12:12:54.229922,5707407590_6670444529,25.12,48,335
2025-11-27 12:12:54.436530,5707407591_4025115175,9.45,8,21
2025-11-27 12:12:54.619542,5707407591_6685434573,23.33,27,175
2025-11-27 12:12:54.810510,5707647467_5707647500,24.54,212,1445
2025-11-27 12:12:54.943360,5707647467_12206582473,29.7,32,264
2025-11-27 12:12:55.088529,5707647500_5707647467,16.4,9,41
2025-11-27 12:12:55.269376,5707647500_6658364083,34.8,3,29
2025-11-27 12:12:55.474730,5707679597_11201648616,13.44,15,56
2025-11-27 12:12:55.652442,5709923601_1314185648,31.2,6,52
2025-11-27 12:12:55.907833,5709923602_1314191417,32.4,8,72
2025-11-27 12:12:56.090188,5709923603_5709923602,10.42,178,515
2025-11-27 12:12:56.274579,5709923603_6621357115,19.54,7,38
2025-11-27 12:12:56.430213,5709923606_1314185653,35.1,20,195
2025-11-27 12:12:56.609406,5709923606_6628818478,27.42,13,99
2025-11-27 12:12:56.803851,5709996124_5709996125,3.09,14,12
2025-11-27 12:12:56.949346,5709996124_448838032,4.29,209,249
2025-11-27 12:12:57.133168,5709996125_5709996124,5.4,8,12
2025-11-27 12:12:57.293220,5709996125_5707407583,11.57,47,151
2025-11-27 12:12:57.545881,5710098650_5716807750,15.0,6,25
2025-11-27 12:12:57.729183,5710098650_5717115613,34.14,29,275
2025-11-27 12:12:57.902278,5710136485_317778303,23.4,2,13
2025-11-27 12:12:58.049720,5710136487_1901865135,19.01,25,132
2025-11-27 12:12:58.218461,5710136488_5710136487,25.2,7,49
2025-11-27 12:12:58.363626,5710136488_2291072476,3.7,35,36
2025-11-27 12:12:58.576674,5710222979_2212544448,6.67,89,165
2025-11-27 12:12:58.824695,5710222986_5710222979,19.54,68,369
2025-11-27 12:12:58.953336,5710222986_3779255475,52.55,97,1416
2025-11-27 12:12:59.116878,5710222987_12606538099,27.52,59,451
2025-11-27 12:12:59.396314,5710222987_1897734813,23.22,420,2709
2025-11-27 12:12:59.611928,5710231827_1887748894,23.4,2,13
2025-11-27 12:12:59.797762,5710538391_5710538395,27.77,7,54
2025-11-27 12:13:00.021591,5710538391_11111175326,22.11,7,43
2025-11-27 12:13:00.197967,5710538395_5710691038,13.37,7,26
2025-11-27 12:13:00.368359,5710538395_5710691056,23.8,18,119
2025-11-27 12:13:00.564368,5710565212_5828999543,19.65,35,191
2025-11-27 12:13:00.785221,5710673956_5716670119,32.4,5,45
2025-11-27 12:13:00.980200,5710673956_2084132003,10.68,62,184
2025-11-27 12:13:01.130391,5710673974_5710673979,13.68,10,38
2025-11-27 12:13:01.288680,5710673974_98041257,6.09,13,22
2025-11-27 12:13:01.510509,5710673974_1748294274,17.7,121,595
2025-11-27 12:13:01.719261,5710673979_5710673992,30.6,22,187
2025-11-27 12:13:01.863037,5710673992_106078638,27.36,5,38
2025-11-27 12:13:01.998982,5710691038_5710538391,8.5,25,59
2025-11-27 12:13:02.177947,5710691038_5710691043,28.59,17,135
2025-11-27 12:13:02.407590,5710691044_5710691043,32.85,16,146
2025-11-27 12:13:02.795021,5710691045_5710538395,7.08,62,122
2025-11-27 12:13:03.038178,5710691045_5710691056,33.05,22,202
2025-11-27 12:13:03.216497,5710691056_8462966000,29.52,5,41
2025-11-27 12:13:03.460967,5716241016_5716241017,22.95,8,51
2025-11-27 12:13:03.619101,5716241017_1881928278,22.17,172,1059
2025-11-27 12:13:03.870011,5716408768_1494035973,5.35,37,55
2025-11-27 12:13:04.074505,5716408768_6659134177,18.29,518,2632
2025-11-27 12:13:04.319019,5716408772_6659134177,22.11,7,43
2025-11-27 12:13:04.594298,5716477055_1495030950,23.4,46,299
2025-11-27 12:13:04.801899,5716477056_5716477055,8.74,14,34
2025-11-27 12:13:04.981646,5716477056_4539132150,16.63,42,194
2025-11-27 12:13:05.156595,5716537675_4538404990,9.09,19,48
2025-11-27 12:13:05.416882,5716537675_4538404991,13.05,8,29
2025-11-27 12:13:05.552935,5716537702_3779255494,19.8,8,44
2025-11-27 12:13:05.712291,5716537702_1221161730,7.96,19,42
2025-11-27 12:13:05.865598,5716544649_2326674281,34.94,17,165
2025-11-27 12:13:06.143323,5716616005_2176926218,13.12,115,419
2025-11-27 12:13:06.348478,5716649671_5716670117,28.98,320,2576
2025-11-27 12:13:06.569424,5716670117_5718916301,29.59,32,263
2025-11-27 12:13:06.764685,5716670118_5716670117,32.49,199,1796
2025-11-27 12:13:06.919878,5716670118_5716670119,36.38,47,475
2025-11-27 12:13:07.123705,5716670119_5710673992,16.91,240,1127
2025-11-27 12:13:07.303341,5716670119_5716670118,27.98,140,1088
2025-11-27 12:13:07.481073,5716670621_5716670118,24.86,148,1022
2025-11-27 12:13:07.867542,5716670628_2084132002,9.43,21,55
2025-11-27 12:13:08.042789,5716670628_98041851,19.91,204,1128
2025-11-27 12:13:08.250305,5716807749_5717115613,27.9,72,558
2025-11-27 12:13:08.444000,5716807749_5716807750,34.26,29,276
2025-11-27 12:13:08.636836,5716807750_5710098650,25.16,187,1307
2025-11-27 12:13:08.812133,5716807750_6684737819,25.88,133,956
2025-11-27 12:13:09.004114,5717115613_5716807749,20.16,5,28
2025-11-27 12:13:09.152881,5717115613_4540453378,30.6,14,119
2025-11-27 12:13:09.311542,5718868836_2289976216,6.4,9,16
2025-11-27 12:13:09.446244,5718868836_2289997642,21.45,24,143
2025-11-27 12:13:09.614459,5718871870_283139229,14.31,196,779
2025-11-27 12:13:09.745303,5718871870_98041849,2.7,28,21
2025-11-27 12:13:09.992475,5718886024_1748294257,11.16,40,124
2025-11-27 12:13:10.175980,5718916274_5718916294,9.02,103,258
2025-11-27 12:13:10.442113,5718916274_10296445823,4.2,6,7
2025-11-27 12:13:10.626611,5718916291_12816414547,16.92,10,47
2025-11-27 12:13:10.775634,5718916291_98035472,6.34,21,37
2025-11-27 12:13:10.995178,5718916292_6650876736,12.72,324,1145
2025-11-27 12:13:11.173654,5718916292_12816414542,4.5,8,10
2025-11-27 12:13:11.351955,5718916293_5718916294,18.0,1,5
2025-11-27 12:13:11.491201,5718916294_98042270,23.44,47,306
2025-11-27 12:13:11.700823,5718916301_5718916302,11.45,271,862
2025-11-27 12:13:11.828061,5718916301_5718916291,7.42,16,33
2025-11-27 12:13:11.991662,5718916302_5718916301,7.48,13,27
2025-11-27 12:13:12.212943,5718916302_5716670621,28.91,33,265
2025-11-27 12:13:12.426674,5718946093_1748294274,6.0,18,30
2025-11-27 12:13:12.674042,5719031413_5719031414,16.97,7,33
2025-11-27 12:13:12.814418,5719031413_2302164519,21.33,81,480
2025-11-27 12:13:13.023131,5719031414_5719031413,26.3,75,548
2025-11-27 12:13:13.167550,5719031414_3075526396,26.77,23,171
2025-11-27 12:13:13.378581,5719125659_6648096524,33.3,4,37
2025-11-27 12:13:13.593522,5719125659_1758170772,23.27,69,446
2025-11-27 12:13:13.791245,5721511585_2584589542,40.32,5,56
2025-11-27 12:13:13.919212,5721511586_436388447,22.58,44,276
2025-11-27 12:13:14.083129,5828495464_2274969534,9.0,6,15
2025-11-27 12:13:14.230927,5828495464_5719125659,28.97,21,169
2025-11-27 12:13:14.424286,5828999542_5828999543,20.82,115,665
2025-11-27 12:13:14.582210,5828999542_1495025257,21.6,32,192
2025-11-27 12:13:14.723865,5828999543_5828999542,9.9,8,22
2025-11-27 12:13:14.930124,5828999543_6648227222,13.62,46,174
2025-11-27 12:13:15.219802,5831399053_6603014206,25.04,357,2483
2025-11-27 12:13:15.382744,5831399053_1494041374,34.8,66,638
2025-11-27 12:13:15.551920,5875603186_5645750065,24.09,13,87
2025-11-27 12:13:15.706706,5875603186_5206119178,21.18,69,406
2025-11-27 12:13:15.892307,5875623873_6677147301,18.0,5,25
2025-11-27 12:13:16.100623,5875623873_6677147310,17.15,17,81
2025-11-27 12:13:16.228585,5898769297_2185731475,31.68,15,132
2025-11-27 12:13:16.417665,5954441639_5954441640,3.6,8,8
2025-11-27 12:13:16.694000,5954441639_6659134171,27.0,14,105
2025-11-27 12:13:16.896579,5954441640_5954441639,1.92,15,8
2025-11-27 12:13:17.101363,5954441640_11201648616,19.2,63,336
2025-11-27 12:13:17.260583,5962836764_6325815718,44.5,61,754
2025-11-27 12:13:17.455488,5962836764_1314185585,40.07,23,256
2025-11-27 12:13:17.662684,6044465949_2701058419,17.87,86,427
2025-11-27 12:13:17.803707,6044465949_12606538104,16.55,303,1393
2025-11-27 12:13:18.007016,6325815718_6325815720,54.0,2,30
2025-11-27 12:13:18.163945,6325815720_4930438606,10.61,285,840
2025-11-27 12:13:18.318083,6325815720_2185731222,9.99,62,172
2025-11-27 12:13:18.485898,6405794494_6659134172,19.51,277,1501
2025-11-27 12:13:18.670363,6413551907_8341509537,25.2,2,14
2025-11-27 12:13:18.886272,6413551907_8341509535,17.49,14,68
2025-11-27 12:13:19.148320,6441639163_6689057478,26.88,30,224
2025-11-27 12:13:19.291823,6587550954_6587550955,11.7,4,13
2025-11-27 12:13:19.458503,6587550954_4541071716,29.74,46,380
2025-11-27 12:13:19.591953,6587550955_6587550954,3.34,14,13
2025-11-27 12:13:19.805371,6587550955_420456615,7.27,55,111
2025-11-27 12:13:20.205230,6600206282_13282498396,20.16,192,1075
2025-11-27 12:13:20.333774,6600206282_5598303159,25.39,19,134
2025-11-27 12:13:20.713590,6600206283_2701058419,24.38,44,298
2025-11-27 12:13:20.909489,6601012241_6688570393,28.8,2,16
2025-11-27 12:13:21.118385,6601012241_6441639163,24.22,11,74
2025-11-27 12:13:21.327456,6603014206_10682258584,25.63,101,719
2025-11-27 12:13:21.518344,6603014206_6603014207,30.6,6,51
2025-11-27 12:13:21.720102,6603014207_6659072491,13.89,7,27
2025-11-27 12:13:21.987504,6603014207_6659072492,46.8,1,13
2025-11-27 12:13:22.182514,6606566485_10682258584,17.72,13,64
2025-11-27 12:13:22.368900,6606566485_6606566487,43.2,1,12
2025-11-27 12:13:22.585014,6606566485_1758651218,23.33,83,538
2025-11-27 12:13:22.868626,6606566487_6610228314,18.46,197,1010
2025-11-27 12:13:23.004805,6606566487_6606566485,21.6,2,12
2025-11-27 12:13:23.144922,6606566488_6606566487,18.0,12,60
2025-11-27 12:13:23.359098,6606566488_10682258584,24.0,3,20
2025-11-27 12:13:23.508757,6606566488_5485722628,18.68,207,1074
2025-11-27 12:13:23.743140,6610228314_10743484787,20.06,68,379
2025-11-27 12:13:23.976209,6610228314_6606566487,19.04,191,1010
2025-11-27 12:13:24.114138,6610228314_5485722628,7.32,29,59
2025-11-27 12:13:24.328699,6610574244_6659072491,19.25,26,139
2025-11-27 12:13:24.489489,6610574244_1758651218,22.05,16,98
2025-11-27 12:13:24.743779,6617292919_4600895552,17.72,52,256
2025-11-27 12:13:24.944451,6617292919_7985603136,3.6,40,40
2025-11-27 12:13:25.176961,6621078250_6621078251,11.7,4,13
2025-11-27 12:13:25.377006,6621078250_6621078260,31.35,31,270
2025-11-27 12:13:25.504830,6621078251_6621078250,7.8,6,13
2025-11-27 12:13:25.643052,6621078251_420456595,33.3,32,296
2025-11-27 12:13:25.982446,6621078260_2303337176,18.38,48,245
2025-11-27 12:13:26.142457,6621078261_6621078260,27.92,74,574
2025-11-27 12:13:26.366061,6621078261_420456583,27.69,26,200
2025-11-27 12:13:26.505255,6621357112_1314185653,36.0,3,30
2025-11-27 12:13:26.675858,6621357115_1314191420,5.31,40,59
2025-11-27 12:13:26.816841,6621357115_6621357112,17.76,15,74
2025-11-27 12:13:26.994134,6621426593_1314191414,32.4,2,18
2025-11-27 12:13:27.133651,6621426601_6621426593,10.02,138,384
2025-11-27 12:13:27.281821,6621426601_4539674879,4.44,43,53
2025-11-27 12:13:27.434644,6628818468_5709923601,27.6,9,69
2025-11-27 12:13:27.561860,6628818478_1314185677,3.52,47,46
2025-11-27 12:13:27.744173,6628818478_6628818468,7.97,154,341
2025-11-27 12:13:27.873609,6631796343_1692627215,31.2,3,26
2025-11-27 12:13:28.037820,6641911209_5719031413,30.0,21,175
2025-11-27 12:13:28.190072,6641911209_3075526396,22.5,8,50
2025-11-27 12:13:28.347440,6644672133_6644672135,19.02,53,280
2025-11-27 12:13:28.624105,6644672133_1884768305,9.97,26,72
2025-11-27 12:13:28.771260,6644672135_6644672133,15.04,67,280
2025-11-27 12:13:29.022655,6644672135_106111364,20.66,23,132
2025-11-27 12:13:29.181638,6644721587_2195296719,22.45,38,237
2025-11-27 12:13:29.383767,6644721587_11107112929,20.7,8,46
2025-11-27 12:13:29.577705,6647118933_2290010722,14.09,35,137
2025-11-27 12:13:29.791345,6647145130_8598733283,6.48,15,27
2025-11-27 12:13:30.043769,6647145130_5701309369,10.67,28,83
2025-11-27 12:13:30.258322,6648096523_1758170763,4.5,16,20
2025-11-27 12:13:30.430942,6648096523_1613087628,5.76,20,32
2025-11-27 12:13:30.563594,6648096524_6648096525,31.63,28,246
2025-11-27 12:13:30.766214,6648096524_12024836052,18.74,137,713
2025-11-27 12:13:30.895632,6648096525_6648096524,32.8,27,246
2025-11-27 12:13:31.093564,6648096525_5710565212,27.9,4,31
2025-11-27 12:13:31.283239,6648227219_2291254028,23.0,54,345
2025-11-27 12:13:31.425009,6648227221_6648227219,23.4,4,26
2025-11-27 12:13:31.620059,6648227221_6648227224,32.61,51,462
2025-11-27 12:13:31.823886,6648227222_6648227224,34.8,3,29
2025-11-27 12:13:32.016280,6648227222_2175126939,14.31,41,163
2025-11-27 12:13:32.143206,6648227223_5828999542,15.19,41,173
2025-11-27 12:13:32.268831,6648227224_6648227223,27.0,4,30
2025-11-27 12:13:32.391568,6648227224_6648227221,31.38,53,462
2025-11-27 12:13:32.545473,6650810650_444874859,8.86,39,96
2025-11-27 12:13:32.730570,6650810650_1613087620,5.28,15,22
2025-11-27 12:13:32.860107,6650876736_5718916292,5.65,225,353
2025-11-27 12:13:33.045589,6650876736_6650876740,9.21,627,1604
2025-11-27 12:13:33.230488,6650876740_6650876736,9.05,78,196
2025-11-27 12:13:33.365699,6650876740_634709500,16.9,301,1413
2025-11-27 12:13:33.497552,6650982900_6650982901,23.69,162,1066
2025-11-27 12:13:33.668206,6650982900_6648227219,25.35,24,169
2025-11-27 12:13:33.885312,6650982901_6650982900,7.14,56,111
2025-11-27 12:13:34.019419,6650982901_444875375,4.6,36,46
2025-11-27 12:13:34.201951,6651770209_6651770210,5.17,16,23
2025-11-27 12:13:34.362902,6651770209_444875374,10.0,198,550
2025-11-27 12:13:34.504172,6651770210_6651770209,9.7,348,938
2025-11-27 12:13:34.699261,6651770210_5716670628,5.96,241,399
2025-11-27 12:13:34.910429,6658429241_10130533935,24.3,160,1080
2025-11-27 12:13:35.152883,6658429241_11014094287,19.54,28,152
2025-11-27 12:13:35.284974,6659072489_5710231827,19.01,32,169
2025-11-27 12:13:35.528299,6659072490_6659072489,7.36,22,45
2025-11-27 12:13:35.663154,6659072490_1878921405,22.8,18,114
2025-11-27 12:13:35.789825,6659072491_6659072492,21.6,6,36
2025-11-27 12:13:35.919703,6659072491_6610574244,21.76,23,139
2025-11-27 12:13:36.052261,6659072492_6659072490,29.49,21,172
2025-11-27 12:13:36.212036,6659134171_1758633112,18.37,97,495
2025-11-27 12:13:36.408803,6659134171_1884769977,25.75,13,93
2025-11-27 12:13:36.546267,6659134172_5954441640,25.2,15,105
2025-11-27 12:13:36.750789,6659134174_5716408768,12.29,70,239
2025-11-27 12:13:36.934751,6659134177_1314209716,18.0,17,85
2025-11-27 12:13:37.074010,6661055809_2050902820,28.8,1,8
2025-11-27 12:13:37.285218,6661055810_6661055809,5.4,92,138
2025-11-27 12:13:37.418307,6661055810_4961341860,4.41,31,38
2025-11-27 12:13:37.610775,6661055813_6662639319,9.36,15,39
2025-11-27 12:13:37.798730,6661487944_6661487945,19.26,131,701
2025-11-27 12:13:37.978415,6661487944_5641890822,24.48,146,993
2025-11-27 12:13:38.141617,6661487945_6661487944,19.08,10,53
2025-11-27 12:13:38.379903,6661487945_12908782868,23.49,21,137
2025-11-27 12:13:38.623886,6662241086_6662241087,20.0,9,50
2025-11-27 12:13:38.836064,6662241086_4025115175,14.99,238,991
2025-11-27 12:13:38.975530,6662241087_6662241086,15.62,103,447
2025-11-27 12:13:39.167284,6662241087_6662241094,14.6,89,361
2025-11-27 12:13:39.303343,6662241094_6662241095,12.92,68,244
2025-11-27 12:13:39.437721,6662241094_446030797,9.04,43,108
2025-11-27 12:13:39.589171,6662241095_6662241094,13.89,7,27
2025-11-27 12:13:39.733085,6662241095_6662241086,16.22,81,365
2025-11-27 12:13:39.860241,6662639319_2050902830,19.8,16,88
2025-11-27 12:13:39.986205,6666128977_5962836764,61.2,1,17
2025-11-27 12:13:40.236619,6666479030_8598733283,0.0,0,4
2025-11-27 12:13:40.367424,6670444529_6670444530,25.8,78,559
2025-11-27 12:13:40.504351,6670444529_420456683,25.4,18,127
2025-11-27 12:13:40.646045,6670444530_6670444529,3.18,17,15
2025-11-27 12:13:40.828605,6670444530_12513272960,32.74,21,191
2025-11-27 12:13:40.979483,6672531385_12872373346,19.85,39,215
2025-11-27 12:13:41.162904,6677147301_5489009621,16.56,5,23
2025-11-27 12:13:41.380897,6677147301_2050902835,22.58,22,138
2025-11-27 12:13:41.718379,6677300866_309685730,11.79,127,416
2025-11-27 12:13:41.850420,6677300866_6677364041,16.36,11,50
2025-11-27 12:13:42.046381,6677338241_98026475,14.59,37,150
2025-11-27 12:13:42.267163,6677338241_1314209698,18.72,10,52
2025-11-27 12:13:42.398346,6677364041_2295384939,21.6,9,54
2025-11-27 12:13:42.543633,6677687639_5707122750,18.4,9,46
2025-11-27 12:13:42.697358,6677687639_4538571818,32.22,432,3866
2025-11-27 12:13:42.839111,6677687648_1314191405,0.0,0,10
2025-11-27 12:13:42.985567,6677687648_5707122750,25.71,7,50
2025-11-27 12:13:43.256958,6677895172_1494041352,16.12,489,2189
2025-11-27 12:13:43.385550,6677895172_1494041351,26.26,17,124
2025-11-27 12:13:43.521750,6677895176_1494041352,26.1,4,29
2025-11-27 12:13:43.673970,6677895176_1494041351,20.1,149,832
2025-11-27 12:13:43.834300,6684737819_4540453404,22.84,29,184
2025-11-27 12:13:44.195548,6685236291_6685236292,18.96,71,374
2025-11-27 12:13:44.571662,6685236292_6685236291,10.0,9,25
2025-11-27 12:13:44.759202,6685236292_4961341859,10.73,55,164
2025-11-27 12:13:44.969083,6685434573_6662241087,24.87,11,76
2025-11-27 12:13:45.306613,6687964478_5716241017,17.2,9,43
2025-11-27 12:13:45.498230,6688471376_5686449780,11.77,304,994
2025-11-27 12:13:45.679287,6688471376_7920618647,7.65,136,289
2025-11-27 12:13:45.962648,6688490814_6647145130,2.59,50,36
2025-11-27 12:13:46.116599,6688490814_5485653490,25.09,32,223
2025-11-27 12:13:46.252662,6688503842_6405794494,24.0,3,20
2025-11-27 12:13:46.411430,6688503847_1758631175,11.2,9,28
2025-11-27 12:13:46.556700,6688503847_6688503842,10.25,13,37
2025-11-27 12:13:46.732313,6688570392_6441639163,21.6,3,18
2025-11-27 12:13:47.105263,6688570393_6688570397,31.64,38,334
2025-11-27 12:13:47.368919,6688570397_6688570401,17.64,10,49
2025-11-27 12:13:47.571109,6688570397_12600043488,30.24,5,42
2025-11-27 12:13:47.704683,6688570401_6688570392,27.08,44,331
2025-11-27 12:13:47.963107,6689057478_6689057484,27.0,4,30
2025-11-27 12:13:48.241742,6689057478_6689057482,11.78,11,36
2025-11-27 12:13:48.365740,6689057482_6601012241,31.71,26,229
2025-11-27 12:13:48.733512,6689058288_6689057482,32.4,2,18
2025-11-27 12:13:48.868378,6689058288_6689057484,26.8,9,67
2025-11-27 12:13:49.167010,7920618640_5683715143,12.67,133,468
2025-11-27 12:13:49.376357,7920618640_5683715143,12.67,133,468
2025-11-27 12:13:49.511127,7920618647_4599745018,15.0,6,25
2025-11-27 12:13:49.699541,7920618647_7920618648,2.13,66,39
2025-11-27 12:13:49.826513,7920618648_5674347102,4.89,432,587
2025-11-27 12:13:50.011649,7920618648_10130533955,9.9,16,44
2025-11-27 12:13:50.153074,7920618648_4599745018,12.32,225,770
2025-11-27 12:13:50.275514,7985603136_98027697,18.6,6,31
2025-11-27 12:13:50.420601,7985603136_10130533953,16.69,295,1368
2025-11-27 12:13:50.547961,7985603138_5686449780,26.62,38,281
2025-11-27 12:13:50.722853,7985603147_7985603148,15.55,474,2047
2025-11-27 12:13:51.070869,7985603148_7985603147,29.48,16,131
2025-11-27 12:13:51.197029,7985603148_6617292919,19.87,25,138
2025-11-27 12:13:51.451110,8231491408_8231491411,9.93,133,367
2025-11-27 12:13:51.650807,8231491408_5707161162,20.75,17,98
2025-11-27 12:13:51.805295,8231491411_8231491408,4.73,16,21
2025-11-27 12:13:52.059469,8231491411_6685236292,24.13,27,181
2025-11-27 12:13:52.265368,8237661942_2053894358,5.54,13,20
2025-11-27 12:13:52.454284,8237661942_308728680,15.96,67,297
2025-11-27 12:13:52.694858,8242664547_11107112958,17.86,431,2138
2025-11-27 12:13:52.873045,8242664547_12174413404,25.2,8,56
2025-11-27 12:13:53.109047,8242664547_12559133535,17.61,421,2059
2025-11-27 12:13:53.287571,8295729267_3779242655,45.1,36,451
2025-11-27 12:13:53.420535,8295729267_6600206282,24.1,49,328
2025-11-27 12:13:53.625617,8341509535_10743484787,25.2,2,14
2025-11-27 12:13:53.768102,8341509537_5485722628,20.97,69,402
2025-11-27 12:13:53.910981,8341509537_6413551907,25.2,2,14
2025-11-27 12:13:54.093491,8462967636_5710691044,27.0,2,15
2025-11-27 12:13:54.216873,8598733283_6666479030,14.4,1,4
2025-11-27 12:13:54.343429,8598733283_6688490814,21.6,11,66
2025-11-27 12:13:54.543988,8823455179_6661055810,12.32,463,1584
2025-11-27 12:13:54.751651,8823455180_8823455179,9.2,9,23
2025-11-27 12:13:54.872652,8823455180_98031401,5.26,13,19
2025-11-27 12:13:55.044285,8921282801_10202001781,8.66,32,77
2025-11-27 12:13:55.232625,9576908879_1314203096,10.38,17,49
2025-11-27 12:13:55.431243,9970440452_12484632695,25.6,18,128
2025-11-27 12:13:55.558102,9980229913_1497544764,22.88,101,642
2025-11-27 12:13:55.750336,9980229913_7301485388,24.64,45,308
2025-11-27 12:13:55.882154,10076263973_5710098650,28.47,121,957
2025-11-27 12:13:56.065619,10076263976_10076263977,9.97,52,144
2025-11-27 12:13:56.211565,10076263976_4540453394,12.0,129,430
2025-11-27 12:13:56.451369,10076263977_4540453396,30.6,2,17
2025-11-27 12:13:56.603701,10076263978_10076263979,2.57,35,25
2025-11-27 12:13:56.731043,10076263978_4542621501,9.0,8,20
2025-11-27 12:13:56.892262,10076263979_5093497426,27.0,2,15
2025-11-27 12:13:57.122860,10087376960_5641890823,18.72,10,52
2025-11-27 12:13:57.253829,10087376960_5641890821,32.19,17,152
2025-11-27 12:13:57.428788,10100966682_12513272960,15.73,168,734
2025-11-27 12:13:57.581851,10100966682_6685434573,15.0,72,300
2025-11-27 12:13:57.719535,10130533935_1495023340,13.75,435,1662
2025-11-27 12:13:57.851776,10130533953_4600895552,13.11,167,608
2025-11-27 12:13:57.980713,10130533953_7985603138,11.91,13,43
2025-11-27 12:13:58.109941,10130533953_98027697,3.41,37,35
2025-11-27 12:13:58.234131,10130533955_7985603147,21.37,31,184
2025-11-27 12:13:58.434305,10151536198_2570960524,23.06,42,269
2025-11-27 12:13:58.616540,10159724112_6666128977,54.0,1,15
2025-11-27 12:13:58.759276,10180671333_420522002,32.4,6,54
2025-11-27 12:13:58.960427,10180671333_98041254,6.22,22,38
2025-11-27 12:13:59.096814,10202001781_1881927757,20.19,84,471
2025-11-27 12:13:59.266712,10203920310_1881928279,25.2,2,14
2025-11-27 12:13:59.453968,10203920310_5718886024,19.54,14,76
2025-11-27 12:13:59.587820,10203920324_10203920325,14.4,3,12
2025-11-27 12:13:59.714919,10203920324_1881928007,0.0,11,0
2025-11-27 12:13:59.894677,10203920325_5718886024,10.8,1,3
2025-11-27 12:14:00.058485,10203920328_1881927759,0.0,0,0
2025-11-27 12:14:00.201417,10203920329_10203920328,17.6,63,308
2025-11-27 12:14:00.327391,10203920329_1219243636,5.46,31,47
2025-11-27 12:14:00.582127,10296445822_10997686363,21.55,205,1227
2025-11-27 12:14:00.788230,10296445822_10296445824,16.39,600,2731
2025-11-27 12:14:00.955765,10296445822_309816683,16.45,590,2696
2025-11-27 12:14:01.112367,10296445823_309816683,6.69,21,39
2025-11-27 12:14:01.249772,10296445823_10296445822,4.59,40,51
2025-11-27 12:14:01.458076,10296445824_5718916302,18.0,7,35
2025-11-27 12:14:01.634280,10542328776_6685605986,18.51,7,36
2025-11-27 12:14:01.765340,10542328776_1748294274,5.57,31,48
2025-11-27 12:14:01.946903,10542328776_13023100784,20.35,95,537
2025-11-27 12:14:02.131416,10682258584_6603014206,23.97,108,719
2025-11-27 12:14:02.253849,10682258584_6606566488,24.0,3,20
2025-11-27 12:14:02.380997,10743484787_8341509535,25.2,2,14
2025-11-27 12:14:02.580341,10743484787_6610228314,18.19,75,379
2025-11-27 12:14:02.715266,10743484787_8341509537,16.71,14,65
2025-11-27 12:14:02.925991,10965136434_420456595,8.4,6,14
2025-11-27 12:14:03.047592,10965136434_6621078250,30.75,35,299
2025-11-27 12:14:03.211270,10997686363_10296445822,13.16,404,1477
2025-11-27 12:14:03.474671,11014094287_11014094288,10.8,39,117
2025-11-27 12:14:03.676227,11014094287_1884765802,14.38,200,799
2025-11-27 12:14:03.799399,11014094288_11014094287,10.32,15,43
2025-11-27 12:14:03.927601,11014094288_1495023340,10.13,54,152
2025-11-27 12:14:04.083768,11107112919_438036727,21.6,10,60
2025-11-27 12:14:04.217495,11107112919_12559133535,30.6,2,17
2025-11-27 12:14:04.401544,11107112923_10997686363,29.52,5,41
2025-11-27 12:14:04.611283,11107112923_11107112927,27.26,7,53
2025-11-27 12:14:04.782967,11107112927_11107112935,21.6,5,30
2025-11-27 12:14:05.027182,11107112935_11107112929,20.4,9,51
2025-11-27 12:14:05.236983,11107112935_6644721587,17.5,428,2081
2025-11-27 12:14:05.401704,11107112958_8242664547,19.38,157,845
2025-11-27 12:14:05.584326,11111175323_11111175326,27.26,7,53
2025-11-27 12:14:05.762003,11111175326_6600206283,31.04,122,1052
2025-11-27 12:14:05.886671,11182265554_4540453378,21.42,40,238
2025-11-27 12:14:06.150648,11201648616_445970799,14.55,98,396
2025-11-27 12:14:06.404006,11209721500_11209721504,18.33,11,56
2025-11-27 12:14:06.616479,11209721504_13322115744,38.95,44,476
2025-11-27 12:14:06.754084,11700202516_11700202517,21.42,20,119
2025-11-27 12:14:06.936884,11700202516_10087376960,29.7,4,33
2025-11-27 12:14:07.062622,11700202517_11700202516,15.05,11,46
2025-11-27 12:14:07.188178,11700202517_4538405021,29.65,59,486
2025-11-27 12:14:07.375186,11768052436_4538405137,27.6,3,23
2025-11-27 12:14:07.524294,11768052436_11768052437,13.8,12,46
2025-11-27 12:14:07.666069,11768052437_1881949102,33.23,26,240
2025-11-27 12:14:07.863339,11950483412_1884765806,4.11,21,24
2025-11-27 12:14:07.991603,11950483412_11950483417,4.45,38,47
2025-11-27 12:14:08.178368,11950483417_1314209717,18.0,2,10
2025-11-27 12:14:08.304305,12024836052_2274969534,22.85,26,165
2025-11-27 12:14:08.511662,12174413404_8242664547,17.36,419,2020
2025-11-27 12:14:08.656943,12206582473_2570960524,21.86,151,917
2025-11-27 12:14:08.787565,12206582473_6661487944,29.24,57,463
2025-11-27 12:14:08.965616,12357580642_12357580645,10.44,20,58
2025-11-27 12:14:09.103794,12357580642_421080868,5.1,24,34
2025-11-27 12:14:09.240078,12357580645_1497544736,10.8,11,33
2025-11-27 12:14:09.414994,12375164794_12768097335,11.7,4,13
2025-11-27 12:14:09.653458,12375164795_12375164794,9.88,39,107
2025-11-27 12:14:09.828442,12375164795_2302166519,0.0,0,7
2025-11-27 12:14:10.066584,12375164797_12375164798,8.61,46,110
2025-11-27 12:14:10.228226,12375164798_2302164518,23.01,23,147
2025-11-27 12:14:10.408882,12484632695_12484632696,26.18,59,429
2025-11-27 12:14:10.594687,12484632695_12600043494,26.84,22,164
2025-11-27 12:14:10.744947,12484632696_5831399053,30.89,31,266
2025-11-27 12:14:10.876054,12513272960_10100966682,46.8,1,13
2025-11-27 12:14:11.013809,12513272960_5707407591,8.38,64,149
2025-11-27 12:14:11.147523,12559133535_11107112958,30.4,9,76
2025-11-27 12:14:11.279710,12559133535_8242664547,23.23,31,200
2025-11-27 12:14:11.454890,12600043488_12484632696,28.97,21,169
2025-11-27 12:14:11.591617,12600043494_6688570401,22.05,8,49
2025-11-27 12:14:11.779897,12600043494_12600043488,24.69,14,96
2025-11-27 12:14:11.999744,12606538099_4539684490,38.57,42,450
2025-11-27 12:14:12.168484,12606538104_5710222986,15.9,122,539
2025-11-27 12:14:12.343355,12725862784_4541105059,22.2,192,1184
2025-11-27 12:14:12.494005,12725862785_12725862784,18.9,4,21
2025-11-27 12:14:12.637229,12725862785_10151536198,25.71,7,50
2025-11-27 12:14:12.864133,12768097332_1881927756,6.0,12,20
2025-11-27 12:14:12.997559,12768097332_12768097335,7.71,21,45
2025-11-27 12:14:13.128854,12816414542_5718916293,21.2,9,53
2025-11-27 12:14:13.317083,12816414542_98035472,6.99,119,231
2025-11-27 12:14:13.464410,12816414547_5718916292,10.08,5,14
2025-11-27 12:14:13.639238,12872373345_12872373346,7.2,10,20
2025-11-27 12:14:13.829835,12872373345_10203920310,18.9,40,210
2025-11-27 12:14:13.953100,12872373346_12872373345,12.0,6,20
2025-11-27 12:14:14.074117,12872373346_1219243660,13.42,11,41
2025-11-27 12:14:14.293477,12908782868_10151536198,25.2,8,56
2025-11-27 12:14:14.478109,12908782868_12725862784,30.0,6,50
2025-11-27 12:14:14.672357,13023100784_10542328776,17.11,113,537
2025-11-27 12:14:14.824328,13023100784_13023100793,0.0,3,0
2025-11-27 12:14:14.964060,13023100793_13023100794,0.0,0,1
2025-11-27 12:14:15.194106,13023100793_420456583,16.13,162,726
2025-11-27 12:14:15.323575,13023100794_442993523,17.56,74,361
2025-11-27 12:14:15.466164,13023100794_13023100784,0.0,0,1
2025-11-27 12:14:15.648634,13206202825_4538405017,34.03,95,898
2025-11-27 12:14:15.838065,13206202825_4538405006,28.15,50,391
2025-11-27 12:14:16.020043,13282498392_8295729267,27.68,16,123
2025-11-27 12:14:16.206222,13282498392_13282498396,36.57,44,447
2025-11-27 12:14:16.386591,13282498396_6600206282,19.95,192,1064
2025-11-27 12:14:16.594162,13282498396_6600206283,10.58,16,47
2025-11-27 12:14:16.764178,13282498396_13282511305,25.39,19,134
2025-11-27 12:14:16.893427,13282511304_5710691045,36.51,7,71
2025-11-27 12:14:17.048145,13282511305_5598303159,0.0,0,5
2025-11-27 12:14:17.207462,13282511305_13282511304,35.06,80,779
2025-11-27 12:14:17.371545,13322115743_13322115744,26.27,145,1058
2025-11-27 12:14:17.502071,13322115743_5707262958,26.2,65,473
2025-11-27 12:14:17.683312,13322115744_13322115743,19.27,153,819
2025-11-27 12:14:17.931041,13322115744_1879088106,32.86,31,283
2025-11-27 12:14:18.095668,13327548965_13327548966,34.2,2,19
2025-11-27 12:14:18.225027,13327548966_10202001781,15.13,54,227
2025-11-27 12:14:18.356186,13327548966_13327548968,16.45,86,393
2025-11-27 12:14:18.519027,13327548967_2185731479,24.48,25,170
2025-11-27 12:14:18.691981,13327548967_13327548965,15.23,135,571
2025-11-27 12:14:18.885878,13327548968_13327548967,17.28,5,24
2025-11-27 12:16:01.239464,81805393_11950483412,4.5,12,15
2025-11-27 12:16:01.388615,81805393_1884765798,13.9,240,927
2025-11-27 12:16:01.578689,81806535_1497544749,15.2,9,38
2025-11-27 12:16:01.731268,81806535_5707161153,8.97,116,289
2025-11-27 12:16:01.903399,98026475_6677338241,17.4,127,614
2025-11-27 12:16:02.062955,98027697_4599745018,9.3,12,31
2025-11-27 12:16:02.222884,98027697_7985603138,18.51,7,36
2025-11-27 12:16:02.384661,98027697_10130533953,14.83,175,721
2025-11-27 12:16:02.545191,98031401_6661055810,0.0,13,0
2025-11-27 12:16:02.720818,98031401_8823455179,11.43,86,273
2025-11-27 12:16:02.870333,98035472_309816683,11.81,220,722
2025-11-27 12:16:03.080485,98035472_12816414547,11.84,273,898
2025-11-27 12:16:03.224532,98035472_5718916293,16.4,9,41
2025-11-27 12:16:03.393386,98041254_420456615,11.7,4,13
2025-11-27 12:16:03.540433,98041254_420522002,24.48,5,34
2025-11-27 12:16:03.697098,98041257_98041849,8.7,12,29
2025-11-27 12:16:03.839463,98041257_5710673974,15.84,5,22
2025-11-27 12:16:03.971003,98041257_5710673979,32.4,3,27
2025-11-27 12:16:04.100423,98041849_98041257,9.49,11,29
2025-11-27 12:16:04.237497,98041849_5718871870,18.9,4,21
2025-11-27 12:16:04.385989,98041849_733429120,5.57,42,65
2025-11-27 12:16:04.541448,98041851_98041254,22.57,167,1047
2025-11-27 12:16:04.726472,98041851_2084132002,27.36,5,38
2025-11-27 12:16:04.885152,98042270_309816682,16.6,134,618
2025-11-27 12:16:05.096813,98042270_6677300866,18.37,58,296
2025-11-27 12:16:05.310378,106078638_6587651051,36.0,5,50
2025-11-27 12:16:05.505045,106078638_442990465,22.5,8,50
2025-11-27 12:16:05.704706,106108917_2174649904,8.78,16,39
2025-11-27 12:16:05.843828,106108917_2176926218,23.87,89,590
2025-11-27 12:16:06.021598,106111364_6644672135,21.77,21,127
2025-11-27 12:16:06.170627,106111364_446030797,15.46,217,932
2025-11-27 12:16:06.313882,283139229_444875375,8.0,9,20
2025-11-27 12:16:06.476389,283139229_5718871870,17.75,158,779
2025-11-27 12:16:06.608427,283139229_6650982900,27.0,6,45
2025-11-27 12:16:06.815361,283139237_5206119178,18.78,101,527
2025-11-27 12:16:06.950519,283139237_2188036136,20.9,36,209
2025-11-27 12:16:07.150400,308728680_1314203102,7.65,8,17
2025-11-27 12:16:07.305082,308728680_310729950,12.21,256,868
2025-11-27 12:16:07.455736,308728680_2289997644,18.58,25,129
2025-11-27 12:16:07.599506,309595522_6666479030,10.44,10,29
2025-11-27 12:16:07.718281,309685730_6677300866,13.05,8,29
2025-11-27 12:16:07.853450,309685730_2195296719,16.45,149,681
2025-11-27 12:16:08.002391,309685730_309816682,18.87,58,304
2025-11-27 12:16:08.121318,309816682_98042270,7.2,13,26
2025-11-27 12:16:08.259413,309816682_5718916274,10.08,110,308
2025-11-27 12:16:08.404929,309816683_98035472,9.64,62,166
2025-11-27 12:16:08.571692,309816683_10296445822,10.92,297,901
2025-11-27 12:16:08.754170,309816683_10296445824,14.0,9,35
2025-11-27 12:16:08.899116,310729950_6677364041,10.17,23,65
2025-11-27 12:16:09.095201,310729950_6677300866,4.53,31,39
2025-11-27 12:16:09.245607,317366886_444501629,5.04,15,21
2025-11-27 12:16:09.381533,317366886_4540453399,18.85,148,775
2025-11-27 12:16:09.502383,317778303_427847910,7.2,10,20
2025-11-27 12:16:09.643348,317778303_5716477056,30.65,39,332
2025-11-27 12:16:09.893749,319490613_1104490487,23.64,141,926
2025-11-27 12:16:10.035229,420456583_6621078251,29.45,11,90
2025-11-27 12:16:10.168581,420456583_13023100793,16.29,19,86
2025-11-27 12:16:10.304742,420456595_10965136434,2.52,20,14
2025-11-27 12:16:10.445555,420456595_4541071715,13.29,81,299
2025-11-27 12:16:10.633522,420456615_733429120,18.0,6,30
2025-11-27 12:16:10.765537,420456615_98041257,8.61,28,67
2025-11-27 12:16:10.888467,420456683_5710231827,11.96,170,565
2025-11-27 12:16:11.031717,420456683_5206119178,15.04,17,71
2025-11-27 12:16:11.160119,420456683_1878932244,26.72,19,141
2025-11-27 12:16:11.380760,420457653_11107112923,27.69,39,300
2025-11-27 12:16:11.526042,420460217_1878921396,21.69,268,1615
2025-11-27 12:16:11.730684,420460217_4004297090,3.38,80,75
2025-11-27 12:16:11.894687,420522002_6587550954,26.64,10,74
2025-11-27 12:16:12.101997,421080868_4961341856,9.6,12,32
2025-11-27 12:16:12.295867,421080868_12357580645,14.19,104,410
2025-11-27 12:16:12.422088,427847910_2291072476,13.5,4,15
2025-11-27 12:16:12.589018,427847910_1495030951,18.51,7,36
2025-11-27 12:16:12.752545,428673752_421080868,12.99,87,314
2025-11-27 12:16:12.878543,428673752_2291064324,16.36,11,50
2025-11-27 12:16:13.009065,436383687_5710222987,30.13,19,159
2025-11-27 12:16:13.140496,436388447_2295384939,5.4,10,15
2025-11-27 12:16:13.313116,436388447_309685730,8.81,38,93
2025-11-27 12:16:13.470715,442990465_106078638,17.27,89,427
2025-11-27 12:16:13.608114,442990465_6687964478,12.47,198,686
2025-11-27 12:16:13.736569,442990465_6587651051,18.6,6,31
2025-11-27 12:16:13.864378,442993523_13023100794,18.57,70,361
2025-11-27 12:16:14.055948,444394912_2701184883,15.97,309,1371
2025-11-27 12:16:14.187359,444394912_4538405026,27.26,14,106
2025-11-27 12:16:14.313298,444394912_5716537702,4.91,44,60
2025-11-27 12:16:14.438431,444398125_444393381,16.63,21,97
2025-11-27 12:16:14.579518,444398125_2186671584,4.63,7,9
2025-11-27 12:16:14.716296,444501629_2291073251,9.26,7,18
2025-11-27 12:16:14.848636,444501629_2186671586,11.58,23,74
2025-11-27 12:16:14.999295,444501637_6648227221,46.8,2,26
2025-11-27 12:16:15.123059,444501637_6650982901,24.62,25,171
2025-11-27 12:16:15.256181,444874857_444875374,7.65,8,17
2025-11-27 12:16:15.466117,444874857_6651770210,28.17,46,360
2025-11-27 12:16:15.597351,444874859_6650810650,20.74,117,674
2025-11-27 12:16:15.731173,444874859_5710565212,25.2,19,133
2025-11-27 12:16:15.889676,444875109_448838032,9.26,7,18
2025-11-27 12:16:16.092205,444875109_5709996125,11.67,136,441
2025-11-27 12:16:16.220894,444875130_1613087628,14.4,5,20
2025-11-27 12:16:16.431040,444875130_1758170763,22.32,5,31
2025-11-27 12:16:16.563825,444875374_444875109,13.04,45,163
2025-11-27 12:16:16.750376,444875374_283139229,18.77,14,73
2025-11-27 12:16:16.881392,444875375_283139229,7.2,10,20
2025-11-27 12:16:17.022624,444875375_444875109,12.17,21,71
2025-11-27 12:16:17.150549,444875375_2188036136,19.8,122,671
2025-11-27 12:16:17.277109,445970096_2050902830,13.5,4,15
2025-11-27 12:16:17.412774,445970096_8823455180,10.22,31,88
2025-11-27 12:16:17.543206,445970127_2050902827,11.7,4,13
2025-11-27 12:16:17.668587,445970127_2050902832,25.2,17,119
2025-11-27 12:16:17.819110,445970799_1884776799,14.28,156,619
2025-11-27 12:16:17.974682,445970799_2291064328,15.81,23,101
2025-11-27 12:16:18.117364,446030797_2176926218,13.37,7,26
2025-11-27 12:16:18.334721,446030797_2174649904,19.66,106,579
2025-11-27 12:16:18.469433,446030797_106111364,16.8,51,238
2025-11-27 12:16:18.601725,448838032_444874857,9.77,7,19
2025-11-27 12:16:18.742039,448838032_2175126932,22.5,8,50
2025-11-27 12:16:18.897053,634709500_1613087622,16.7,321,1489
2025-11-27 12:16:19.056814,634709500_6650876740,22.02,17,104
2025-11-27 12:16:19.249313,733429120_98041851,10.2,6,17
2025-11-27 12:16:19.463549,733429120_6651770209,34.64,45,433
2025-11-27 12:16:19.618983,1104490487_319490613,9.26,7,18
2025-11-27 12:16:19.842407,1104490487_12357580642,21.91,177,1077
2025-11-27 12:16:19.970700,1219243636_1220930858,12.96,5,18
2025-11-27 12:16:20.151345,1219243636_1881928280,21.6,7,42
2025-11-27 12:16:20.337828,1219243660_12872373346,10.54,14,41
2025-11-27 12:16:20.466482,1220930858_1221053112,5.6,9,14
2025-11-27 12:16:20.667053,1220930858_10203920325,23.14,7,45
2025-11-27 12:16:20.856954,1220930867_12872373345,12.74,13,46
2025-11-27 12:16:21.049511,1221053112_1748294231,10.8,6,18
2025-11-27 12:16:21.234863,1221053112_1881928008,30.96,5,43
2025-11-27 12:16:21.424905,1221161727_1884747787,18.0,6,30
2025-11-27 12:16:21.583009,1221161727_3779255487,22.23,250,1544
2025-11-27 12:16:21.720057,1221161730_4106937190,19.8,12,66
2025-11-27 12:16:21.879825,1221161730_1221161727,6.93,27,52
2025-11-27 12:16:22.026940,1312645244_1691398148,11.7,4,13
2025-11-27 12:16:22.214550,1312645244_12375164798,19.8,2,11
2025-11-27 12:16:22.341086,1312650077_1838584736,17.1,4,19
2025-11-27 12:16:22.480579,1312650077_1879088108,18.22,183,926
2025-11-27 12:16:22.621967,1312650079_1887751321,18.0,4,20
2025-11-27 12:16:22.771758,1312650079_2185731477,26.55,8,59
2025-11-27 12:16:22.960694,1314185585_4539132165,44.04,103,1260
2025-11-27 12:16:23.152303,1314185648_4539132165,26.19,29,211
2025-11-27 12:16:23.289405,1314185653_2326674288,43.2,1,12
2025-11-27 12:16:23.439270,1314185677_1314191420,24.45,169,1148
2025-11-27 12:16:23.642009,1314185677_6621357112,29.48,142,1163
2025-11-27 12:16:23.858482,1314191398_106070559,32.66,445,4037
2025-11-27 12:16:23.995718,1314191405_5707122750,32.29,430,3857
2025-11-27 12:16:24.174590,1314191405_4538571818,40.2,6,67
2025-11-27 12:16:24.306281,1314191414_436383687,24.48,5,34
2025-11-27 12:16:24.429096,1314191415_1314191414,8.15,72,163
2025-11-27 12:16:24.559942,1314191415_4539674875,4.17,70,81
2025-11-27 12:16:24.691795,1314191417_4930438606,39.6,14,154
2025-11-27 12:16:24.812047,1314191420_4539674875,9.88,39,107
2025-11-27 12:16:24.971494,1314191420_5709923602,11.12,135,417
2025-11-27 12:16:25.119545,1314191436_6621426601,6.25,19,33
2025-11-27 12:16:25.302757,1314191436_5709923601,26.4,24,176
2025-11-27 12:16:25.447255,1314203096_2053894358,21.33,40,237
2025-11-27 12:16:25.583884,1314203102_308728680,16.65,133,615
2025-11-27 12:16:25.771164,1314203102_1314203096,17.02,11,52
2025-11-27 12:16:25.955281,1314209691_1495020912,14.84,140,577
2025-11-27 12:16:26.089963,1314209691_6405794494,8.95,33,82
2025-11-27 12:16:26.242868,1314209698_1884765802,12.96,5,18
2025-11-27 12:16:26.396939,1314209698_11014094288,24.0,6,40
2025-11-27 12:16:26.606563,1314209699_11950483417,18.6,6,31
2025-11-27 12:16:26.753259,1314209699_1884765806,13.97,227,881
2025-11-27 12:16:26.949121,1314209716_6677895172,28.8,28,224
2025-11-27 12:16:27.154904,1314209716_1887748894,23.04,227,1453
2025-11-27 12:16:27.287013,1314209717_6659134174,23.62,16,105
2025-11-27 12:16:27.552637,1475295085_1312645244,19.39,75,404
2025-11-27 12:16:27.732722,1475295086_1475295085,25.84,322,2311
2025-11-27 12:16:27.855136,1475295086_1879091756,34.7,80,771
2025-11-27 12:16:27.988521,1494041345_6677895176,20.16,5,28
2025-11-27 12:16:28.142297,1494041345_4004297090,7.57,49,103
2025-11-27 12:16:28.388882,1494041351_1494041366,31.54,21,184
2025-11-27 12:16:28.541294,1494041352_1494041374,29.05,29,234
2025-11-27 12:16:28.709395,1494041366_1878932244,20.49,97,552
2025-11-27 12:16:28.838018,1494041366_6670444530,25.29,38,267
2025-11-27 12:16:28.989378,1494041374_1758633098,15.39,91,389
2025-11-27 12:16:29.116991,1495020912_1758631175,12.86,7,25
2025-11-27 12:16:29.236901,1495020912_6688503842,16.8,6,28
2025-11-27 12:16:29.362116,1495022225_634709500,20.7,4,23
2025-11-27 12:16:29.580053,1495023340_1314209691,16.28,119,538
2025-11-27 12:16:29.704916,1495025257_6648096525,37.2,3,31
2025-11-27 12:16:29.962854,1495025257_6650810650,20.1,24,134
2025-11-27 12:16:30.091241,1495030950_1495030951,19.44,10,54
2025-11-27 12:16:30.216771,1495030950_427847910,7.4,18,37
2025-11-27 12:16:30.349121,1495030951_317366886,13.19,200,733
2025-11-27 12:16:30.470899,1497544719_428673752,6.17,21,36
2025-11-27 12:16:30.612599,1497544719_1904353550,9.16,22,56
2025-11-27 12:16:30.751379,1497544736_5707161153,15.6,6,26
2025-11-27 12:16:30.899862,1497544736_5707161151,13.33,27,100
2025-11-27 12:16:31.029248,1497544738_5707161163,10.8,7,21
2025-11-27 12:16:31.216989,1497544749_5706891499,19.37,21,113
2025-11-27 12:16:31.348659,1497544764_9980229913,19.1,36,191
2025-11-27 12:16:31.775497,1497544796_5704011299,22.71,198,1249
2025-11-27 12:16:31.966489,1497544796_1497544764,26.31,42,307
2025-11-27 12:16:32.126270,1498038039_420457653,8.53,54,128
2025-11-27 12:16:32.246456,1498111685_10180671333,9.0,6,15
2025-11-27 12:16:32.374080,1498111685_5716649671,12.74,13,46
2025-11-27 12:16:32.520266,1613087620_444875130,7.8,6,13
2025-11-27 12:16:32.718024,1613087620_5716616005,12.92,17,61
2025-11-27 12:16:32.891376,1613087622_1613087620,18.6,139,718
2025-11-27 12:16:33.124858,1613087628_1613087622,12.24,5,17
2025-11-27 12:16:33.331491,1613087628_1495022225,20.7,8,46
2025-11-27 12:16:33.565778,1692627215_6631796343,24.39,40,271
2025-11-27 12:16:33.709835,1692627215_1919720738,23.76,5,33
2025-11-27 12:16:33.869741,1699561405_1849738362,6.66,20,37
2025-11-27 12:16:34.028597,1699561405_5716544649,33.44,715,6642
2025-11-27 12:16:34.155306,1748294231_1219243636,6.3,8,14
2025-11-27 12:16:34.279293,1748294231_10203920328,21.15,8,47
2025-11-27 12:16:34.406426,1748294250_1748294257,8.4,6,14
2025-11-27 12:16:34.550664,1748294250_10203920324,20.19,23,129
2025-11-27 12:16:34.671353,1748294257_1748294250,8.4,6,14
2025-11-27 12:16:35.114115,1748294274_10542328776,4.32,40,48
2025-11-27 12:16:35.404092,1758170772_6648096523,8.4,6,14
2025-11-27 12:16:35.532725,1758170772_1495022225,9.36,35,91
2025-11-27 12:16:35.892877,1758631175_1314209699,15.3,4,17
2025-11-27 12:16:36.015187,1758631175_1884769979,18.0,8,40
2025-11-27 12:16:36.135799,1758633098_1758633108,27.6,3,23
2025-11-27 12:16:36.344485,1758633098_81805393,18.84,288,1507
2025-11-27 12:16:36.468596,1758633108_6659134174,31.2,3,26
2025-11-27 12:16:36.666837,1758633108_1758633112,22.71,81,511
2025-11-27 12:16:36.801515,1758633112_6659134172,18.9,223,1171
2025-11-27 12:16:37.013006,1758633112_1758633108,28.57,32,254
2025-11-27 12:16:37.159004,1758651218_6610574244,21.39,17,101
2025-11-27 12:16:37.283655,1758651218_6606566485,23.06,84,538
2025-11-27 12:16:37.465541,1838584736_1312650079,12.6,14,49
2025-11-27 12:16:37.593344,1838584736_1879088105,24.0,12,80
2025-11-27 12:16:37.794643,1849738362_1699561405,3.7,36,37
2025-11-27 12:16:37.938922,1849738362_5898769297,38.17,58,615
2025-11-27 12:16:38.070708,1878921396_6659072489,9.0,2,5
2025-11-27 12:16:38.203169,1878921403_5686426699,33.6,51,476
2025-11-27 12:16:38.342974,1878921403_5686426699,33.6,51,476
2025-11-27 12:16:38.471759,1878921405_1878921403,19.08,20,106
2025-11-27 12:16:38.619656,1878932244_1494041366,12.86,7,25
2025-11-27 12:16:38.752111,1878932244_420460217,6.83,97,184
2025-11-27 12:16:38.921888,1879088105_1879091755,29.31,14,114
2025-11-27 12:16:39.080750,1879088106_1879088105,25.43,16,113
2025-11-27 12:16:39.221638,1879088106_1838584736,12.84,155,553
2025-11-27 12:16:39.441361,1879088107_1879088108,23.85,16,106
2025-11-27 12:16:39.575431,1879088107_1312650077,7.9,36,79
2025-11-27 12:16:39.855327,1879091753_1879091756,16.2,12,54
2025-11-27 12:16:40.053262,1879091753_1475295085,37.15,72,743
2025-11-27 12:16:40.197846,1879091755_5898769297,13.37,154,572
2025-11-27 12:16:40.327380,1879091755_1699561405,26.87,82,612
2025-11-27 12:16:40.549190,1879091756_1879091753,17.1,168,798
2025-11-27 12:16:40.685993,1879091756_1879088107,27.3,12,91
2025-11-27 12:16:40.829213,1881927756_2302166519,14.4,4,16
2025-11-27 12:16:40.973716,1881927756_12375164794,43.2,1,12
2025-11-27 12:16:41.171092,1881927757_1881928008,6.59,71,130
2025-11-27 12:16:41.376317,1881927757_1881927759,6.42,51,91
2025-11-27 12:16:41.591739,1881927757_1748294231,3.51,42,41
2025-11-27 12:16:41.750262,1881927759_6687964478,17.92,225,1120
2025-11-27 12:16:41.960982,1881928007_1881928008,27.9,8,62
2025-11-27 12:16:42.155253,1881928007_1221053112,4.65,31,40
2025-11-27 12:16:42.290010,1881928008_1881927757,8.28,10,23
2025-11-27 12:16:42.427503,1881928008_13327548968,20.66,122,700
2025-11-27 12:16:42.563552,1881928278_10203920329,0.0,0,6
2025-11-27 12:16:42.695811,1881928278_6672531385,30.6,10,85
2025-11-27 12:16:42.916523,1881928279_1881928280,6.34,75,132
2025-11-27 12:16:43.054674,1881928279_1220930858,3.52,44,43
2025-11-27 12:16:43.209037,1881928280_6672531385,43.2,1,12
2025-11-27 12:16:43.426942,1881949102_1881949103,20.95,11,64
2025-11-27 12:16:43.589931,1881949102_4539675829,31.73,48,423
2025-11-27 12:16:43.746865,1881949103_1881949102,27.64,68,522
2025-11-27 12:16:43.904482,1881949103_11768052436,31.47,27,236
2025-11-27 12:16:44.173541,1884747787_4538405005,15.12,5,21
2025-11-27 12:16:44.371838,1884747789_1884747787,15.6,15,65
2025-11-27 12:16:44.497554,1884747789_3779255487,4.85,23,31
2025-11-27 12:16:44.701001,1884765798_6658429241,20.12,97,542
2025-11-27 12:16:44.889692,1884765802_1758629824,10.29,7,20
2025-11-27 12:16:45.015176,1884765802_5674347102,10.8,6,18
2025-11-27 12:16:45.162006,1884765806_1495020912,4.56,15,19
2025-11-27 12:16:45.305419,1884765806_1884765798,15.14,228,959
2025-11-27 12:16:45.435678,1884768305_1314209717,20.62,11,63
2025-11-27 12:16:45.580714,1884768305_1314209699,4.44,30,37
2025-11-27 12:16:45.784082,1884769977_6688503847,7.71,7,15
2025-11-27 12:16:45.909711,1884769977_1884769979,25.2,9,63
2025-11-27 12:16:46.319706,1884776799_5954441639,18.05,146,732
2025-11-27 12:16:46.532172,1887748894_5875603186,20.25,8,45
2025-11-27 12:16:46.806636,1887751321_2185731481,25.2,8,56
2025-11-27 12:16:46.996568,1897734810_1897734813,14.8,9,37
2025-11-27 12:16:47.116598,1897734810_5710222979,5.84,204,331
2025-11-27 12:16:47.254171,1897734813_1897734810,19.03,7,37
2025-11-27 12:16:47.579359,1901865134_1901865135,19.2,6,32
2025-11-27 12:16:47.700139,1901865134_5710136485,20.16,30,168
2025-11-27 12:16:48.017445,1901865135_5710673956,27.74,44,339
2025-11-27 12:16:48.164358,1904353550_1884776799,16.69,22,102
2025-11-27 12:16:48.496122,1904360482_106108917,16.13,75,336
2025-11-27 12:16:48.753170,1919750981_6631796343,25.92,5,36
2025-11-27 12:16:48.878739,1919750981_1919720738,20.7,8,46
2025-11-27 12:16:49.007795,1919751043_1919751060,32.4,2,18
2025-11-27 12:16:49.293377,1919751060_1954877845,21.6,3,18
2025-11-27 12:16:49.444011,1919751060_1919751043,10.8,6,18
2025-11-27 12:16:49.588946,1954877845_1919750981,26.8,9,67
2025-11-27 12:16:49.714845,2050902820_98031401,8.4,9,21
2025-11-27 12:16:49.853904,2050902820_6662639319,16.2,6,27
2025-11-27 12:16:49.981837,2050902827_445970127,5.2,9,13
2025-11-27 12:16:50.265807,2050902830_445970096,13.5,4,15
2025-11-27 12:16:50.428749,2050902830_2050902833,25.2,18,126
2025-11-27 12:16:50.624339,2050902832_2050902833,3.34,14,13
2025-11-27 12:16:50.758202,2050902832_445970096,24.2,18,121
2025-11-27 12:16:50.883516,2050902833_2050902827,23.12,19,122
2025-11-27 12:16:51.006654,2050902833_2050902832,6.69,7,13
2025-11-27 12:16:51.132655,2050902835_2050902836,9.6,6,16
2025-11-27 12:16:51.439080,2050902836_2050902835,4.8,12,16
2025-11-27 12:16:51.560475,2050902836_5489009621,27.4,18,137
2025-11-27 12:16:51.679873,2053894358_8237661942,9.0,8,20
2025-11-27 12:16:51.812663,2053894358_2290010720,18.87,108,566
2025-11-27 12:16:52.062894,2084132002_5716649671,27.0,2,15
2025-11-27 12:16:52.199228,2084132003_5718871870,7.39,19,39
2025-11-27 12:16:52.458520,2084132003_98041849,3.72,30,31
2025-11-27 12:16:52.607238,2174649904_106108917,18.27,81,411
2025-11-27 12:16:52.748925,2174649904_2174649908,20.26,62,349
2025-11-27 12:16:53.027754,2174649908_4961341864,14.4,46,184
2025-11-27 12:16:53.293680,2175126939_2175126932,7.56,79,166
2025-11-27 12:16:53.448686,2175126939_444874857,4.1,43,49
2025-11-27 12:16:53.573544,2176926218_446030797,14.57,62,251
2025-11-27 12:16:53.887839,2176926218_5716616005,15.43,98,420
2025-11-27 12:16:54.026949,2185731222_1314191415,3.28,56,51
2025-11-27 12:16:54.167789,2185731222_436383687,6.04,124,208
2025-11-27 12:16:54.312325,2185731475_2185731477,30.24,10,84
2025-11-27 12:16:54.438731,2185731475_1312650079,7.46,28,58
2025-11-27 12:16:54.803044,2185731479_2185731481,32.4,9,81
2025-11-27 12:16:54.932953,2185731479_1887751321,4.77,43,57
2025-11-27 12:16:55.131301,2185731481_1879091753,32.12,13,116
2025-11-27 12:16:55.277778,2186671583_2186671586,3.6,9,9
2025-11-27 12:16:55.427786,2186671583_2291073251,4.58,48,61
2025-11-27 12:16:55.546796,2186671584_444398125,6.48,5,9
2025-11-27 12:16:55.707853,2186671584_2186671583,21.09,21,123
2025-11-27 12:16:55.832886,2186671585_2186671584,17.55,16,78
2025-11-27 12:16:56.002852,2186671586_2186671583,6.48,5,9
2025-11-27 12:16:56.203990,2186671586_444398125,16.56,30,138
2025-11-27 12:16:56.358088,2188036136_283139237,12.44,173,598
2025-11-27 12:16:56.483298,2188036136_444875375,5.67,80,126
2025-11-27 12:16:56.612224,2195296719_6644721587,0.0,0,4
2025-11-27 12:16:56.810821,2195296719_438036727,19.8,20,110
2025-11-27 12:16:56.944457,2195296719_309685730,13.93,176,681
2025-11-27 12:16:57.090996,2212544448_1314191436,7.2,6,12
2025-11-27 12:16:57.218023,2212544448_1314185648,21.96,40,244
2025-11-27 12:16:57.348105,2274969534_5828495464,4.5,12,15
2025-11-27 12:16:57.650725,2289976216_5718868836,24.59,100,683
2025-11-27 12:16:57.982352,2289997642_2289997644,4.4,9,11
2025-11-27 12:16:58.228173,2289997644_2289997642,13.2,3,11
2025-11-27 12:16:58.418765,2289997644_2289976216,25.02,20,139
2025-11-27 12:16:58.543422,2290010720_2290010722,6.3,8,14
2025-11-27 12:16:58.692599,2290010720_309595522,9.46,59,155
2025-11-27 12:16:58.828468,2290010722_2290010720,6.3,8,14
2025-11-27 12:16:59.014554,2290010722_8237661942,17.66,116,569
2025-11-27 12:16:59.209634,2291064324_319490613,21.98,19,116
2025-11-27 12:16:59.340427,2291064328_2291064324,18.0,12,60
2025-11-27 12:16:59.557044,2291064328_428673752,3.49,34,33
2025-11-27 12:16:59.686936,2291072469_317366886,7.2,6,12
2025-11-27 12:17:00.014636,2291072476_5710136485,10.8,6,18
2025-11-27 12:17:00.145090,2291072476_5710136487,23.04,5,32
2025-11-27 12:17:00.266937,2291073251_2291072469,11.31,7,22
2025-11-27 12:17:00.421609,2291073251_2291254030,22.92,41,261
2025-11-27 12:17:00.567417,2291254028_2291254030,12.24,10,34
2025-11-27 12:17:00.704682,2291254028_2291072469,10.18,93,263
2025-11-27 12:17:00.847695,2291254030_2291254028,19.69,209,1143
2025-11-27 12:17:01.101053,2291254030_444501637,26.03,48,347
2025-11-27 12:17:01.237145,2295384939_436388447,6.75,8,15
2025-11-27 12:17:01.448325,2295384939_5721511585,22.32,45,279
2025-11-27 12:17:01.579656,2302164518_2302164519,23.54,104,680
2025-11-27 12:17:01.701648,2302164518_5719031414,23.67,73,480
2025-11-27 12:17:01.843862,2302164519_2302164518,6.12,10,17
2025-11-27 12:17:01.976707,2302164519_12375164797,7.98,69,153
2025-11-27 12:17:02.109233,2302166519_1312645244,8.05,17,38
2025-11-27 12:17:02.243210,2302166519_1475295086,29.3,50,407
2025-11-27 12:17:02.434118,2303337176_1498038039,31.47,31,271
2025-11-27 12:17:02.561362,2326674277_5709923606,43.2,2,24
2025-11-27 12:17:02.748000,2326674277_2326674288,34.65,24,231
2025-11-27 12:17:02.913217,2326674281_5709923603,54.0,1,15
2025-11-27 12:17:03.047136,2326674281_1314191417,34.43,23,220
2025-11-27 12:17:03.180779,2326674288_4539674888,35.79,17,169
2025-11-27 12:17:03.369172,2570960524_12206582473,29.05,71,573
2025-11-27 12:17:03.497983,2570960524_5707647500,31.68,30,264
2025-11-27 12:17:03.660153,2584589542_5721511586,28.2,163,1277
2025-11-27 12:17:03.790701,2701058419_5716537675,16.56,40,184
2025-11-27 12:17:03.944084,2701184883_4539682086,19.32,30,161
2025-11-27 12:17:04.073125,3075526390_1919751043,28.8,3,24
2025-11-27 12:17:04.244300,3075526390_1954877845,23.6,9,59
2025-11-27 12:17:04.398082,3075526396_3075526390,27.45,8,61
2025-11-27 12:17:04.581488,3779255487_2701184883,15.86,309,1361
2025-11-27 12:17:04.723983,3779255487_5716537702,6.22,33,57
2025-11-27 12:17:04.922521,3779255494_4538405026,20.88,5,29
2025-11-27 12:17:05.109643,4004297090_1878921396,8.1,20,45
2025-11-27 12:17:05.257772,4004297090_1878921405,14.71,23,94
2025-11-27 12:17:05.383602,4025084971_6666128977,34.04,11,104
2025-11-27 12:17:05.545787,4025084971_4538571805,23.14,7,45
2025-11-27 12:17:05.707777,4025115175_5707407583,6.24,15,26
2025-11-27 12:17:05.859269,4025115175_5709996124,17.77,31,153
2025-11-27 12:17:05.991834,4027449781_6621078261,20.54,44,251
2025-11-27 12:17:06.135112,4106937190_4538404990,0.0,0,5
2025-11-27 12:17:06.261712,4538404990_13282498392,22.2,6,37
2025-11-27 12:17:06.396893,4538404991_4538405005,24.11,242,1621
2025-11-27 12:17:06.646954,4538404991_1221161727,24.3,508,3429
2025-11-27 12:17:06.794502,4538404998_3779255494,14.19,17,67
2025-11-27 12:17:06.944940,4538404998_1221161730,3.87,40,43
2025-11-27 12:17:07.132098,4538405005_4538405024,23.05,57,365
2025-11-27 12:17:07.283601,4538405006_1884747789,4.25,22,26
2025-11-27 12:17:07.504746,4538405006_2701184883,14.33,356,1417
2025-11-27 12:17:07.640623,4538405017_11700202516,32.13,54,482
2025-11-27 12:17:07.862660,4538405021_4538405024,39.28,79,862
2025-11-27 12:17:08.063077,4538405021_4538405061,30.87,435,3730
2025-11-27 12:17:08.413310,4538405026_4538405017,31.65,424,3728
2025-11-27 12:17:08.556227,4538405061_4538404998,21.6,4,24
2025-11-27 12:17:08.701136,4538405061_4106937190,7.11,156,308
2025-11-27 12:17:08.840944,4538405136_11768052437,27.75,79,609
2025-11-27 12:17:09.039412,4538405136_4538405137,30.68,69,588
2025-11-27 12:17:09.264699,4538405137_4540453395,12.8,27,96
2025-11-27 12:17:09.427438,4538571805_5707122780,36.96,191,1961
2025-11-27 12:17:09.563540,4538571805_4539675798,32.73,98,891
2025-11-27 12:17:09.715387,4538571806_4539675798,29.83,7,58
2025-11-27 12:17:09.866222,4538571806_5707122775,21.6,5,30
2025-11-27 12:17:09.999577,4538571818_1314191398,50.4,3,42
2025-11-27 12:17:10.143486,4539132150_4830545884,47.72,94,1246
2025-11-27 12:17:10.263117,4539132150_2326674277,28.67,27,215
2025-11-27 12:17:10.546790,4539674875_6621426593,25.2,9,63
2025-11-27 12:17:10.692469,4539674875_4539674879,8.1,32,72
2025-11-27 12:17:10.830267,4539674879_1314185677,21.82,16,97
2025-11-27 12:17:10.957177,4539674879_6628818468,26.74,7,52
2025-11-27 12:17:11.191752,4539674883_5716544649,42.3,32,376
2025-11-27 12:17:11.320162,4539674883_12606538099,60.55,88,1480
2025-11-27 12:17:11.494864,4539674888_1849738362,24.12,90,603
2025-11-27 12:17:11.752933,4539675798_4538571805,32.12,427,3810
2025-11-27 12:17:11.901360,4539675798_5707122775,19.44,10,54
2025-11-27 12:17:12.032530,4539675798_10159724112,22.8,6,38
2025-11-27 12:17:12.196884,4539675829_444394912,20.67,31,178
2025-11-27 12:17:12.328451,4539682086_1881949103,26.85,59,440
2025-11-27 12:17:12.460468,4539682086_12606538104,24.86,64,442
2025-11-27 12:17:12.599749,4539684490_4539675829,29.35,52,424
2025-11-27 12:17:12.729103,4539684490_3779242655,55.7,89,1377
2025-11-27 12:17:12.874205,4540453369_4540453370,7.2,9,18
2025-11-27 12:17:13.012170,4540453370_4540453369,8.1,8,18
2025-11-27 12:17:13.210601,4540453370_5707271704,27.88,39,302
2025-11-27 12:17:13.340533,4540453378_5707271696,30.0,24,200
2025-11-27 12:17:13.533421,4540453393_4540453394,15.43,7,30
2025-11-27 12:17:13.664486,4540453393_10076263977,25.2,3,21
2025-11-27 12:17:13.794089,4540453394_5093497431,21.6,8,48
2025-11-27 12:17:13.920694,4540453394_4540453405,12.78,91,323
2025-11-27 12:17:14.056748,4540453395_4540453396,19.5,12,65
2025-11-27 12:17:14.183181,4540453395_4540453393,6.51,26,47
2025-11-27 12:17:14.329000,4540453396_4540453400,42.56,17,201
2025-11-27 12:17:14.455351,4540453399_10076263973,15.5,115,495
2025-11-27 12:17:14.635636,4540453399_5093497430,23.46,29,189
2025-11-27 12:17:14.789624,4540453400_444501629,13.16,371,1356
2025-11-27 12:17:14.911874,4540453404_10076263978,4.5,12,15
2025-11-27 12:17:15.253588,4540453405_4542621501,11.52,10,32
2025-11-27 12:17:15.450530,4540453405_10076263979,13.37,115,427
2025-11-27 12:17:15.588311,4540453406_4538405136,29.4,12,98
2025-11-27 12:17:15.743121,4541071715_4541071716,6.0,9,15
2025-11-27 12:17:15.935705,4541071715_6587550955,26.96,51,382
2025-11-27 12:17:16.070555,4541071716_4541071715,2.7,20,15
2025-11-27 12:17:16.233609,4541071716_10965136434,14.21,76,300
2025-11-27 12:17:16.388504,4541105058_5707271706,36.0,2,20
2025-11-27 12:17:16.544519,4541105059_4541105058,14.4,3,12
2025-11-27 12:17:16.713297,4541105059_11182265554,24.36,244,1651
2025-11-27 12:17:16.841975,4542621501_4540453393,10.52,13,38
2025-11-27 12:17:17.049675,4542621501_4540453406,24.0,6,40
2025-11-27 12:17:17.214520,4599745018_98027697,12.9,101,362
2025-11-27 12:17:17.404359,4599745018_10130533955,21.6,5,30
2025-11-27 12:17:17.548854,4599745018_7920618648,11.19,252,783
2025-11-27 12:17:17.671276,4600895552_10130533953,14.82,43,177
2025-11-27 12:17:17.805139,4600895552_6617292919,12.13,157,529
2025-11-27 12:17:18.051461,4830545876_6325815718,31.89,14,124
2025-11-27 12:17:18.182079,4830545876_5707122751,42.95,58,692
2025-11-27 12:17:18.337278,4830545884_106070559,57.7,37,593
2025-11-27 12:17:18.481180,4830545884_5707122751,39.76,22,243
2025-11-27 12:17:18.615306,4930425700_4930425704,34.65,24,231
2025-11-27 12:17:18.810387,4930425700_1314185585,52.24,43,624
2025-11-27 12:17:18.926313,4930425704_4025084971,38.4,3,32
2025-11-27 12:17:19.091051,4930438606_4830545876,52.2,2,29
2025-11-27 12:17:19.284870,4961341856_1497544719,11.06,97,298
2025-11-27 12:17:19.410264,4961341856_5707161154,20.62,11,63
2025-11-27 12:17:19.545618,4961341859_4961341860,8.64,135,324
2025-11-27 12:17:19.685858,4961341859_6661055809,5.07,22,31
2025-11-27 12:17:19.846634,4961341860_4961341865,6.96,15,29
2025-11-27 12:17:20.239143,4961341865_4961341864,15.73,89,389
2025-11-27 12:17:20.370458,4961341865_1904360482,19.96,33,183
2025-11-27 12:17:20.732615,5093497429_5093497426,18.98,11,58
2025-11-27 12:17:20.925314,5093497429_4540453405,7.6,18,38
2025-11-27 12:17:21.136524,5093497430_10076263976,3.09,28,24
2025-11-27 12:17:21.279036,5093497430_5093497431,22.58,11,69
2025-11-27 12:17:21.430083,5093497431_1897734810,10.92,31,94
2025-11-27 12:17:21.578306,5206119178_283139237,20.62,92,527
2025-11-27 12:17:21.920101,5485653490_5875623873,24.0,3,20
2025-11-27 12:17:22.059341,5485653490_6688490814,15.8,85,373
2025-11-27 12:17:22.192687,5485722628_6606566488,18.68,207,1074
2025-11-27 12:17:22.331241,5485722628_8341509537,21.28,68,402
2025-11-27 12:17:22.455186,5485722628_6610228314,8.64,25,60
2025-11-27 12:17:22.709007,5489009621_6677147301,19.94,26,144
2025-11-27 12:17:22.838019,5598303159_13282511305,0.0,0,5
2025-11-27 12:17:23.030199,5598303159_13282511304,36.19,77,774
2025-11-27 12:17:23.164961,5641890821_5641890822,23.58,205,1343
2025-11-27 12:17:23.441514,5641890822_5641890821,24.75,8,55
2025-11-27 12:17:23.589503,5641890822_5641890823,30.6,18,153
2025-11-27 12:17:23.715640,5641890823_10087376960,19.37,21,113
2025-11-27 12:17:23.842002,5641890823_11700202517,23.76,5,33
2025-11-27 12:17:24.026855,5645750065_9970440452,17.82,20,99
2025-11-27 12:17:24.151662,5645750065_9970440452,17.82,20,99
2025-11-27 12:17:24.312556,5674347102_1758629824,9.77,7,19
2025-11-27 12:17:24.441625,5674347102_7920618648,4.4,480,587
2025-11-27 12:17:24.563374,5683715143_1494041345,11.67,33,107
2025-11-27 12:17:24.693374,5683792676_1314209698,18.41,140,716
2025-11-27 12:17:24.874445,5683792676_98026475,21.6,8,48
2025-11-27 12:17:25.009574,5686426699_7985603148,35.2,9,88
2025-11-27 12:17:25.251618,5706891499_5706896622,22.46,130,811
2025-11-27 12:17:25.384893,5706891499_9980229913,22.71,13,82
2025-11-27 12:17:25.602538,5706896622_5706891499,12.86,7,25
2025-11-27 12:17:25.790831,5706896622_1497544738,10.52,51,149
2025-11-27 12:17:25.967837,5707122750_6677687648,31.29,365,3172
2025-11-27 12:17:26.162892,5707122750_1699561412,32.89,22,201
2025-11-27 12:17:26.316651,5707122751_6677687648,64.8,1,18
2025-11-27 12:17:26.446170,5707122775_10159724112,28.64,177,1408
2025-11-27 12:17:26.575298,5707122779_4538571806,35.82,20,199
2025-11-27 12:17:26.795373,5707122782_6677687639,30.37,23,194
2025-11-27 12:17:26.951479,5707161151_81806535,4.97,29,40
2025-11-27 12:17:27.089380,5707161153_1497544738,11.39,91,288
2025-11-27 12:17:27.222253,5707161153_5707161163,11.35,98,309
2025-11-27 12:17:27.353245,5707161153_1497544749,18.0,7,35
2025-11-27 12:17:27.477411,5707161154_8231491411,22.2,12,74
2025-11-27 12:17:27.732328,5707161162_1904353550,6.33,54,95
2025-11-27 12:17:27.868282,5707161162_1497544719,4.39,32,39
2025-11-27 12:17:28.113008,5707161163_4961341856,10.9,150,454
2025-11-27 12:17:28.235223,5707262958_6685466405,15.51,13,56
2025-11-27 12:17:28.417490,5707271696_4541105058,31.61,59,518
2025-11-27 12:17:28.616815,5707271700_5707271696,20.57,7,40
2025-11-27 12:17:28.872913,5707271703_4540453369,28.71,38,303
2025-11-27 12:17:29.026183,5707271704_5707271705,17.6,27,132
2025-11-27 12:17:29.189141,5707271705_4541105059,27.6,3,23
2025-11-27 12:17:29.333708,5707271705_12725862785,27.07,158,1188
2025-11-27 12:17:29.495020,5707271706_5707271705,24.78,128,881
2025-11-27 12:17:29.618690,5707271706_5707271703,27.95,17,132
2025-11-27 12:17:29.760132,5707407583_5707407590,22.8,3,19
2025-11-27 12:17:29.885510,5707407590_5707407591,7.2,7,14
2025-11-27 12:17:30.007535,5707407590_6670444529,25.12,48,335
2025-11-27 12:17:30.205321,5707407591_4025115175,10.8,7,21
2025-11-27 12:17:30.339780,5707407591_6685434573,22.5,28,175
2025-11-27 12:17:30.476441,5707647467_5707647500,24.77,210,1445
2025-11-27 12:17:30.706072,5707647467_12206582473,29.7,32,264
2025-11-27 12:17:30.850570,5707647500_5707647467,18.45,8,41
2025-11-27 12:17:30.985582,5707647500_6658364083,34.8,3,29
2025-11-27 12:17:31.171732,5707679597_11201648616,13.44,15,56
2025-11-27 12:17:31.298967,5709923601_1314185648,31.2,6,52
2025-11-27 12:17:31.430730,5709923602_1314191417,32.4,8,72
2025-11-27 12:17:31.620897,5709923603_5709923602,10.97,169,515
2025-11-27 12:17:31.751247,5709923603_6621357115,22.8,6,38
2025-11-27 12:17:31.919739,5709923606_1314185653,35.1,20,195
2025-11-27 12:17:32.181345,5709996124_5709996125,2.88,15,12
2025-11-27 12:17:32.319910,5709996124_448838032,4.64,193,249
2025-11-27 12:17:32.469583,5709996125_5709996124,6.17,7,12
2025-11-27 12:17:32.620339,5709996125_5707407583,13.26,41,151
2025-11-27 12:17:32.751319,5710098650_5716807750,15.0,6,25
2025-11-27 12:17:32.893674,5710098650_5717115613,33.0,30,275
2025-11-27 12:17:33.025894,5710136485_317778303,23.4,2,13
2025-11-27 12:17:33.177894,5710136487_1901865135,20.66,23,132
2025-11-27 12:17:33.299538,5710136488_5710136487,25.2,7,49
2025-11-27 12:17:33.447430,5710136488_2291072476,3.93,33,36
2025-11-27 12:17:33.599695,5710222979_2212544448,6.79,88,166
2025-11-27 12:17:33.784837,5710222986_5710222979,18.98,70,369
2025-11-27 12:17:33.999279,5710222986_3779255475,52.55,97,1416
2025-11-27 12:17:34.141838,5710222987_12606538099,30.63,53,451
2025-11-27 12:17:34.287148,5710222987_1897734813,24.08,405,2709
2025-11-27 12:17:34.484210,5710231827_1887748894,23.4,2,13
2025-11-27 12:17:34.632141,5710538391_5710538395,32.4,6,54
2025-11-27 12:17:34.759616,5710538391_11111175326,22.11,7,43
2025-11-27 12:17:34.903520,5710538395_5710691038,15.6,6,26
2025-11-27 12:17:35.333061,5710673956_5716670119,32.4,5,45
2025-11-27 12:17:35.457590,5710673956_2084132003,11.83,56,184
2025-11-27 12:17:35.589926,5710673974_5710673979,15.2,9,38
2025-11-27 12:17:35.731027,5710673974_98041257,8.8,9,22
2025-11-27 12:17:35.861770,5710673974_1748294274,17.41,123,595
2025-11-27 12:17:36.027392,5710673979_5710673992,29.27,23,187
2025-11-27 12:17:36.324963,5710691038_5710538391,11.18,19,59
2025-11-27 12:17:36.450869,5710691038_5710691043,28.59,17,135
2025-11-27 12:17:36.590369,5710691044_5710691043,30.92,17,146
2025-11-27 12:17:36.772771,5710691044_5710691038,26.38,196,1436
2025-11-27 12:17:36.950301,5710691045_5710538395,7.99,55,122
2025-11-27 12:17:37.097668,5710691045_5710691056,34.63,21,202
2025-11-27 12:17:37.282759,5710691056_8462966000,29.52,5,41
2025-11-27 12:17:37.408648,5716241016_5716241017,26.23,7,51
2025-11-27 12:17:37.600766,5716241017_1881928278,21.42,178,1059
2025-11-27 12:17:37.738311,5716408768_1494035973,5.82,34,55
2025-11-27 12:17:37.896223,5716408768_6659134177,18.8,504,2632
2025-11-27 12:17:38.162545,5716477055_5716477056,21.16,122,717
2025-11-27 12:17:38.355873,5716477055_1495030950,22.43,48,299
2025-11-27 12:17:38.481153,5716477056_5716477055,7.2,17,34
2025-11-27 12:17:38.606546,5716477056_4539132150,17.46,40,194
2025-11-27 12:17:38.744325,5716537675_4538404990,10.16,17,48
2025-11-27 12:17:38.872308,5716537675_4538404991,13.05,8,29
2025-11-27 12:17:39.178239,5716537702_1221161730,10.08,15,42
2025-11-27 12:17:39.442513,5716616005_444875130,5.12,45,64
2025-11-27 12:17:39.582468,5716616005_2176926218,13.59,111,419
2025-11-27 12:17:39.724104,5716649671_5716670117,29.44,315,2576
2025-11-27 12:17:39.847117,5716670117_5718916301,29.59,32,263
2025-11-27 12:17:39.984163,5716670118_5716670117,32.49,199,1796
2025-11-27 12:17:40.186872,5716670118_5716670119,34.9,49,475
2025-11-27 12:17:40.454504,5716670119_5716670118,28.18,139,1088
2025-11-27 12:17:40.594356,5716670621_5716670118,24.53,150,1022
2025-11-27 12:17:40.772868,5716670621_1498111685,30.83,23,197
2025-11-27 12:17:40.956384,5716670628_2084132002,7.62,26,55
2025-11-27 12:17:41.086532,5716670628_98041851,19.34,210,1128
2025-11-27 12:17:41.223762,5716807749_5717115613,28.7,70,558
2025-11-27 12:17:41.354430,5716807749_5716807750,35.49,28,276
2025-11-27 12:17:41.526842,5716807750_5710098650,25.57,184,1307
2025-11-27 12:17:41.653268,5716807750_6684737819,26.47,130,956
2025-11-27 12:17:41.774932,5717115613_5716807749,20.16,5,28
2025-11-27 12:17:41.965255,5717115613_4540453378,30.6,14,119
2025-11-27 12:17:42.087943,5718868836_2289976216,5.76,10,16
2025-11-27 12:17:42.209167,5718868836_2289997642,21.45,24,143
2025-11-27 12:17:42.350126,5718871870_283139229,14.16,198,779
2025-11-27 12:17:42.478532,5718871870_98041849,2.91,26,21
2025-11-27 12:17:42.606376,5718886024_1748294257,12.06,37,124
2025-11-27 12:17:42.736130,5718916274_5718916294,9.38,99,258
2025-11-27 12:17:42.901126,5718916274_10296445823,4.2,6,7
2025-11-27 12:17:43.089877,5718916291_12816414547,16.92,10,47
2025-11-27 12:17:43.223735,5718916291_98035472,5.79,23,37
2025-11-27 12:17:43.373618,5718916292_6650876736,13.21,312,1145
2025-11-27 12:17:43.500733,5718916292_12816414542,5.14,7,10
2025-11-27 12:17:43.638943,5718916293_5718916294,18.0,1,5
2025-11-27 12:17:43.808879,5718916294_98042270,23.1,48,308
2025-11-27 12:17:43.949510,5718916301_5718916302,11.45,271,862
2025-11-27 12:17:44.075765,5718916301_5718916291,7.42,16,33
2025-11-27 12:17:44.204482,5718916302_5718916301,7.48,13,27
2025-11-27 12:17:44.414883,5718916302_5716670621,28.91,33,265
2025-11-27 12:17:44.541509,5718946093_1748294274,7.71,14,30
2025-11-27 12:17:44.728649,5719031413_5719031414,16.97,7,33
2025-11-27 12:17:44.872240,5719031413_2302164519,23.04,75,480
2025-11-27 12:17:45.001068,5719031414_5719031413,27.02,73,548
2025-11-27 12:17:45.127669,5719031414_3075526396,27.98,22,171
2025-11-27 12:17:45.316275,5719125659_6648096524,33.3,4,37
2025-11-27 12:17:45.454846,5719125659_1758170772,22.3,72,446
2025-11-27 12:17:45.586363,5721511585_2584589542,40.32,5,56
2025-11-27 12:17:45.717805,5721511586_436388447,22.08,45,276
2025-11-27 12:17:45.875829,5828495464_2274969534,10.8,5,15
2025-11-27 12:17:46.018133,5828495464_5719125659,28.97,21,169
2025-11-27 12:17:46.154147,5828999542_5828999543,17.74,152,749
2025-11-27 12:17:46.310422,5828999542_1495025257,22.3,31,192
2025-11-27 12:17:46.466543,5828999543_5828999542,9.9,8,22
2025-11-27 12:17:46.635813,5828999543_6648227222,16.48,38,174
2025-11-27 12:17:46.793241,5831399053_6603014206,25.18,355,2483
2025-11-27 12:17:46.929707,5831399053_1494041374,35.34,65,638
2025-11-27 12:17:47.087984,5875603186_5645750065,22.37,14,87
2025-11-27 12:17:47.219679,5875603186_5206119178,21.49,68,406
2025-11-27 12:17:47.344355,5875623873_6677147301,22.5,4,25
2025-11-27 12:17:47.494603,5875623873_6677147310,17.15,17,81
2025-11-27 12:17:47.627733,5898769297_2185731475,33.94,14,132
2025-11-27 12:17:47.775350,5954441639_5954441640,3.6,8,8
2025-11-27 12:17:47.910798,5954441639_6659134171,29.08,13,105
2025-11-27 12:17:48.066309,5954441640_5954441639,1.8,16,8
2025-11-27 12:17:48.215056,5954441640_11201648616,19.51,62,336
2025-11-27 12:17:48.370680,5962836764_6325815718,42.41,64,754
2025-11-27 12:17:48.505273,5962836764_1314185585,40.07,23,256
2025-11-27 12:17:48.633583,6044465949_2701058419,19.46,79,427
2025-11-27 12:17:48.792425,6044465949_12606538104,17.35,289,1393
2025-11-27 12:17:48.929046,6325815718_6325815720,108.0,1,30
2025-11-27 12:17:49.094407,6325815720_4930438606,11.04,274,840
2025-11-27 12:17:49.228660,6325815720_2185731222,11.26,55,172
2025-11-27 12:17:49.387236,6405794494_6659134172,18.7,289,1501
2025-11-27 12:17:49.550575,6413551907_8341509537,16.8,3,14
2025-11-27 12:17:49.774755,6413551907_8341509535,17.49,14,68
2025-11-27 12:17:49.905201,6441639163_6689057478,25.2,32,224
2025-11-27 12:17:50.098830,6587550954_6587550955,5.2,9,13
2025-11-27 12:17:50.314528,6587550954_4541071716,30.4,45,380
2025-11-27 12:17:50.460731,6587550955_6587550954,3.34,14,13
2025-11-27 12:17:50.591186,6587550955_420456615,8.88,45,111
2025-11-27 12:17:50.739726,6587651051_1901865134,31.03,29,250
2025-11-27 12:17:50.924663,6600206282_13282498396,20.81,186,1075
2025-11-27 12:17:51.056918,6600206282_5598303159,25.39,19,134
2025-11-27 12:17:51.188924,6600206283_13282498396,22.72,161,1016
2025-11-27 12:17:51.325102,6600206283_2701058419,24.38,44,298
2025-11-27 12:17:51.480724,6601012241_6688570393,57.6,1,16
2025-11-27 12:17:51.618483,6601012241_6441639163,24.22,11,74
2025-11-27 12:17:51.760524,6603014206_10682258584,25.38,102,719
2025-11-27 12:17:51.888940,6603014206_6603014207,30.6,6,51
2025-11-27 12:17:52.045666,6603014207_6659072491,13.89,7,27
2025-11-27 12:17:52.235938,6603014207_6659072492,46.8,1,13
2025-11-27 12:17:52.390659,6606566485_10682258584,17.72,13,64
2025-11-27 12:17:52.529834,6606566485_6606566487,43.2,1,12
2025-11-27 12:17:52.698640,6606566485_1758651218,23.33,83,538
2025-11-27 12:17:52.847883,6606566487_6610228314,18.55,196,1010
2025-11-27 12:17:52.969976,6606566487_6606566485,43.2,1,12
2025-11-27 12:17:53.128139,6606566488_6606566487,18.0,12,60
2025-11-27 12:17:53.348120,6606566488_10682258584,24.0,3,20
2025-11-27 12:17:53.553351,6606566488_5485722628,19.24,201,1074
2025-11-27 12:17:53.739651,6610228314_10743484787,20.06,68,379
2025-11-27 12:17:53.891284,6610228314_6606566487,19.14,190,1010
2025-11-27 12:17:54.087895,6610228314_5485722628,7.08,30,59
2025-11-27 12:17:54.215237,6610574244_6659072491,20.02,25,139
2025-11-27 12:17:54.399992,6610574244_1758651218,22.05,16,98
2025-11-27 12:17:54.542399,6617292919_4600895552,17.72,52,256
2025-11-27 12:17:54.735268,6617292919_7985603136,4.36,33,40
2025-11-27 12:17:54.861538,6621078250_6621078251,7.8,6,13
2025-11-27 12:17:54.984454,6621078250_6621078260,29.45,33,270
2025-11-27 12:17:55.187700,6621078251_6621078250,5.2,9,13
2025-11-27 12:17:55.364620,6621078251_420456595,33.3,32,296
2025-11-27 12:17:55.486963,6621078260_6621078261,6.96,15,29
2025-11-27 12:17:55.611918,6621078260_2303337176,17.29,51,245
2025-11-27 12:17:55.749645,6621078261_6621078260,26.16,79,574
2025-11-27 12:17:55.896057,6621078261_420456583,28.8,25,200
2025-11-27 12:17:56.040287,6621357112_1314185653,36.0,3,30
2025-11-27 12:17:56.181541,6621357115_1314191420,5.45,39,59
2025-11-27 12:17:56.355061,6621357115_6621357112,19.03,14,74
2025-11-27 12:17:56.486081,6621426593_1314191414,32.4,2,18
2025-11-27 12:17:56.643312,6621426601_6621426593,11.62,119,384
2025-11-27 12:17:56.823792,6621426601_4539674879,5.61,34,53
2025-11-27 12:17:56.975178,6628818468_5709923601,27.6,9,69
2025-11-27 12:17:57.100719,6628818478_1314185677,4.04,41,46
2025-11-27 12:17:57.245803,6628818478_6628818468,8.83,139,341
2025-11-27 12:17:57.401346,6631796343_1692627215,31.2,3,26
2025-11-27 12:17:57.532293,6641911209_5719031413,31.5,20,175
2025-11-27 12:17:57.666230,6641911209_3075526396,25.71,7,50
2025-11-27 12:17:57.804241,6644672133_6644672135,18.33,55,280
2025-11-27 12:17:57.939195,6644672133_1884768305,9.97,26,72
2025-11-27 12:17:58.099827,6644672135_6644672133,18.33,55,280
2025-11-27 12:17:58.237630,6644672135_106111364,20.66,23,132
2025-11-27 12:17:58.392266,6644721587_2195296719,23.06,37,237
2025-11-27 12:17:58.519898,6644721587_11107112929,23.66,7,46
2025-11-27 12:17:58.653016,6647118933_2290010722,22.42,22,137
2025-11-27 12:17:58.796282,6647145130_8598733283,6.94,14,27
2025-11-27 12:17:58.958502,6647145130_5701309369,11.95,25,83
2025-11-27 12:17:59.106614,6648096523_1758170763,4.0,18,20
2025-11-27 12:17:59.264891,6648096523_1613087628,6.4,18,32
2025-11-27 12:17:59.417288,6648096524_6648096525,31.63,28,246
2025-11-27 12:17:59.563178,6648096524_12024836052,18.33,140,713
2025-11-27 12:17:59.782927,6648096525_6648096524,34.06,26,246
2025-11-27 12:17:59.922319,6648096525_5710565212,27.9,4,31
2025-11-27 12:18:00.051803,6648227219_2291254028,22.58,55,345
2025-11-27 12:18:00.259199,6648227221_6648227219,23.4,4,26
2025-11-27 12:18:00.383047,6648227221_6648227224,33.26,50,462
2025-11-27 12:18:00.583286,6648227222_6648227224,34.8,3,29
2025-11-27 12:18:00.740579,6648227222_2175126939,17.26,34,163
2025-11-27 12:18:00.905016,6648227223_5828999542,17.3,36,173
2025-11-27 12:18:01.043444,6648227224_6648227223,27.0,4,30
2025-11-27 12:18:01.186247,6648227224_6648227221,31.98,52,462
2025-11-27 12:18:01.333022,6650810650_444874859,8.86,39,96
2025-11-27 12:18:01.501985,6650810650_1613087620,5.28,15,22
2025-11-27 12:18:01.700531,6650876736_5718916292,5.48,232,353
2025-11-27 12:18:01.861745,6650876736_6650876740,9.31,620,1604
2025-11-27 12:18:01.989984,6650876740_6650876736,8.6,82,196
2025-11-27 12:18:02.143710,6650876740_634709500,16.96,300,1413
2025-11-27 12:18:02.273119,6650982900_6650982901,23.4,164,1066
2025-11-27 12:18:02.411341,6650982900_6648227219,26.45,23,169
2025-11-27 12:18:02.637951,6650982901_6650982900,7.54,53,111
2025-11-27 12:18:02.851008,6650982901_444875375,4.73,35,46
2025-11-27 12:18:02.998840,6651770209_6651770210,5.17,16,23
2025-11-27 12:18:03.170781,6651770209_444875374,10.15,195,550
2025-11-27 12:18:03.305518,6651770210_6651770209,8.93,378,938
2025-11-27 12:18:03.441962,6651770210_5716670628,5.3,271,399
2025-11-27 12:18:03.591194,6658429241_10130533935,23.71,164,1080
2025-11-27 12:18:03.722375,6658429241_11014094287,19.54,28,152
2025-11-27 12:18:03.884078,6659072489_5710231827,18.44,33,169
2025-11-27 12:18:04.021467,6659072490_6659072489,7.71,21,45
2025-11-27 12:18:04.203520,6659072490_1878921405,22.8,18,114
2025-11-27 12:18:04.337792,6659072491_6659072492,21.6,6,36
2025-11-27 12:18:04.473073,6659072491_6610574244,21.76,23,139
2025-11-27 12:18:04.665077,6659072492_6659072490,28.15,22,172
2025-11-27 12:18:04.808071,6659134171_1758633112,18.37,97,495
2025-11-27 12:18:04.952531,6659134171_1884769977,27.9,12,93
2025-11-27 12:18:05.082779,6659134172_5954441640,25.2,15,105
2025-11-27 12:18:05.225723,6659134174_5716408768,10.62,81,239
2025-11-27 12:18:05.372637,6659134177_1314209716,18.0,17,85
2025-11-27 12:18:05.629049,6661055809_2050902820,28.8,1,8
2025-11-27 12:18:05.840325,6661055810_6661055809,5.29,94,138
2025-11-27 12:18:06.033822,6661055810_4961341860,4.02,34,38
2025-11-27 12:18:06.219439,6661055813_6662639319,10.03,14,39
2025-11-27 12:18:06.371377,6661487944_6661487945,18.42,137,701
2025-11-27 12:18:06.543233,6661487944_5641890822,23.99,149,993
2025-11-27 12:18:06.685332,6661487945_6661487944,19.08,10,53
2025-11-27 12:18:06.812522,6661487945_12908782868,25.96,19,137
2025-11-27 12:18:06.939413,6662241086_6662241087,20.0,9,50
2025-11-27 12:18:07.081155,6662241086_4025115175,14.8,241,991
2025-11-27 12:18:07.270861,6662241087_6662241086,15.78,102,447
2025-11-27 12:18:07.406230,6662241087_6662241094,14.6,89,361
2025-11-27 12:18:07.540467,6662241094_6662241095,14.4,61,244
2025-11-27 12:18:07.722258,6662241094_446030797,10.8,36,108
2025-11-27 12:18:07.857542,6662241095_6662241094,13.89,7,27
2025-11-27 12:18:07.994630,6662241095_6662241086,16.85,78,365
2025-11-27 12:18:08.129236,6662639319_2050902830,18.64,17,88
2025-11-27 12:18:08.251884,6666128977_5962836764,61.2,1,17
2025-11-27 12:18:08.383291,6666479030_8598733283,0.0,0,4
2025-11-27 12:18:08.575215,6670444529_6670444530,25.8,78,559
2025-11-27 12:18:08.773713,6670444529_420456683,25.4,18,127
2025-11-27 12:18:08.937811,6670444530_6670444529,2.7,20,15
2025-11-27 12:18:09.145937,6670444530_12513272960,29.9,23,191
2025-11-27 12:18:09.290636,6672531385_12872373346,20.92,37,215
2025-11-27 12:18:09.497688,6677147301_5489009621,13.8,6,23
2025-11-27 12:18:09.651625,6677147301_2050902835,21.6,23,138
2025-11-27 12:18:09.789330,6677147310_5485653490,21.9,12,73
2025-11-27 12:18:09.945919,6677300866_309685730,13.02,115,416
2025-11-27 12:18:10.070459,6677300866_6677364041,18.0,10,50
2025-11-27 12:18:10.206562,6677338241_98026475,15.88,34,150
2025-11-27 12:18:10.347287,6677338241_1314209698,18.72,10,52
2025-11-27 12:18:10.512560,6677364041_2295384939,21.6,9,54
2025-11-27 12:18:10.637018,6677687639_5707122750,18.4,9,46
2025-11-27 12:18:10.786209,6677687639_4538571818,32.22,432,3866
2025-11-27 12:18:10.922003,6677687648_1314191405,0.0,0,10
2025-11-27 12:18:11.050704,6677687648_5707122750,25.71,7,50
2025-11-27 12:18:11.185198,6677895172_1494041352,17.63,447,2189
2025-11-27 12:18:11.317058,6677895172_1494041351,26.26,17,124
2025-11-27 12:18:11.497336,6677895176_1494041352,26.1,4,29
2025-11-27 12:18:11.645749,6677895176_1494041351,19.84,151,832
2025-11-27 12:18:11.807690,6684737819_4540453404,22.84,29,184
2025-11-27 12:18:11.984574,6684737819_4540453400,40.83,44,499
2025-11-27 12:18:12.167245,6685236291_6685236292,19.23,70,374
2025-11-27 12:18:12.295820,6685236291_8231491408,25.49,25,177
2025-11-27 12:18:12.466923,6685236292_6685236291,9.0,10,25
2025-11-27 12:18:12.598189,6685236292_4961341859,12.05,49,164
2025-11-27 12:18:12.726699,6685434573_6662241087,24.87,11,76
2025-11-27 12:18:12.871645,6687964478_442990465,13.64,181,686
2025-11-27 12:18:13.009347,6687964478_5716241017,17.2,9,43
2025-11-27 12:18:13.145823,6688471376_5686449780,11.47,312,994
2025-11-27 12:18:13.289724,6688471376_7920618647,6.46,161,289
2025-11-27 12:18:13.424599,6688490814_6647145130,2.88,45,36
2025-11-27 12:18:13.577245,6688490814_5485653490,24.33,33,223
2025-11-27 12:18:13.778423,6688503842_6405794494,24.0,3,20
2025-11-27 12:18:13.925810,6688503847_1758631175,9.16,11,28
2025-11-27 12:18:14.079218,6688503847_6688503842,9.51,14,37
2025-11-27 12:18:14.302120,6688570392_6441639163,32.4,2,18
2025-11-27 12:18:14.514821,6688570392_6688570393,25.49,74,524
2025-11-27 12:18:14.645451,6688570393_6688570397,32.5,37,334
2025-11-27 12:18:14.778687,6688570397_6688570401,14.7,12,49
2025-11-27 12:18:14.980632,6688570397_12600043488,30.24,5,42
2025-11-27 12:18:15.136697,6688570401_6688570392,28.37,42,331
2025-11-27 12:18:15.274499,6689057478_6689057484,36.0,3,30
2025-11-27 12:18:15.490674,6689057478_6689057482,12.96,10,36
2025-11-27 12:18:15.645917,6689057482_6601012241,32.98,25,229
2025-11-27 12:18:15.846232,6689057484_13206202825,28.6,36,286
2025-11-27 12:18:16.069400,6689058288_6689057482,32.4,2,18
2025-11-27 12:18:16.201911,6689058288_6689057484,26.8,9,67
2025-11-27 12:18:16.350292,7301485388_1497544796,6.94,14,27
2025-11-27 12:18:16.479901,7920618640_5683715143,16.05,105,468
2025-11-27 12:18:16.632273,7920618640_5683715143,16.05,105,468
2025-11-27 12:18:16.822258,7920618647_4599745018,18.0,5,25
2025-11-27 12:18:17.026678,7920618647_7920618648,3.9,36,39
2025-11-27 12:18:17.186477,7920618648_5674347102,5.24,403,587
2025-11-27 12:18:17.393410,7920618648_10130533955,8.34,19,44
2025-11-27 12:18:17.556596,7920618648_4599745018,11.85,234,770
2025-11-27 12:18:17.752319,7985603136_98027697,18.6,6,31
2025-11-27 12:18:17.887010,7985603136_10130533953,16.69,295,1368
2025-11-27 12:18:18.012017,7985603138_5686449780,28.9,35,281
2025-11-27 12:18:18.151212,7985603147_7985603148,17.02,433,2047
2025-11-27 12:18:18.288197,7985603147_7920618640,23.45,808,5263
2025-11-27 12:18:18.497947,7985603148_7985603147,31.44,15,131
2025-11-27 12:18:18.688515,7985603148_6617292919,19.11,26,138
2025-11-27 12:18:18.831168,8231491408_8231491411,10.24,129,367
2025-11-27 12:18:19.004626,8231491408_5707161162,20.75,17,98
2025-11-27 12:18:19.148093,8231491411_8231491408,4.73,16,21
2025-11-27 12:18:19.285026,8231491411_6685236292,25.06,26,181
2025-11-27 12:18:19.410531,8237661942_2053894358,6.0,12,20
2025-11-27 12:18:19.548313,8237661942_308728680,15.5,69,297
2025-11-27 12:18:19.695373,8242664547_11107112958,18.46,417,2138
2025-11-27 12:18:19.826842,8242664547_12174413404,25.2,8,56
2025-11-27 12:18:19.966693,8242664547_12559133535,18.17,408,2059
2025-11-27 12:18:20.093797,8295729267_3779242655,45.1,36,451
2025-11-27 12:18:20.224890,8295729267_6600206282,25.12,47,328
2025-11-27 12:18:20.418373,8341509535_10743484787,25.2,2,14
2025-11-27 12:18:20.548822,8341509537_5485722628,21.6,67,402
2025-11-27 12:18:20.737059,8341509537_6413551907,25.2,2,14
2025-11-27 12:18:20.886667,8462967636_5710691044,27.0,2,15
2025-11-27 12:18:21.010885,8598733283_6666479030,14.4,1,4
2025-11-27 12:18:21.149361,8598733283_6688490814,21.6,11,66
2025-11-27 12:18:21.315724,8823455179_6661055810,13.45,597,2230
2025-11-27 12:18:21.582550,8823455180_8823455179,8.28,10,23
2025-11-27 12:18:21.728860,8823455180_98031401,6.84,10,19
2025-11-27 12:18:21.876047,8921282801_10202001781,7.7,36,77
2025-11-27 12:18:22.004587,9576908879_1314203096,17.64,10,49
2025-11-27 12:18:22.141633,9970440452_12484632695,25.6,18,128
2025-11-27 12:18:22.350462,9980229913_1497544764,22.22,104,642
2025-11-27 12:18:22.474226,9980229913_7301485388,23.59,47,308
2025-11-27 12:18:22.621782,10076263973_5710098650,28.24,122,957
2025-11-27 12:18:22.777617,10076263976_10076263977,10.8,48,144
2025-11-27 12:18:22.907466,10076263976_4540453394,12.0,129,430
2025-11-27 12:18:23.031471,10076263977_4540453396,30.6,2,17
2025-11-27 12:18:23.236458,10076263978_10076263979,2.9,31,25
2025-11-27 12:18:23.355644,10076263978_4542621501,6.55,11,20
2025-11-27 12:18:23.479439,10076263979_5093497426,27.0,2,15
2025-11-27 12:18:23.611205,10087376960_5641890823,20.8,9,52
2025-11-27 12:18:23.744784,10087376960_5641890821,32.19,17,152
2025-11-27 12:18:23.868504,10100966682_12513272960,15.36,172,734
2025-11-27 12:18:24.050975,10100966682_6685434573,15.21,71,300
2025-11-27 12:18:24.211590,10130533935_1495023340,16.71,358,1662
2025-11-27 12:18:24.348967,10130533953_4600895552,12.95,169,608
2025-11-27 12:18:24.480359,10130533953_7985603138,11.91,13,43
2025-11-27 12:18:24.616839,10130533953_98027697,3.15,40,35
2025-11-27 12:18:24.738636,10130533955_7985603147,24.53,27,184
2025-11-27 12:18:24.884163,10151536198_2570960524,24.21,40,269
2025-11-27 12:18:25.012406,10159724112_6666128977,54.0,1,15
2025-11-27 12:18:25.153294,10180671333_420522002,27.77,7,54
2025-11-27 12:18:25.290288,10180671333_98041254,6.51,21,38
2025-11-27 12:18:25.429894,10202001781_1881927757,20.68,82,471
2025-11-27 12:18:25.555431,10203920310_1881928279,25.2,2,14
2025-11-27 12:18:25.696993,10203920310_5718886024,17.1,16,76
2025-11-27 12:18:25.823712,10203920324_10203920325,14.4,3,12
2025-11-27 12:18:25.958460,10203920324_1881928007,0.0,12,0
2025-11-27 12:18:26.083631,10203920325_5718886024,10.8,1,3
2025-11-27 12:18:26.203229,10203920328_1881927759,0.0,0,0
2025-11-27 12:18:26.345581,10203920329_10203920328,17.6,63,308
2025-11-27 12:18:26.469614,10203920329_1219243636,6.04,28,47
2025-11-27 12:18:26.630030,10296445822_10997686363,21.65,204,1227
2025-11-27 12:18:26.770716,10296445822_10296445824,16.75,587,2731
2025-11-27 12:18:26.912582,10296445822_309816683,16.79,578,2696
2025-11-27 12:18:27.040296,10296445823_309816683,8.78,16,39
2025-11-27 12:18:27.185482,10296445823_10296445822,4.71,39,51
2025-11-27 12:18:27.397157,10296445824_5718916302,21.0,6,35
2025-11-27 12:18:27.531448,10542328776_6685605986,18.51,7,36
2025-11-27 12:18:27.670489,10542328776_1748294274,5.4,32,48
2025-11-27 12:18:27.805623,10542328776_13023100784,20.35,95,537
2025-11-27 12:18:27.939631,10682258584_6603014206,23.75,109,719
2025-11-27 12:18:28.071140,10682258584_6606566488,24.0,3,20
2025-11-27 12:18:28.216556,10743484787_8341509535,25.2,2,14
2025-11-27 12:18:28.349097,10743484787_6610228314,19.77,69,379
2025-11-27 12:18:28.483861,10743484787_8341509537,16.71,14,65
2025-11-27 12:18:28.662135,10965136434_420456595,8.4,6,14
2025-11-27 12:18:28.785857,10965136434_6621078250,30.75,35,299
2025-11-27 12:18:28.947566,10997686363_10296445822,13.33,399,1477
2025-11-27 12:18:29.168477,10997686363_11107112927,21.09,7,41
2025-11-27 12:18:29.307470,11014094287_11014094288,11.38,37,117
2025-11-27 12:18:29.462307,11014094287_1884765802,15.72,183,799
2025-11-27 12:18:29.613398,11014094288_11014094287,10.32,15,43
2025-11-27 12:18:29.763511,11014094288_1495023340,27.36,20,152
2025-11-27 12:18:29.892867,11107112919_438036727,21.6,10,60
2025-11-27 12:18:30.075912,11107112919_12559133535,30.6,2,17
2025-11-27 12:18:30.228348,11107112923_10997686363,29.52,5,41
2025-11-27 12:18:30.378444,11107112923_11107112927,27.26,7,53
2025-11-27 12:18:30.505202,11107112927_11107112935,21.6,5,30
2025-11-27 12:18:30.655588,11107112929_11107112919,0.0,0,0
2025-11-27 12:18:30.800958,11107112935_11107112929,22.95,8,51
2025-11-27 12:18:30.951672,11107112935_6644721587,18.54,404,2081
2025-11-27 12:18:31.116195,11107112958_8242664547,20.42,149,845
2025-11-27 12:18:31.258658,11111175323_11111175326,31.8,6,53
2025-11-27 12:18:31.483802,11111175326_6600206283,29.36,129,1052
2025-11-27 12:18:31.633402,11182265554_4540453378,23.16,37,238
2025-11-27 12:18:31.765448,11182265554_5716807749,32.95,13,119
2025-11-27 12:18:31.926941,11201648616_445970799,15.17,94,396
2025-11-27 12:18:32.061666,11209721500_11209721504,20.16,10,56
2025-11-27 12:18:32.183837,11209721504_13322115744,38.95,44,476
2025-11-27 12:18:32.309843,11700202516_11700202517,21.42,20,119
2025-11-27 12:18:32.468294,11700202516_10087376960,29.7,4,33
2025-11-27 12:18:32.622292,11700202517_11700202516,13.8,12,46
2025-11-27 12:18:32.758116,11700202517_4538405021,30.17,58,486
2025-11-27 12:18:32.889450,11768052436_4538405137,27.6,3,23
2025-11-27 12:18:33.105058,11768052436_11768052437,12.74,13,46
2025-11-27 12:18:33.301336,11768052437_1881949102,33.23,26,240
2025-11-27 12:18:33.422720,11950483412_1884765806,4.11,21,24
2025-11-27 12:18:33.622198,11950483412_11950483417,4.83,35,47
2025-11-27 12:18:33.766957,11950483417_1314209717,18.0,2,10
2025-11-27 12:18:33.906903,12024836052_2274969534,24.75,24,165
2025-11-27 12:18:34.048407,12174413404_8242664547,18.41,395,2020
2025-11-27 12:18:34.229794,12206582473_2570960524,22.93,144,917
2025-11-27 12:18:34.363672,12206582473_6661487944,29.76,56,463
2025-11-27 12:18:34.492782,12357580642_12357580645,11.6,18,58
2025-11-27 12:18:34.613396,12357580642_421080868,5.32,23,34
2025-11-27 12:18:34.738317,12357580645_1497544736,10.8,11,33
2025-11-27 12:18:34.875800,12375164794_12768097335,15.6,3,13
2025-11-27 12:18:35.047895,12375164795_12375164794,9.63,40,107
2025-11-27 12:18:35.168247,12375164795_2302166519,0.0,0,7
2025-11-27 12:18:35.375950,12375164797_1691398148,6.6,6,11
2025-11-27 12:18:35.580252,12375164797_12375164798,8.61,46,110
2025-11-27 12:18:35.785705,12375164798_2302164518,24.05,22,147
2025-11-27 12:18:35.942414,12484632695_12484632696,28.08,55,429
2025-11-27 12:18:36.080528,12484632695_12600043494,26.84,22,164
2025-11-27 12:18:36.270265,12484632696_5831399053,29.93,32,266
2025-11-27 12:18:36.501860,12513272960_10100966682,46.8,1,13
2025-11-27 12:18:36.725379,12513272960_5707407591,9.09,59,149
2025-11-27 12:18:36.927007,12559133535_11107112958,30.4,9,76
2025-11-27 12:18:37.066881,12559133535_8242664547,24.0,30,200
2025-11-27 12:18:37.190773,12600043488_12484632696,30.42,20,169
2025-11-27 12:18:37.354328,12600043494_6688570401,29.4,6,49
2025-11-27 12:18:37.502197,12600043494_12600043488,28.8,12,96
2025-11-27 12:18:37.690029,12606538099_4539684490,42.63,38,450
2025-11-27 12:18:37.823458,12606538104_5710222986,15.16,128,539
2025-11-27 12:18:37.959664,12725862784_4541105059,21.97,194,1184
2025-11-27 12:18:38.170311,12725862785_12725862784,18.9,4,21
2025-11-27 12:18:38.306086,12725862785_10151536198,22.5,8,50
2025-11-27 12:18:38.437065,12768097332_1881927756,6.55,11,20
2025-11-27 12:18:38.584689,12768097332_12768097335,9.0,18,45
2025-11-27 12:18:38.719957,12816414542_5718916293,21.2,9,53
2025-11-27 12:18:38.887152,12816414542_98035472,6.82,122,231
2025-11-27 12:18:39.022166,12816414547_5718916292,10.08,5,14
2025-11-27 12:18:39.150101,12872373345_12872373346,6.55,11,20
2025-11-27 12:18:39.350693,12872373345_10203920310,18.44,41,210
2025-11-27 12:18:39.535459,12872373346_12872373345,10.29,7,20
2025-11-27 12:18:39.680122,12872373346_1219243660,13.42,11,41
2025-11-27 12:18:39.817087,12908782868_10151536198,28.8,7,56
2025-11-27 12:18:39.959145,12908782868_12725862784,36.0,5,50
2025-11-27 12:18:40.107709,13023100784_10542328776,17.11,113,537
2025-11-27 12:18:40.241370,13023100784_13023100793,0.0,3,0
2025-11-27 12:18:40.369217,13023100793_13023100794,0.0,0,1
2025-11-27 12:18:40.612193,13023100793_420456583,16.34,160,726
2025-11-27 12:18:40.759466,13023100794_442993523,17.8,73,361
2025-11-27 12:18:40.952432,13023100794_13023100784,0.0,0,1
2025-11-27 12:18:41.086644,13206202825_4538405017,35.53,91,898
2025-11-27 12:18:41.245390,13206202825_4538405006,29.33,48,391
2025-11-27 12:18:41.375430,13282498392_8295729267,27.68,16,123
2025-11-27 12:18:41.500732,13282498392_13282498396,37.42,43,447
2025-11-27 12:18:41.628557,13282498396_6600206282,20.16,190,1064
2025-11-27 12:18:41.776829,13282498396_6600206283,10.58,16,47
2025-11-27 12:18:41.900644,13282498396_13282511305,28.38,17,134
2025-11-27 12:18:42.043103,13282511304_5710691045,31.95,8,71
2025-11-27 12:18:42.195369,13282511305_5598303159,0.0,0,5
2025-11-27 12:18:42.333404,13282511305_13282511304,36.42,77,779
2025-11-27 12:18:42.474244,13322115743_13322115744,26.82,142,1058
2025-11-27 12:18:42.671895,13322115743_5707262958,26.61,64,473
2025-11-27 12:18:42.816330,13322115744_13322115743,20.19,146,819
2025-11-27 12:18:42.960185,13322115744_1879088106,31.84,32,283
2025-11-27 12:18:43.100897,13327548965_13327548966,34.2,2,19
2025-11-27 12:18:43.236299,13327548966_10202001781,14.86,55,227
2025-11-27 12:18:43.399881,13327548966_13327548968,18.14,78,393
2025-11-27 12:18:43.546928,13327548967_2185731479,24.48,25,170
2025-11-27 12:18:43.688508,13327548967_13327548965,15.81,130,571
2025-11-27 12:18:43.819348,13327548968_13327548967,28.8,3,24
2025-11-27 12:21:01.283946,81805393_11950483412,4.15,13,15
2025-11-27 12:21:01.512143,81805393_1884765798,14.08,237,927
2025-11-27 12:21:01.719696,81806535_1497544749,15.2,9,38
2025-11-27 12:21:01.867583,81806535_5707161153,9.63,108,289
2025-11-27 12:21:02.015843,98026475_6677338241,18.57,119,614
2025-11-27 12:21:02.140014,98027697_4599745018,7.44,15,31
2025-11-27 12:21:02.379635,98027697_7985603138,18.51,7,36
2025-11-27 12:21:02.533089,98027697_10130533953,13.88,187,721
2025-11-27 12:21:02.659423,98031401_6661055810,0.0,13,0
2025-11-27 12:21:02.789362,98031401_8823455179,11.56,85,273
2025-11-27 12:21:02.986801,98035472_309816683,13.68,190,722
2025-11-27 12:21:03.118315,98035472_12816414547,13.3,243,898
2025-11-27 12:21:03.271423,98035472_5718916293,16.4,9,41
2025-11-27 12:21:03.480985,98041254_420456615,11.7,4,13
2025-11-27 12:21:03.691720,98041254_420522002,24.48,5,34
2025-11-27 12:21:03.824917,98041257_98041849,9.49,11,29
2025-11-27 12:21:04.027302,98041257_5710673974,15.84,5,22
2025-11-27 12:21:04.157249,98041257_5710673979,32.4,3,27
2025-11-27 12:21:04.282743,98041849_98041257,11.6,9,29
2025-11-27 12:21:04.465898,98041849_5718871870,15.12,5,21
2025-11-27 12:21:04.599407,98041849_733429120,5.44,43,65
2025-11-27 12:21:04.838922,98041851_98041254,22.98,164,1047
2025-11-27 12:21:05.056602,98041851_2084132002,27.36,5,38
2025-11-27 12:21:05.235624,98042270_309816682,17.11,130,618
2025-11-27 12:21:05.370769,98042270_6677300866,18.69,57,296
2025-11-27 12:21:05.494609,106078638_6587651051,36.0,5,50
2025-11-27 12:21:05.613676,106078638_442990465,22.5,8,50
2025-11-27 12:21:05.738832,106108917_2174649904,8.78,16,39
2025-11-27 12:21:05.866214,106108917_2176926218,23.87,89,590
2025-11-27 12:21:06.049474,106111364_6644672135,24.06,19,127
2025-11-27 12:21:06.181532,106111364_446030797,15.39,218,932
2025-11-27 12:21:06.368030,283139229_444875375,7.2,10,20
2025-11-27 12:21:06.508115,283139229_5718871870,17.0,165,779
2025-11-27 12:21:06.643563,283139229_6650982900,27.0,6,45
2025-11-27 12:21:06.773339,283139237_5206119178,19.36,98,527
2025-11-27 12:21:07.016297,283139237_2188036136,19.8,38,209
2025-11-27 12:21:07.204500,308728680_1314203102,8.74,7,17
2025-11-27 12:21:07.408274,308728680_310729950,14.6,214,868
2025-11-27 12:21:07.547387,308728680_2289997644,18.58,25,129
2025-11-27 12:21:07.677135,309595522_6666479030,10.44,10,29
2025-11-27 12:21:07.807520,309685730_6677300866,13.05,8,29
2025-11-27 12:21:07.934150,309685730_2195296719,17.39,141,681
2025-11-27 12:21:08.128417,309685730_309816682,17.65,62,304
2025-11-27 12:21:08.254295,309816682_98042270,7.2,13,26
2025-11-27 12:21:08.443982,309816682_5718916274,11.43,97,308
2025-11-27 12:21:08.611288,309816683_98035472,9.64,62,166
2025-11-27 12:21:08.800653,309816683_10296445822,11.75,276,901
2025-11-27 12:21:08.926755,309816683_10296445824,14.0,9,35
2025-11-27 12:21:09.135679,310729950_6677364041,7.55,31,65
2025-11-27 12:21:09.264722,310729950_6677300866,5.62,25,39
2025-11-27 12:21:09.452558,317366886_444501629,5.82,13,21
2025-11-27 12:21:09.669901,317366886_4540453399,18.24,153,775
2025-11-27 12:21:09.796612,317778303_427847910,8.0,9,20
2025-11-27 12:21:09.924183,317778303_5716477056,30.65,39,332
2025-11-27 12:21:10.053829,319490613_1104490487,23.81,140,926
2025-11-27 12:21:10.212156,420456583_6621078251,29.45,11,90
2025-11-27 12:21:10.332822,420456583_13023100793,16.29,19,86
2025-11-27 12:21:10.528854,420456595_10965136434,2.52,20,14
2025-11-27 12:21:10.681849,420456595_4541071715,13.46,80,299
2025-11-27 12:21:10.814242,420456615_733429120,15.43,7,30
2025-11-27 12:21:10.950758,420456615_98041257,9.65,25,67
2025-11-27 12:21:11.150081,420456683_5710231827,12.96,157,565
2025-11-27 12:21:11.315934,420456683_5206119178,14.2,18,71
2025-11-27 12:21:11.594529,420456683_1878932244,29.86,17,141
2025-11-27 12:21:11.789009,420457653_11107112923,28.42,38,300
2025-11-27 12:21:11.960481,420460217_1878921396,21.22,274,1615
2025-11-27 12:21:12.155461,420460217_4004297090,3.14,86,75
2025-11-27 12:21:12.342715,420522002_6587550954,26.64,10,74
2025-11-27 12:21:12.533485,421080868_4961341856,9.6,12,32
2025-11-27 12:21:12.679102,421080868_12357580645,13.67,108,410
2025-11-27 12:21:12.807087,427847910_2291072476,18.0,3,15
2025-11-27 12:21:13.001097,427847910_1495030951,21.6,6,36
2025-11-27 12:21:13.132330,428673752_421080868,13.14,86,314
2025-11-27 12:21:13.316216,428673752_2291064324,16.36,11,50
2025-11-27 12:21:13.458787,436383687_5710222987,30.13,19,159
2025-11-27 12:21:13.659276,436388447_2295384939,5.4,10,15
2025-11-27 12:21:13.783796,436388447_309685730,8.58,39,93
2025-11-27 12:21:13.918363,442990465_106078638,17.47,88,427
2025-11-27 12:21:14.043060,442990465_6687964478,11.99,206,686
2025-11-27 12:21:14.165401,442990465_6587651051,15.94,7,31
2025-11-27 12:21:14.364579,442993523_13023100794,19.4,67,361
2025-11-27 12:21:14.505927,444394912_2701184883,15.52,318,1371
2025-11-27 12:21:14.651081,444394912_4538405026,27.26,14,106
2025-11-27 12:21:14.834850,444394912_5716537702,4.7,46,60
2025-11-27 12:21:15.012942,444398125_444393381,15.18,23,97
2025-11-27 12:21:15.187175,444398125_2186671584,4.63,7,9
2025-11-27 12:21:15.374010,444501629_2291073251,10.8,6,18
2025-11-27 12:21:15.573612,444501629_2186671586,12.11,22,74
2025-11-27 12:21:15.706566,444501637_6648227221,46.8,2,26
2025-11-27 12:21:15.894714,444501637_6650982901,25.65,24,171
2025-11-27 12:21:16.090900,444874857_444875374,7.65,8,17
2025-11-27 12:21:16.230673,444874857_6651770210,27.57,47,360
2025-11-27 12:21:16.486643,444874859_6650810650,21.1,115,674
2025-11-27 12:21:16.616104,444874859_5710565212,25.2,19,133
2025-11-27 12:21:16.801040,444875109_448838032,12.96,5,18
2025-11-27 12:21:17.015981,444875109_5709996125,16.84,99,463
2025-11-27 12:21:17.218830,444875130_1613087628,18.0,4,20
2025-11-27 12:21:17.359045,444875130_1758170763,27.9,4,31
2025-11-27 12:21:17.501314,444875374_444875109,10.8,11,33
2025-11-27 12:21:17.634878,444875374_283139229,18.77,14,73
2025-11-27 12:21:17.766110,444875375_283139229,6.0,12,20
2025-11-27 12:21:17.911473,444875375_444875109,11.62,22,71
2025-11-27 12:21:18.131859,444875375_2188036136,19.32,125,671
2025-11-27 12:21:18.387354,445970096_2050902830,13.5,4,15
2025-11-27 12:21:18.600543,445970096_8823455180,9.32,34,88
2025-11-27 12:21:18.825034,445970127_2050902827,11.7,4,13
2025-11-27 12:21:19.005678,445970127_2050902832,22.55,19,119
2025-11-27 12:21:19.232894,445970799_1884776799,14.1,158,619
2025-11-27 12:21:19.362335,445970799_2291064328,13.47,27,101
2025-11-27 12:21:19.493144,446030797_2176926218,13.37,7,26
2025-11-27 12:21:19.618560,446030797_2174649904,19.48,107,579
2025-11-27 12:21:19.753872,446030797_106111364,16.48,52,238
2025-11-27 12:21:19.888460,448838032_444874857,9.77,7,19
2025-11-27 12:21:20.018865,448838032_2175126932,22.5,8,50
2025-11-27 12:21:20.159160,634709500_1613087622,16.96,316,1489
2025-11-27 12:21:20.286969,634709500_6650876740,20.8,18,104
2025-11-27 12:21:20.439224,733429120_98041851,10.2,6,17
2025-11-27 12:21:20.571074,733429120_6651770209,33.89,46,433
2025-11-27 12:21:20.709262,1104490487_319490613,8.1,8,18
2025-11-27 12:21:20.844521,1104490487_12357580642,22.16,175,1077
2025-11-27 12:21:21.012802,1219243636_1220930858,12.96,5,18
2025-11-27 12:21:21.131820,1219243636_1881928280,21.6,7,42
2025-11-27 12:21:21.258836,1219243660_12872373346,10.54,14,41
2025-11-27 12:21:21.391866,1220930858_1221053112,5.04,10,14
2025-11-27 12:21:21.637062,1220930858_10203920325,23.14,7,45
2025-11-27 12:21:21.823961,1220930867_12872373345,13.8,12,46
2025-11-27 12:21:21.955309,1221053112_1748294231,10.8,6,18
2025-11-27 12:21:22.105896,1221053112_1881928008,25.8,6,43
2025-11-27 12:21:22.256310,1221161727_1884747787,15.43,7,30
2025-11-27 12:21:22.395091,1221161727_3779255487,22.5,247,1544
2025-11-27 12:21:22.590535,1221161730_4106937190,19.8,12,66
2025-11-27 12:21:22.741987,1221161730_1221161727,6.24,30,52
2025-11-27 12:21:22.899882,1312645244_1691398148,15.6,3,13
2025-11-27 12:21:23.040767,1312645244_12375164798,19.8,2,11
2025-11-27 12:21:23.174345,1312650077_1838584736,17.1,4,19
2025-11-27 12:21:23.378775,1312650077_1879088108,23.64,148,972
2025-11-27 12:21:23.512255,1312650079_1887751321,18.0,4,20
2025-11-27 12:21:23.656538,1312650079_2185731477,26.55,8,59
2025-11-27 12:21:23.849754,1314185585_4539132165,44.47,102,1260
2025-11-27 12:21:24.046345,1314185648_4539132165,27.13,28,211
2025-11-27 12:21:24.175696,1314185653_2326674288,43.2,1,12
2025-11-27 12:21:24.373880,1314185677_1314191420,23.35,177,1148
2025-11-27 12:21:24.512340,1314185677_6621357112,28.29,148,1163
2025-11-27 12:21:24.650841,1314191398_106070559,31.87,456,4037
2025-11-27 12:21:24.800344,1314191405_5707122750,31.63,439,3857
2025-11-27 12:21:24.950015,1314191405_4538571818,40.2,6,67
2025-11-27 12:21:25.081770,1314191414_436383687,24.48,5,34
2025-11-27 12:21:25.208539,1314191415_1314191414,7.62,77,163
2025-11-27 12:21:25.333991,1314191415_4539674875,4.49,65,81
2025-11-27 12:21:25.534670,1314191417_4930438606,39.6,14,154
2025-11-27 12:21:25.680331,1314191420_4539674875,8.75,44,107
2025-11-27 12:21:25.889919,1314191420_5709923602,11.46,131,417
2025-11-27 12:21:26.091057,1314191436_6621426601,5.4,22,33
2025-11-27 12:21:26.222360,1314191436_5709923601,23.47,27,176
2025-11-27 12:21:26.344934,1314203096_2053894358,21.33,40,237
2025-11-27 12:21:26.553142,1314203102_308728680,17.03,130,615
2025-11-27 12:21:26.693765,1314203102_1314203096,15.6,12,52
2025-11-27 12:21:26.851474,1314209691_1495020912,13.76,151,577
2025-11-27 12:21:26.985554,1314209691_6405794494,7.2,41,82
2025-11-27 12:21:27.132746,1314209698_1884765802,12.96,5,18
2025-11-27 12:21:27.259970,1314209698_11014094288,24.0,6,40
2025-11-27 12:21:27.405860,1314209699_11950483417,15.94,7,31
2025-11-27 12:21:27.542007,1314209699_1884765806,14.1,225,881
2025-11-27 12:21:27.668909,1314209716_6677895172,28.8,28,224
2025-11-27 12:21:27.820635,1314209716_1887748894,16.13,216,968
2025-11-27 12:21:27.958499,1314209717_6659134174,23.62,16,105
2025-11-27 12:21:28.087144,1475295085_1475295086,28.8,6,48
2025-11-27 12:21:28.224905,1475295085_1312645244,19.14,76,404
2025-11-27 12:21:28.374627,1475295086_1475295085,26.0,320,2311
2025-11-27 12:21:28.570170,1475295086_1879091756,36.05,77,771
2025-11-27 12:21:28.735410,1494041345_6677895176,20.16,5,28
2025-11-27 12:21:28.872997,1494041345_4004297090,7.73,48,103
2025-11-27 12:21:29.005603,1494041351_1494041366,31.54,21,184
2025-11-27 12:21:29.205521,1494041352_1494041374,29.05,29,234
2025-11-27 12:21:29.334790,1494041366_1878932244,21.6,92,552
2025-11-27 12:21:29.537167,1494041366_6670444530,28.27,34,267
2025-11-27 12:21:29.695841,1494041374_1758633098,15.91,88,389
2025-11-27 12:21:29.824097,1495020912_1758631175,12.86,7,25
2025-11-27 12:21:29.981262,1495020912_6688503842,16.8,6,28
2025-11-27 12:21:30.175964,1495022225_634709500,20.7,4,23
2025-11-27 12:21:30.384157,1495023340_1314209691,16.28,119,538
2025-11-27 12:21:30.534870,1495025257_6648096525,37.2,3,31
2025-11-27 12:21:30.678453,1495025257_6650810650,20.97,23,134
2025-11-27 12:21:30.942749,1495030950_1495030951,19.44,10,54
2025-11-27 12:21:31.077211,1495030950_427847910,7.01,19,37
2025-11-27 12:21:31.217812,1495030951_317366886,13.96,189,733
2025-11-27 12:21:31.461621,1497544719_428673752,6.17,21,36
2025-11-27 12:21:31.614525,1497544719_1904353550,8.77,23,56
2025-11-27 12:21:31.769587,1497544736_5707161153,15.6,6,26
2025-11-27 12:21:31.947894,1497544736_5707161151,13.33,27,100
2025-11-27 12:21:32.167474,1497544738_5707161163,12.6,6,21
2025-11-27 12:21:32.359761,1497544749_5706891499,20.34,20,113
2025-11-27 12:21:32.489216,1497544764_9980229913,19.65,35,191
2025-11-27 12:21:32.630707,1497544764_5706896622,21.6,14,84
2025-11-27 12:21:32.762649,1497544796_7301485388,22.58,129,809
2025-11-27 12:21:32.955116,1497544796_5704011299,22.15,203,1249
2025-11-27 12:21:33.109416,1497544796_1497544764,25.12,44,307
2025-11-27 12:21:33.258685,1498038039_420457653,9.04,51,128
2025-11-27 12:21:33.502949,1498111685_10180671333,10.8,5,15
2025-11-27 12:21:33.687173,1498111685_5716649671,12.74,13,46
2025-11-27 12:21:33.846457,1613087620_444875130,7.8,6,13
2025-11-27 12:21:33.972359,1613087620_5716616005,12.2,18,61
2025-11-27 12:21:34.105401,1613087622_1613087620,19.15,135,718
2025-11-27 12:21:34.307177,1613087622_444874859,24.0,3,20
2025-11-27 12:21:34.463036,1613087628_1613087622,15.3,4,17
2025-11-27 12:21:34.608863,1613087628_1495022225,20.7,8,46
2025-11-27 12:21:34.782558,1691398148_1881927756,24.05,250,1670
2025-11-27 12:21:34.993280,1692627215_6631796343,25.02,39,271
2025-11-27 12:21:35.126027,1692627215_1919720738,23.76,5,33
2025-11-27 12:21:35.350072,1699561405_1849738362,6.66,20,37
2025-11-27 12:21:35.556878,1699561405_5716544649,33.73,709,6642
2025-11-27 12:21:35.706595,1748294231_1219243636,7.2,7,14
2025-11-27 12:21:35.893823,1748294231_10203920328,21.15,8,47
2025-11-27 12:21:36.087657,1748294250_1748294257,8.4,6,14
2025-11-27 12:21:36.260738,1748294250_10203920324,21.11,22,129
2025-11-27 12:21:36.379967,1748294257_1748294250,8.4,6,14
2025-11-27 12:21:36.567441,1748294257_1919751060,18.06,61,306
2025-11-27 12:21:36.689099,1748294274_5710673974,17.27,124,595
2025-11-27 12:21:36.829671,1748294274_10542328776,4.43,39,48
2025-11-27 12:21:37.021141,1758170763_12024836052,26.16,15,109
2025-11-27 12:21:37.163715,1758170772_6648096523,8.4,6,14
2025-11-27 12:21:37.359959,1758170772_1495022225,10.92,30,91
2025-11-27 12:21:37.510309,1758629824_5683792676,15.6,3,13
2025-11-27 12:21:37.639923,1758631175_1314209699,20.4,3,17
2025-11-27 12:21:37.843281,1758631175_1884769979,18.0,8,40
2025-11-27 12:21:37.973509,1758633098_1758633108,27.6,3,23
2025-11-27 12:21:38.196746,1758633098_81805393,19.45,279,1507
2025-11-27 12:21:38.360784,1758633108_6659134174,31.2,3,26
2025-11-27 12:21:38.581314,1758633108_1758633112,23.0,80,511
2025-11-27 12:21:38.747445,1758633112_6659134172,19.88,212,1171
2025-11-27 12:21:38.871630,1758633112_1758633108,30.48,30,254
2025-11-27 12:21:39.008333,1758651218_6610574244,21.39,17,101
2025-11-27 12:21:39.134389,1758651218_6606566485,24.21,80,538
2025-11-27 12:21:39.263788,1838584736_1312650079,17.64,10,49
2025-11-27 12:21:39.440605,1838584736_1879088105,24.0,12,80
2025-11-27 12:21:39.562640,1849738362_1699561405,4.04,33,37
2025-11-27 12:21:39.745817,1849738362_5898769297,38.17,58,615
2025-11-27 12:21:39.938904,1878921396_6659072489,9.0,2,5
2025-11-27 12:21:40.094023,1878921403_5686426699,32.95,52,476
2025-11-27 12:21:40.245745,1878921403_5686426699,32.95,52,476
2025-11-27 12:21:40.382905,1878921405_1878921403,20.08,19,106
2025-11-27 12:21:40.528634,1878932244_1494041366,12.86,7,25
2025-11-27 12:21:40.695525,1878932244_420460217,10.35,64,184
2025-11-27 12:21:40.829593,1879088105_1879091755,29.31,14,114
2025-11-27 12:21:41.027966,1879088106_1879088105,23.93,17,113
2025-11-27 12:21:41.228225,1879088106_1838584736,13.45,148,553
2025-11-27 12:21:41.356912,1879088107_1879088108,25.44,15,106
2025-11-27 12:21:41.620068,1879088107_1312650077,7.48,38,79
2025-11-27 12:21:41.824207,1879088108_13322115743,33.79,31,291
2025-11-27 12:21:42.015333,1879091753_1879091756,16.2,12,54
2025-11-27 12:21:42.217513,1879091753_1475295085,37.15,72,743
2025-11-27 12:21:42.369360,1879091755_5898769297,13.03,158,572
2025-11-27 12:21:42.581027,1879091755_1699561405,24.76,89,612
2025-11-27 12:21:42.751364,1879091756_1879091753,17.0,169,798
2025-11-27 12:21:42.897781,1879091756_1879088107,25.2,13,91
2025-11-27 12:21:43.049799,1881927756_2302166519,28.8,2,16
2025-11-27 12:21:43.213714,1881927756_12375164794,43.2,1,12
2025-11-27 12:21:43.365430,1881927757_1881928008,6.69,70,130
2025-11-27 12:21:43.524416,1881927757_1881927759,7.28,45,91
2025-11-27 12:21:43.678177,1881927757_1748294231,4.1,36,41
2025-11-27 12:21:43.823325,1881927759_6687964478,18.5,218,1120
2025-11-27 12:21:43.975073,1881928007_1881928008,24.8,9,62
2025-11-27 12:21:44.203255,1881928007_1221053112,4.65,31,40
2025-11-27 12:21:44.335653,1881928008_1881927757,8.28,10,23
2025-11-27 12:21:44.478609,1881928008_13327548968,20.66,122,700
2025-11-27 12:21:44.662456,1881928278_10203920329,0.0,0,6
2025-11-27 12:21:44.794852,1881928278_6672531385,27.82,11,85
2025-11-27 12:21:44.976149,1881928279_1881928280,5.66,84,132
2025-11-27 12:21:45.164251,1881928279_1220930858,3.23,48,43
2025-11-27 12:21:45.317400,1881928280_6672531385,43.2,1,12
2025-11-27 12:21:45.472415,1881949102_1881949103,19.2,12,64
2025-11-27 12:21:45.633088,1881949102_4539675829,30.46,50,423
2025-11-27 12:21:45.787101,1881949103_1881949102,27.23,69,522
2025-11-27 12:21:45.966234,1881949103_11768052436,32.68,26,236
2025-11-27 12:21:46.107433,1884747787_4538405005,15.12,5,21
2025-11-27 12:21:46.241661,1884747789_1884747787,15.6,15,65
2025-11-27 12:21:46.398184,1884747789_3779255487,4.65,24,31
2025-11-27 12:21:46.555852,1884765798_6658429241,19.71,99,542
2025-11-27 12:21:46.697715,1884765802_1758629824,10.29,7,20
2025-11-27 12:21:46.837436,1884765802_5674347102,12.96,5,18
2025-11-27 12:21:46.976493,1884765806_1495020912,6.22,11,19
2025-11-27 12:21:47.114497,1884765806_1884765798,15.48,223,959
2025-11-27 12:21:47.249810,1884768305_1314209717,20.62,11,63
2025-11-27 12:21:47.409498,1884768305_1314209699,3.51,38,37
2025-11-27 12:21:47.615673,1884769977_6688503847,7.71,7,15
2025-11-27 12:21:47.806324,1884769977_1884769979,25.2,9,63
2025-11-27 12:21:48.022183,1884769979_6644672133,18.55,13,67
2025-11-27 12:21:48.169897,1884776799_445970799,18.04,100,501
2025-11-27 12:21:48.365644,1884776799_5954441639,18.05,146,732
2025-11-27 12:21:48.504319,1887748894_5875603186,18.0,9,45
2025-11-27 12:21:48.623504,1887751321_1312650077,19.35,8,43
2025-11-27 12:21:48.750195,1887751321_2185731481,28.8,7,56
2025-11-27 12:21:48.886441,1897734810_1897734813,14.8,9,37
2025-11-27 12:21:49.025804,1897734810_5710222979,6.73,177,331
2025-11-27 12:21:49.168992,1897734813_1897734810,19.03,7,37
2025-11-27 12:21:49.304466,1897734813_5093497429,16.2,22,99
2025-11-27 12:21:49.431622,1901865134_1901865135,23.04,5,32
2025-11-27 12:21:49.565885,1901865134_5710136485,20.16,30,168
2025-11-27 12:21:49.696848,1901865135_1901865134,22.97,168,1072
2025-11-27 12:21:49.883633,1901865135_5710673956,28.38,43,339
2025-11-27 12:21:50.009204,1904353550_1884776799,16.69,22,102
2025-11-27 12:21:50.133568,1904360482_2174649908,9.9,8,22
2025-11-27 12:21:50.262290,1904360482_106108917,20.16,60,336
2025-11-27 12:21:50.465120,1919720738_6641911209,0.0,0,6
2025-11-27 12:21:50.711056,1919750981_6631796343,25.92,5,36
2025-11-27 12:21:50.843390,1919750981_1919720738,20.7,8,46
2025-11-27 12:21:50.992032,1919751043_1919751060,32.4,2,18
2025-11-27 12:21:51.135110,1919751043_1748294250,13.46,84,314
2025-11-27 12:21:51.260001,1919751060_1954877845,32.4,2,18
2025-11-27 12:21:51.417352,1919751060_1919751043,10.8,6,18
2025-11-27 12:21:51.577759,1954877845_1919750981,26.8,9,67
2025-11-27 12:21:51.727502,2050902820_98031401,5.82,13,21
2025-11-27 12:21:51.925997,2050902820_6662639319,16.2,6,27
2025-11-27 12:21:52.111361,2050902827_445970127,5.2,9,13
2025-11-27 12:21:52.373601,2050902827_2050902836,29.76,15,124
2025-11-27 12:21:52.517212,2050902830_445970096,10.8,5,15
2025-11-27 12:21:52.729664,2050902830_2050902833,25.2,18,126
2025-11-27 12:21:52.854332,2050902832_2050902833,3.34,14,13
2025-11-27 12:21:52.987110,2050902832_445970096,23.8,18,119
2025-11-27 12:21:53.178677,2050902833_2050902827,24.4,18,122
2025-11-27 12:21:53.325492,2050902833_2050902832,6.69,7,13
2025-11-27 12:21:53.458668,2050902835_2050902836,9.6,6,16
2025-11-27 12:21:53.599018,2050902835_445970127,27.0,16,120
2025-11-27 12:21:53.784555,2050902836_2050902835,4.8,12,16
2025-11-27 12:21:53.968754,2050902836_5489009621,27.4,18,137
2025-11-27 12:21:54.166772,2053894358_8237661942,10.29,7,20
2025-11-27 12:21:54.363284,2053894358_2290010720,18.87,108,566
2025-11-27 12:21:54.559119,2084132002_5716649671,27.0,2,15
2025-11-27 12:21:54.752020,2084132003_5718871870,9.36,15,39
2025-11-27 12:21:54.952389,2084132003_5710673979,7.63,58,123
2025-11-27 12:21:55.082029,2084132003_98041849,4.29,26,31
2025-11-27 12:21:55.216928,2174649904_106108917,19.47,76,411
2025-11-27 12:21:55.348073,2174649904_2174649908,23.71,53,349
2025-11-27 12:21:55.512840,2174649908_1904360482,13.95,113,438
2025-11-27 12:21:55.683007,2174649908_4961341864,13.8,48,184
2025-11-27 12:21:55.815320,2175126932_6648227223,24.6,24,164
2025-11-27 12:21:55.981871,2175126939_2175126932,7.76,77,166
2025-11-27 12:21:56.105036,2175126939_444874857,4.1,43,49
2025-11-27 12:21:56.277626,2176926218_446030797,15.06,60,251
2025-11-27 12:21:56.413793,2176926218_6662241095,24.98,16,111
2025-11-27 12:21:56.566978,2176926218_5716616005,11.63,130,420
2025-11-27 12:21:56.739813,2185731222_1314191415,3.91,47,51
2025-11-27 12:21:56.947537,2185731222_436383687,7.44,120,248
2025-11-27 12:21:57.143581,2185731475_2185731477,30.24,10,84
2025-11-27 12:21:57.285604,2185731475_1312650079,7.73,27,58
2025-11-27 12:21:57.460461,2185731477_13327548965,27.49,22,168
2025-11-27 12:21:57.589930,2185731479_2185731481,32.4,9,81
2025-11-27 12:21:57.738049,2185731479_1887751321,4.37,47,57
2025-11-27 12:21:57.861172,2185731481_1879091753,29.83,14,116
2025-11-27 12:21:57.988184,2186671583_2186671586,3.6,9,9
2025-11-27 12:21:58.187467,2186671583_2291073251,4.99,44,61
2025-11-27 12:21:58.324710,2186671584_444398125,6.48,5,9
2025-11-27 12:21:58.478753,2186671584_2186671583,22.14,20,123
2025-11-27 12:21:58.695560,2186671585_2186671584,18.72,15,78
2025-11-27 12:21:58.825466,2186671586_2186671583,5.4,6,9
2025-11-27 12:21:58.956858,2186671586_444398125,16.56,30,138
2025-11-27 12:21:59.092122,2188036136_283139237,12.3,175,598
2025-11-27 12:21:59.227585,2188036136_444875375,5.53,82,126
2025-11-27 12:21:59.352250,2195296719_6644721587,0.0,0,4
2025-11-27 12:21:59.575253,2195296719_438036727,19.8,20,110
2025-11-27 12:21:59.722865,2195296719_309685730,15.92,154,681
2025-11-27 12:21:59.891364,2212544448_1314191436,5.4,8,12
2025-11-27 12:22:00.034660,2212544448_1314185648,19.96,44,244
2025-11-27 12:22:00.185544,2274969534_5828495464,5.4,10,15
2025-11-27 12:22:00.348993,2274969534_5718868836,27.41,44,335
2025-11-27 12:22:00.479751,2289976216_5718868836,24.59,100,683
2025-11-27 12:22:00.608266,2289976216_5828495464,24.98,48,333
2025-11-27 12:22:00.750608,2289997642_2289997644,4.4,9,11
2025-11-27 12:22:00.945374,2289997642_1314203102,12.37,39,134
2025-11-27 12:22:01.080395,2289997644_2289997642,13.2,3,11
2025-11-27 12:22:01.211521,2289997644_2289976216,23.83,21,139
2025-11-27 12:22:01.356316,2290010720_2290010722,5.6,9,14
2025-11-27 12:22:01.483971,2290010720_309595522,9.96,56,155
2025-11-27 12:22:01.617668,2290010722_2290010720,7.2,7,14
2025-11-27 12:22:01.773347,2290010722_8237661942,17.51,117,569
2025-11-27 12:22:01.933313,2291064324_319490613,21.98,19,116
2025-11-27 12:22:02.074352,2291064328_2291064324,19.64,11,60
2025-11-27 12:22:02.229551,2291064328_428673752,3.71,32,33
2025-11-27 12:22:02.382884,2291072469_317366886,7.2,6,12
2025-11-27 12:22:02.524497,2291072469_5710136488,15.54,170,734
2025-11-27 12:22:02.689415,2291072476_5710136485,8.1,8,18
2025-11-27 12:22:02.867023,2291072476_5710136487,23.04,5,32
2025-11-27 12:22:03.008112,2291073251_2291072469,7.92,10,22
2025-11-27 12:22:03.149659,2291073251_2291254030,21.85,43,261
2025-11-27 12:22:03.366909,2291254028_2291254030,12.24,10,34
2025-11-27 12:22:03.494217,2291254028_2291072469,11.69,81,263
2025-11-27 12:22:03.654113,2291254030_2291254028,20.57,200,1143
2025-11-27 12:22:03.800386,2291254030_444501637,26.58,47,347
2025-11-27 12:22:03.923031,2295384939_436388447,7.71,7,15
2025-11-27 12:22:04.065867,2295384939_5721511585,23.36,43,279
2025-11-27 12:22:04.201434,2302164518_2302164519,23.31,105,680
2025-11-27 12:22:04.341905,2302164518_5719031414,23.35,74,480
2025-11-27 12:22:04.493905,2302164519_2302164518,6.8,9,17
2025-11-27 12:22:04.641790,2302164519_12375164797,8.35,66,153
2025-11-27 12:22:04.806244,2302166519_1312645244,9.12,15,38
2025-11-27 12:22:05.002580,2302166519_1475295086,29.3,50,407
2025-11-27 12:22:05.148875,2303337176_1498038039,31.47,31,271
2025-11-27 12:22:05.298289,2326674277_5709923606,43.2,2,24
2025-11-27 12:22:05.425438,2326674277_2326674288,34.65,24,231
2025-11-27 12:22:05.579867,2326674281_5709923603,54.0,1,15
2025-11-27 12:22:05.703125,2326674281_1314191417,34.43,23,220
2025-11-27 12:22:05.907927,2326674288_4539674888,35.79,17,169
2025-11-27 12:22:06.070712,2570960524_12206582473,29.47,70,573
2025-11-27 12:22:06.205307,2570960524_5707647500,32.77,29,264
2025-11-27 12:22:06.456674,2584589542_5721511586,28.38,162,1277
2025-11-27 12:22:06.593729,2701058419_5716537675,13.25,50,184
2025-11-27 12:22:06.801650,2701184883_4539682086,21.47,27,161
2025-11-27 12:22:06.928031,3075526390_1919751043,28.8,3,24
2025-11-27 12:22:07.072959,3075526390_1954877845,23.6,9,59
2025-11-27 12:22:07.275697,3075526396_3075526390,27.45,8,61
2025-11-27 12:22:07.441366,3779255487_2701184883,16.5,297,1361
2025-11-27 12:22:07.576316,3779255487_5716537702,6.22,33,57
2025-11-27 12:22:07.712926,3779255494_4538405026,20.88,5,29
2025-11-27 12:22:07.877303,4004297090_1878921396,10.12,16,45
2025-11-27 12:22:08.002311,4004297090_1878921405,13.02,26,94
2025-11-27 12:22:08.151517,4025084971_6666128977,37.44,10,104
2025-11-27 12:22:08.278653,4025084971_4538571805,23.14,7,45
2025-11-27 12:22:08.460265,4025115175_5707407583,6.69,14,26
2025-11-27 12:22:08.618371,4025115175_5709996124,11.97,46,153
2025-11-27 12:22:08.772905,4027449781_6621078261,20.54,44,251
2025-11-27 12:22:08.909716,4106937190_4538404990,0.0,0,5
2025-11-27 12:22:09.115669,4538404990_13282498392,22.2,6,37
2025-11-27 12:22:09.318616,4538404991_4538405005,23.72,246,1621
2025-11-27 12:22:09.463204,4538404991_1221161727,21.97,487,2972
2025-11-27 12:22:09.652032,4538404998_3779255494,14.19,17,67
2025-11-27 12:22:09.794272,4538404998_1221161730,3.97,39,43
2025-11-27 12:22:09.935422,4538405005_4538405024,23.05,57,365
2025-11-27 12:22:10.081609,4538405006_1884747789,3.9,24,26
2025-11-27 12:22:10.230342,4538405006_2701184883,14.66,348,1417
2025-11-27 12:22:10.355681,4538405017_11700202516,32.13,54,482
2025-11-27 12:22:10.494171,4538405021_4538405024,39.28,79,862
2025-11-27 12:22:10.626351,4538405021_4538405061,31.6,425,3730
2025-11-27 12:22:10.769066,4538405024_6689058288,34.62,34,327
2025-11-27 12:22:10.915022,4538405026_4538405017,31.88,421,3728
2025-11-27 12:22:11.130236,4538405061_4538404998,21.6,4,24
2025-11-27 12:22:11.300979,4538405061_4106937190,6.97,159,308
2025-11-27 12:22:11.442988,4538405136_11768052437,27.75,79,609
2025-11-27 12:22:11.596933,4538405136_4538405137,30.68,69,588
2025-11-27 12:22:11.748479,4538405137_4540453395,13.29,26,96
2025-11-27 12:22:11.932875,4538571805_5707122780,36.77,192,1961
2025-11-27 12:22:12.071470,4538571805_4539675798,33.07,97,891
2025-11-27 12:22:12.300278,4538571806_4539675798,29.83,7,58
2025-11-27 12:22:12.480960,4538571806_5707122775,21.6,5,30
2025-11-27 12:22:12.676627,4538571818_1314191398,50.4,3,42
2025-11-27 12:22:12.866613,4539132150_4830545884,47.72,94,1246
2025-11-27 12:22:12.986236,4539132150_2326674277,28.67,27,215
2025-11-27 12:22:13.151506,4539132165_5716477055,18.09,38,191
2025-11-27 12:22:13.350342,4539674875_6621426593,28.35,8,63
2025-11-27 12:22:13.482102,4539674875_4539674879,8.64,30,72
2025-11-27 12:22:13.696382,4539674879_1314185677,20.54,17,97
2025-11-27 12:22:13.871141,4539674879_6628818468,26.74,7,52
2025-11-27 12:22:14.027510,4539674883_5716544649,45.12,30,376
2025-11-27 12:22:14.162501,4539674883_12606538099,59.87,89,1480
2025-11-27 12:22:14.287428,4539674888_1849738362,23.34,93,603
2025-11-27 12:22:14.437036,4539674888_3779255475,31.53,173,1515
2025-11-27 12:22:14.644247,4539675798_4538571805,32.27,425,3810
2025-11-27 12:22:14.782102,4539675798_5707122775,19.44,10,54
2025-11-27 12:22:14.915593,4539675798_10159724112,22.8,6,38
2025-11-27 12:22:15.108013,4539675829_444394912,22.1,29,178
2025-11-27 12:22:15.239860,4539682086_1881949103,27.79,57,440
2025-11-27 12:22:15.389255,4539682086_12606538104,26.09,61,442
2025-11-27 12:22:15.532035,4539684490_4539675829,29.93,51,424
2025-11-27 12:22:15.715368,4539684490_3779242655,55.7,89,1377
2025-11-27 12:22:15.890773,4540453369_4540453370,7.2,9,18
2025-11-27 12:22:16.030191,4540453370_4540453369,8.1,8,18
2025-11-27 12:22:16.160139,4540453370_5707271704,29.38,37,302
2025-11-27 12:22:16.309424,4540453378_5707271696,30.0,24,200
2025-11-27 12:22:16.448843,4540453393_4540453394,15.43,7,30
2025-11-27 12:22:16.584259,4540453393_10076263977,37.8,2,21
2025-11-27 12:22:16.751578,4540453394_5093497431,24.69,7,48
2025-11-27 12:22:16.886630,4540453394_4540453405,15.71,74,323
2025-11-27 12:22:17.085476,4540453395_4540453396,23.4,10,65
2025-11-27 12:22:17.211574,4540453395_4540453393,7.05,24,47
2025-11-27 12:22:17.337232,4540453396_4540453400,42.56,17,201
2025-11-27 12:22:17.478875,4540453399_10076263973,16.97,105,495
2025-11-27 12:22:17.605649,4540453399_5093497430,24.3,28,189
2025-11-27 12:22:17.769132,4540453400_444501629,13.19,370,1356
2025-11-27 12:22:17.916190,4540453404_10076263978,4.91,11,15
2025-11-27 12:22:18.049796,4540453404_4540453406,13.18,136,498
2025-11-27 12:22:18.179337,4540453405_4542621501,12.8,9,32
2025-11-27 12:22:18.374854,4540453405_10076263979,13.48,114,427
2025-11-27 12:22:18.567622,4540453406_4538405136,29.4,12,98
2025-11-27 12:22:18.733412,4541071715_4541071716,6.0,9,15
2025-11-27 12:22:18.859490,4541071715_6587550955,26.96,51,382
2025-11-27 12:22:19.051175,4541071716_4541071715,2.7,20,15
2025-11-27 12:22:19.187539,4541071716_10965136434,15.43,70,300
2025-11-27 12:22:19.351765,4541105058_5707271706,36.0,2,20
2025-11-27 12:22:19.546099,4541105059_4541105058,14.4,3,12
2025-11-27 12:22:19.720927,4541105059_11182265554,25.51,233,1651
2025-11-27 12:22:19.857757,4542621501_4540453393,9.12,15,38
2025-11-27 12:22:20.034856,4542621501_4540453406,24.0,6,40
2025-11-27 12:22:20.201590,4599745018_98027697,13.03,100,362
2025-11-27 12:22:20.332993,4599745018_10130533955,21.6,5,30
2025-11-27 12:22:20.552477,4599745018_7920618648,10.4,271,783
2025-11-27 12:22:20.743507,4600895552_10130533953,13.85,46,177
2025-11-27 12:22:20.943958,4600895552_6617292919,11.27,169,529
2025-11-27 12:22:21.140460,4830545876_6325815718,18.6,24,124
2025-11-27 12:22:21.318649,4830545876_5707122751,43.71,57,692
2025-11-27 12:22:21.444061,4830545884_106070559,57.7,37,593
2025-11-27 12:22:21.635435,4830545884_5707122751,39.76,22,243
2025-11-27 12:22:21.790382,4930425700_4930425704,34.65,24,231
2025-11-27 12:22:21.913466,4930425700_1314185585,52.24,43,624
2025-11-27 12:22:22.042991,4930425704_4025084971,38.4,3,32
2025-11-27 12:22:22.263336,4930438606_4830545876,52.2,2,29
2025-11-27 12:22:22.412498,4961341856_1497544719,10.42,103,298
2025-11-27 12:22:22.669090,4961341856_5707161154,20.62,11,63
2025-11-27 12:22:22.880431,4961341859_4961341860,8.84,132,324
2025-11-27 12:22:23.012975,4961341859_6661055809,5.87,19,31
2025-11-27 12:22:23.143531,4961341860_4961341865,6.96,15,29
2025-11-27 12:22:23.291941,4961341864_4961341859,8.64,10,24
2025-11-27 12:22:23.499755,4961341864_6685236291,25.2,23,161
2025-11-27 12:22:23.730773,4961341865_4961341864,16.1,87,389
2025-11-27 12:22:23.874919,4961341865_1904360482,19.96,33,183
2025-11-27 12:22:24.071290,5093497426_10076263973,27.45,24,183
2025-11-27 12:22:24.207699,5093497429_5093497426,18.98,11,58
2025-11-27 12:22:24.331575,5093497429_4540453405,8.05,17,38
2025-11-27 12:22:24.523401,5093497430_10076263976,4.11,21,24
2025-11-27 12:22:24.677987,5093497430_5093497431,27.6,9,69
2025-11-27 12:22:24.819458,5093497431_1897734810,17.81,19,94
2025-11-27 12:22:24.941909,5206119178_283139237,21.32,89,527
2025-11-27 12:22:25.078803,5206119178_420456683,20.7,195,1121
2025-11-27 12:22:25.213683,5485653490_5875623873,24.0,3,20
2025-11-27 12:22:25.464445,5485653490_6688490814,17.0,79,373
2025-11-27 12:22:25.598856,5485722628_6606566488,17.9,216,1074
2025-11-27 12:22:25.720854,5485722628_8341509537,21.28,68,402
2025-11-27 12:22:25.923986,5485722628_6610228314,9.39,23,60
2025-11-27 12:22:26.071583,5489009621_6677147310,18.72,5,26
2025-11-27 12:22:26.210610,5489009621_6677147301,19.94,26,144
2025-11-27 12:22:26.396795,5598303159_13282511305,0.0,0,5
2025-11-27 12:22:26.588466,5598303159_13282511304,37.65,74,774
2025-11-27 12:22:26.730381,5641890821_5641890822,24.3,199,1343
2025-11-27 12:22:26.868170,5641890821_6661487945,21.6,166,996
2025-11-27 12:22:27.006038,5641890822_5641890821,24.75,8,55
2025-11-27 12:22:27.130509,5641890822_5641890823,28.99,19,153
2025-11-27 12:22:27.277491,5641890823_10087376960,18.49,22,113
2025-11-27 12:22:27.432929,5641890823_11700202517,19.8,6,33
2025-11-27 12:22:27.555503,5645750065_9970440452,17.82,20,99
2025-11-27 12:22:27.686016,5645750065_9970440452,17.82,20,99
2025-11-27 12:22:27.810669,5674347102_1758629824,9.77,7,19
2025-11-27 12:22:27.964723,5674347102_7920618648,4.45,475,587
2025-11-27 12:22:28.090084,5683715143_1494041345,8.37,46,107
2025-11-27 12:22:28.325071,5683792676_1314209698,20.14,128,716
2025-11-27 12:22:28.476301,5683792676_98026475,24.69,7,48
2025-11-27 12:22:28.604860,5686426699_7985603148,35.2,9,88
2025-11-27 12:22:28.760464,5686449780_6688471376,24.84,10,69
2025-11-27 12:22:28.887970,5706891499_5706896622,21.0,139,811
2025-11-27 12:22:29.017306,5706891499_9980229913,22.71,13,82
2025-11-27 12:22:29.157772,5706896622_5706891499,10.0,9,25
2025-11-27 12:22:29.291717,5706896622_1497544738,8.94,60,149
2025-11-27 12:22:29.451014,5707122750_6677687648,31.46,363,3172
2025-11-27 12:22:29.588090,5707122750_1699561412,31.46,23,201
2025-11-27 12:22:29.772435,5707122751_6677687648,64.8,1,18
2025-11-27 12:22:29.925047,5707122775_10159724112,28.96,175,1408
2025-11-27 12:22:30.072592,5707122779_4538571806,35.82,20,199
2025-11-27 12:22:30.232633,5707122782_6677687639,30.37,23,194
2025-11-27 12:22:30.358251,5707161151_81806535,5.54,26,40
2025-11-27 12:22:30.488544,5707161153_1497544738,10.47,99,288
2025-11-27 12:22:30.649397,5707161153_5707161163,10.59,105,309
2025-11-27 12:22:30.775756,5707161153_1497544749,18.0,7,35
2025-11-27 12:22:30.901223,5707161154_8231491411,22.2,12,74
2025-11-27 12:22:31.039211,5707161162_1904353550,6.11,56,95
2025-11-27 12:22:31.166339,5707161162_1497544719,4.25,33,39
2025-11-27 12:22:31.301999,5707161163_5707161154,25.56,10,71
2025-11-27 12:22:31.435012,5707161163_4961341856,10.97,149,454
2025-11-27 12:22:31.652781,5707262958_6685466405,11.86,17,56
2025-11-27 12:22:31.780480,5707271696_4541105058,32.15,58,518
2025-11-27 12:22:31.910835,5707271700_5707271696,20.57,7,40
2025-11-27 12:22:32.036522,5707271703_5707271704,26.91,82,613
2025-11-27 12:22:32.156122,5707271703_4540453369,29.48,37,303
2025-11-27 12:22:32.281865,5707271704_5707271705,17.6,27,132
2025-11-27 12:22:32.415659,5707271705_4541105059,27.6,3,23
2025-11-27 12:22:32.679456,5707271705_12725862785,26.4,162,1188
2025-11-27 12:22:32.871089,5707271706_5707271705,25.37,125,881
2025-11-27 12:22:33.064130,5707271706_5707271703,29.7,16,132
2025-11-27 12:22:33.189915,5707407583_5707407590,22.8,3,19
2025-11-27 12:22:33.315798,5707407590_5707407591,5.6,9,14
2025-11-27 12:22:33.446532,5707407590_6670444529,26.8,45,335
2025-11-27 12:22:33.642455,5707407591_4025115175,10.8,7,21
2025-11-27 12:22:33.831358,5707407591_6685434573,22.5,28,175
2025-11-27 12:22:33.977563,5707647467_5707647500,25.88,201,1445
2025-11-27 12:22:34.097231,5707647467_12206582473,30.66,31,264
2025-11-27 12:22:34.224501,5707647500_5707647467,18.45,8,41
2025-11-27 12:22:34.345508,5707647500_6658364083,34.8,3,29
2025-11-27 12:22:34.535216,5707679597_11201648616,13.44,15,56
2025-11-27 12:22:34.665643,5709923601_1314185648,31.2,6,52
2025-11-27 12:22:34.792044,5709923602_1314191417,32.4,8,72
2025-11-27 12:22:34.954021,5709923603_5709923602,10.02,185,515
2025-11-27 12:22:35.158802,5709923603_6621357115,15.2,9,38
2025-11-27 12:22:35.296951,5709923606_1314185653,31.91,22,195
2025-11-27 12:22:35.465839,5709923606_6628818478,16.2,22,99
2025-11-27 12:22:35.598828,5709996124_5709996125,2.7,16,12
2025-11-27 12:22:35.740400,5709996124_448838032,4.82,186,249
2025-11-27 12:22:35.879486,5709996125_5709996124,6.17,7,12
2025-11-27 12:22:36.006776,5709996125_5707407583,13.26,41,151
2025-11-27 12:22:36.203573,5710098650_5716807750,12.86,7,25
2025-11-27 12:22:36.335577,5710098650_5717115613,33.0,30,275
2025-11-27 12:22:36.526301,5710136485_317778303,23.4,2,13
2025-11-27 12:22:36.659778,5710136487_1901865135,22.63,21,132
2025-11-27 12:22:36.781639,5710136488_5710136487,25.2,7,49
2025-11-27 12:22:36.921744,5710136488_2291072476,4.32,30,36
2025-11-27 12:22:37.076587,5710222979_2212544448,5.4,110,165
2025-11-27 12:22:37.230430,5710222986_5710222979,16.2,82,369
2025-11-27 12:22:37.366789,5710222986_3779255475,51.49,99,1416
2025-11-27 12:22:37.545204,5710222987_12606538099,30.07,54,451
2025-11-27 12:22:37.687431,5710222987_1897734813,25.46,383,2709
2025-11-27 12:22:37.813440,5710231827_1887748894,23.4,2,13
2025-11-27 12:22:37.997210,5710538391_5710538395,21.6,9,54
2025-11-27 12:22:38.120625,5710538391_11111175326,22.11,7,43
2025-11-27 12:22:38.256397,5710538395_5710691038,11.7,8,26
2025-11-27 12:22:38.437662,5710538395_5710691056,23.8,18,119
2025-11-27 12:22:38.571369,5710565212_5828999543,21.49,32,191
2025-11-27 12:22:38.758156,5710673956_5716670119,32.4,5,45
2025-11-27 12:22:38.946372,5710673956_2084132003,13.8,48,184
2025-11-27 12:22:39.083183,5710673974_5710673979,17.1,8,38
2025-11-27 12:22:39.228888,5710673974_98041257,11.31,7,22
2025-11-27 12:22:39.359638,5710673974_1748294274,18.0,119,595
2025-11-27 12:22:39.483194,5710673979_5710673992,29.27,23,187
2025-11-27 12:22:39.616116,5710673992_106078638,34.2,4,38
2025-11-27 12:22:39.741980,5710691038_5710538391,8.85,24,59
2025-11-27 12:22:39.964852,5710691038_5710691043,30.38,16,135
2025-11-27 12:22:40.161134,5710691044_5710691043,30.92,17,146
2025-11-27 12:22:40.311525,5710691044_5710691038,25.1,206,1436
2025-11-27 12:22:40.434794,5710691045_5710538395,8.13,54,122
2025-11-27 12:22:40.560791,5710691045_5710691056,33.05,22,202
2025-11-27 12:22:40.694329,5710691056_8462966000,29.52,5,41
2025-11-27 12:22:40.892666,5716241016_5716241017,26.23,7,51
2025-11-27 12:22:41.017638,5716241017_1881928278,22.56,169,1059
2025-11-27 12:22:41.148263,5716408768_1494035973,5.08,39,55
2025-11-27 12:22:41.306541,5716408768_6659134177,18.36,516,2632
2025-11-27 12:22:41.435299,5716408772_6659134177,22.11,7,43
2025-11-27 12:22:41.564760,5716477055_5716477056,22.25,116,717
2025-11-27 12:22:41.697241,5716477055_1495030950,23.92,45,299
2025-11-27 12:22:41.888179,5716477056_5716477055,7.65,16,34
2025-11-27 12:22:42.014200,5716477056_4539132150,17.46,40,194
2025-11-27 12:22:42.146234,5716537675_4538404990,11.52,15,48
2025-11-27 12:22:42.271741,5716537675_4538404991,13.05,8,29
2025-11-27 12:22:42.395220,5716537702_3779255494,19.8,8,44
2025-11-27 12:22:42.516630,5716537702_1221161730,8.89,17,42
2025-11-27 12:22:42.672577,5716544649_2326674281,34.94,17,165
2025-11-27 12:22:42.801532,5716616005_444875130,5.62,41,64
2025-11-27 12:22:43.004151,5716616005_2176926218,14.37,105,419
2025-11-27 12:22:43.140254,5716649671_5716670117,30.21,307,2576
2025-11-27 12:22:43.378143,5716670117_5718916301,29.59,32,263
2025-11-27 12:22:43.504709,5716670118_5716670117,33.16,195,1796
2025-11-27 12:22:43.630259,5716670118_5716670119,36.38,47,475
2025-11-27 12:22:43.783523,5716670119_5710673992,17.64,230,1127
2025-11-27 12:22:43.928468,5716670119_5716670118,28.59,137,1088
2025-11-27 12:22:44.083444,5716670621_5716670118,25.03,147,1022
2025-11-27 12:22:44.221581,5716670621_1498111685,30.83,23,197
2025-11-27 12:22:44.349408,5716670628_2084132002,7.62,26,55
2025-11-27 12:22:44.493756,5716670628_98041851,19.81,205,1128
2025-11-27 12:22:44.616175,5716807749_5717115613,29.54,68,558
2025-11-27 12:22:44.737703,5716807749_5716807750,35.49,28,276
2025-11-27 12:22:44.869864,5716807750_5710098650,25.57,184,1307
2025-11-27 12:22:45.019623,5716807750_6684737819,26.89,128,956
2025-11-27 12:22:45.137763,5717115613_5716807749,20.16,5,28
2025-11-27 12:22:45.323987,5717115613_4540453378,32.95,13,119
2025-11-27 12:22:45.535563,5718868836_2289976216,6.4,9,16
2025-11-27 12:22:45.669738,5718868836_2289997642,22.38,23,143
2025-11-27 12:22:45.805375,5718871870_283139229,13.88,202,779
2025-11-27 12:22:45.938270,5718871870_98041849,3.6,21,21
2025-11-27 12:22:46.068266,5718886024_1748294257,12.06,37,124
2025-11-27 12:22:46.200105,5718916274_5718916294,9.02,103,258
2025-11-27 12:22:46.332421,5718916274_10296445823,4.2,6,7
2025-11-27 12:22:46.455750,5718916291_12816414547,16.92,10,47
2025-11-27 12:22:46.607292,5718916291_98035472,6.34,21,37
2025-11-27 12:22:46.740880,5718916292_6650876736,13.6,303,1145
2025-11-27 12:22:46.927337,5718916292_12816414542,4.5,8,10
2025-11-27 12:22:47.050326,5718916293_5718916294,18.0,1,5
2025-11-27 12:22:47.184146,5718916294_98042270,24.48,45,306
2025-11-27 12:22:47.323661,5718916301_5718916302,13.04,238,862
2025-11-27 12:22:47.486740,5718916301_5718916291,7.92,15,33
2025-11-27 12:22:47.631008,5718916302_5718916301,7.48,13,27
2025-11-27 12:22:47.764829,5718916302_5716670621,28.06,34,265
2025-11-27 12:22:47.943048,5718946093_1748294274,6.75,16,30
2025-11-27 12:22:48.088713,5719031413_5719031414,16.97,7,33
2025-11-27 12:22:48.283532,5719031413_2302164519,22.15,78,480
2025-11-27 12:22:48.467288,5719031414_5719031413,26.66,74,548
2025-11-27 12:22:48.609934,5719031414_3075526396,27.98,22,171
2025-11-27 12:22:48.785648,5719125659_6648096524,33.3,4,37
2025-11-27 12:22:48.939221,5719125659_1758170772,23.96,67,446
2025-11-27 12:22:49.059577,5721511585_2584589542,40.32,5,56
2025-11-27 12:22:49.261814,5721511586_436388447,23.66,42,276
2025-11-27 12:22:49.386177,5828495464_2274969534,9.0,6,15
2025-11-27 12:22:49.508074,5828495464_5719125659,30.42,20,169
2025-11-27 12:22:49.697102,5828999542_5828999543,18.34,147,749
2025-11-27 12:22:49.830353,5828999542_1495025257,23.04,30,192
2025-11-27 12:22:49.953128,5828999543_5828999542,11.31,7,22
2025-11-27 12:22:50.118554,5828999543_6648227222,17.4,36,174
2025-11-27 12:22:50.346833,5831399053_6603014206,25.83,346,2483
2025-11-27 12:22:50.492597,5831399053_1494041374,34.28,67,638
2025-11-27 12:22:50.684874,5875603186_5645750065,24.09,13,87
2025-11-27 12:22:50.818716,5875603186_5206119178,21.18,69,406
2025-11-27 12:22:50.953421,5875623873_6677147301,22.5,4,25
2025-11-27 12:22:51.153620,5875623873_6677147310,17.15,17,81
2025-11-27 12:22:51.284929,5898769297_2185731475,31.68,15,132
2025-11-27 12:22:51.412299,5954441639_5954441640,3.6,8,8
2025-11-27 12:22:51.544671,5954441639_6659134171,27.0,14,105
2025-11-27 12:22:51.671625,5954441640_5954441639,1.92,15,8
2025-11-27 12:22:51.878663,5954441640_11201648616,19.51,62,336
2025-11-27 12:22:52.064859,5962836764_6325815718,42.41,64,754
2025-11-27 12:22:52.200141,5962836764_1314185585,40.07,23,256
2025-11-27 12:22:52.337102,6044465949_2701058419,17.08,90,427
2025-11-27 12:22:52.530769,6044465949_12606538104,7.33,676,1377
2025-11-27 12:22:52.691168,6325815718_6325815720,108.0,1,30
2025-11-27 12:22:52.828476,6325815720_4930438606,11.12,272,840
2025-11-27 12:22:52.969471,6325815720_2185731222,12.14,51,172
2025-11-27 12:22:53.148508,6405794494_6659134172,18.19,297,1501
2025-11-27 12:22:53.289277,6413551907_8341509537,25.2,2,14
2025-11-27 12:22:53.482654,6413551907_8341509535,17.49,14,68
2025-11-27 12:22:53.612719,6441639163_6689057478,25.2,32,224
2025-11-27 12:22:53.795241,6587550954_6587550955,5.2,9,13
2025-11-27 12:22:53.994047,6587550954_4541071716,30.4,45,380
2025-11-27 12:22:54.120113,6587550955_6587550954,3.6,13,13
2025-11-27 12:22:54.277049,6587550955_420456615,9.29,43,111
2025-11-27 12:22:54.503690,6587651051_1901865134,32.14,28,250
2025-11-27 12:22:54.646826,6600206282_13282498396,20.05,193,1075
2025-11-27 12:22:54.809699,6600206282_5598303159,25.39,19,134
2025-11-27 12:22:54.972496,6600206283_13282498396,21.77,168,1016
2025-11-27 12:22:55.136316,6600206283_2701058419,24.38,44,298
2025-11-27 12:22:55.370399,6601012241_6688570393,57.6,1,16
2025-11-27 12:22:55.515887,6601012241_6441639163,22.2,12,74
2025-11-27 12:22:55.711897,6603014206_10682258584,25.88,100,719
2025-11-27 12:22:55.936432,6603014206_6603014207,30.6,6,51
2025-11-27 12:22:56.144505,6603014207_6659072491,13.89,7,27
2025-11-27 12:22:56.336518,6603014207_6659072492,46.8,1,13
2025-11-27 12:22:56.471321,6606566485_10682258584,16.46,14,64
2025-11-27 12:22:56.661795,6606566485_6606566487,43.2,1,12
2025-11-27 12:22:56.791876,6606566485_1758651218,24.21,80,538
2025-11-27 12:22:56.976514,6606566487_6610228314,17.82,204,1010
2025-11-27 12:22:57.164520,6606566487_6606566485,21.6,2,12
2025-11-27 12:22:57.306394,6606566488_6606566487,18.0,12,60
2025-11-27 12:22:57.440261,6606566488_10682258584,24.0,3,20
2025-11-27 12:22:57.573392,6606566488_5485722628,18.77,206,1074
2025-11-27 12:22:57.700004,6610228314_10743484787,20.06,68,379
2025-11-27 12:22:57.836040,6610228314_6606566487,18.74,194,1010
2025-11-27 12:22:57.961913,6610228314_5485722628,7.32,29,59
2025-11-27 12:22:58.090711,6610574244_6659072491,20.02,25,139
2025-11-27 12:22:58.221879,6610574244_1758651218,22.05,16,98
2025-11-27 12:22:58.363082,6617292919_4600895552,17.72,52,256
2025-11-27 12:22:58.511322,6617292919_7985603136,4.5,32,40
2025-11-27 12:22:58.649699,6621078250_6621078251,7.8,6,13
2025-11-27 12:22:58.796518,6621078250_6621078260,31.35,31,270
2025-11-27 12:22:58.997596,6621078251_6621078250,5.85,8,13
2025-11-27 12:22:59.138067,6621078251_420456595,34.37,31,296
2025-11-27 12:22:59.266756,6621078260_6621078261,7.46,14,29
2025-11-27 12:22:59.446941,6621078260_2303337176,18.77,47,245
2025-11-27 12:22:59.640303,6621078261_6621078260,27.19,76,574
2025-11-27 12:22:59.766884,6621078261_420456583,28.8,25,200
2025-11-27 12:22:59.894068,6621357112_1314185653,36.0,3,30
2025-11-27 12:23:00.028158,6621357115_1314191420,4.83,44,59
2025-11-27 12:23:00.158546,6621357115_6621357112,16.65,16,74
2025-11-27 12:23:00.347815,6621426593_1314191414,32.4,2,18
2025-11-27 12:23:00.477295,6621426601_6621426593,10.89,127,384
2025-11-27 12:23:00.613361,6621426601_4539674879,5.61,34,53
2025-11-27 12:23:00.742235,6628818468_5709923601,31.05,8,69
2025-11-27 12:23:00.874341,6628818478_1314185677,4.14,40,46
2025-11-27 12:23:00.996550,6628818478_6628818468,8.65,142,341
2025-11-27 12:23:01.120196,6631796343_1692627215,31.2,3,26
2025-11-27 12:23:01.278217,6641911209_5719031413,31.5,20,175
2025-11-27 12:23:01.417494,6641911209_3075526396,25.71,7,50
2025-11-27 12:23:01.548407,6644672133_6644672135,19.38,52,280
2025-11-27 12:23:01.684187,6644672133_1884768305,10.8,24,72
2025-11-27 12:23:01.817118,6644672135_6644672133,18.33,55,280
2025-11-27 12:23:01.968776,6644672135_106111364,21.6,22,132
2025-11-27 12:23:02.100337,6644721587_2195296719,23.06,37,237
2025-11-27 12:23:02.285365,6644721587_11107112929,23.66,7,46
2025-11-27 12:23:02.432385,6647118933_2290010722,19.73,25,137
2025-11-27 12:23:02.631773,6647145130_8598733283,6.48,15,27
2025-11-27 12:23:02.887852,6647145130_5701309369,11.07,27,83
2025-11-27 12:23:03.010229,6648096523_1758170763,4.24,17,20
2025-11-27 12:23:03.138955,6648096523_1613087628,6.78,17,32
2025-11-27 12:23:03.272748,6648096524_6648096525,31.63,28,246
2025-11-27 12:23:03.407006,6648096524_12024836052,19.16,134,713
2025-11-27 12:23:03.531893,6648096525_6648096524,34.06,26,246
2025-11-27 12:23:03.665014,6648096525_5710565212,27.9,4,31
2025-11-27 12:23:03.792846,6648227219_2291254028,23.0,54,345
2025-11-27 12:23:03.917093,6648227221_6648227219,23.4,4,26
2025-11-27 12:23:04.127578,6648227221_6648227224,33.94,49,462
2025-11-27 12:23:04.249269,6648227222_6648227224,34.8,3,29
2025-11-27 12:23:04.371416,6648227222_2175126939,19.56,30,163
2025-11-27 12:23:04.530010,6648227223_5828999542,18.32,34,173
2025-11-27 12:23:04.663421,6648227224_6648227223,36.0,3,30
2025-11-27 12:23:04.853207,6648227224_6648227221,30.8,54,462
2025-11-27 12:23:05.002599,6650810650_444874859,9.34,37,96
2025-11-27 12:23:05.132620,6650810650_1613087620,5.28,15,22
2025-11-27 12:23:05.330969,6650876736_5718916292,5.55,229,353
2025-11-27 12:23:05.483489,6650876736_6650876740,9.59,589,1569
2025-11-27 12:23:05.617978,6650876740_6650876736,11.2,63,196
2025-11-27 12:23:05.761107,6650876740_634709500,18.23,279,1413
2025-11-27 12:23:05.893144,6650982900_6650982901,24.29,158,1066
2025-11-27 12:23:06.020298,6650982900_6648227219,26.45,23,169
2025-11-27 12:23:06.145492,6650982901_6650982900,7.68,52,111
2025-11-27 12:23:06.269539,6650982901_444875375,5.02,33,46
2025-11-27 12:23:06.400409,6651770209_6651770210,5.17,16,23
2025-11-27 12:23:06.545204,6651770209_444875374,10.59,187,550
2025-11-27 12:23:06.691554,6651770210_6651770209,10.26,329,938
2025-11-27 12:23:06.818890,6651770210_5716670628,6.38,225,399
2025-11-27 12:23:06.992229,6658429241_10130533935,25.41,153,1080
2025-11-27 12:23:07.162700,6658429241_11014094287,20.27,27,152
2025-11-27 12:23:07.288609,6659072489_5710231827,19.63,31,169
2025-11-27 12:23:07.419598,6659072490_6659072489,6.48,25,45
2025-11-27 12:23:07.545515,6659072490_1878921405,22.8,18,114
2025-11-27 12:23:07.676767,6659072491_6659072492,21.6,6,36
2025-11-27 12:23:07.802322,6659072491_6610574244,21.76,23,139
2025-11-27 12:23:07.947836,6659072492_6659072490,28.15,22,172
2025-11-27 12:23:08.096953,6659134171_1758633112,18.0,99,495
2025-11-27 12:23:08.244708,6659134171_1884769977,27.9,12,93
2025-11-27 12:23:08.371906,6659134172_5954441640,23.62,16,105
2025-11-27 12:23:08.495732,6659134174_5716408768,9.35,92,239
2025-11-27 12:23:08.691344,6659134177_1314209716,18.0,17,85
2025-11-27 12:23:08.825517,6661055809_2050902820,28.8,1,8
2025-11-27 12:23:08.957896,6661055810_6661055809,5.52,90,138
2025-11-27 12:23:09.085995,6661055810_4961341860,4.41,31,38
2025-11-27 12:23:09.276316,6661055813_6662639319,8.78,16,39
2025-11-27 12:23:09.430979,6661487944_6661487945,19.26,131,701
2025-11-27 12:23:09.573945,6661487944_5641890822,24.82,144,993
2025-11-27 12:23:09.738484,6661487945_6661487944,19.08,10,53
2025-11-27 12:23:09.928658,6661487945_12908782868,25.96,19,137
2025-11-27 12:23:10.063426,6662241086_6662241087,20.0,9,50
2025-11-27 12:23:10.210067,6662241086_4025115175,15.86,225,991
2025-11-27 12:23:10.399852,6662241087_6662241086,14.24,113,447
2025-11-27 12:23:10.535499,6662241087_6662241094,13.13,99,361
2025-11-27 12:23:10.683898,6662241094_6662241095,14.4,61,244
2025-11-27 12:23:10.811650,6662241094_446030797,10.51,37,108
2025-11-27 12:23:11.000700,6662241095_6662241094,13.89,7,27
2025-11-27 12:23:11.123907,6662241095_6662241086,16.63,79,365
2025-11-27 12:23:11.249941,6662639319_2050902830,18.64,17,88
2025-11-27 12:23:11.463550,6666128977_5962836764,61.2,1,17
2025-11-27 12:23:11.598043,6666479030_8598733283,0.0,0,4
2025-11-27 12:23:11.756388,6670444529_6670444530,26.48,76,559
2025-11-27 12:23:11.897989,6670444529_420456683,28.57,16,127
2025-11-27 12:23:12.049177,6670444530_6670444529,2.57,21,15
2025-11-27 12:23:12.186181,6670444530_12513272960,29.9,23,191
2025-11-27 12:23:12.347195,6672531385_12872373346,20.92,37,215
2025-11-27 12:23:12.569858,6677147301_5489009621,13.8,6,23
2025-11-27 12:23:12.722779,6677147301_2050902835,22.58,22,138
2025-11-27 12:23:12.876118,6677147310_5485653490,21.9,12,73
2025-11-27 12:23:13.007649,6677300866_309685730,14.13,106,416
2025-11-27 12:23:13.132268,6677300866_6677364041,18.0,10,50
2025-11-27 12:23:13.283855,6677338241_98026475,15.43,35,150
2025-11-27 12:23:13.438079,6677338241_1314209698,17.02,11,52
2025-11-27 12:23:13.578927,6677364041_2295384939,24.3,8,54
2025-11-27 12:23:13.714256,6677687639_5707122750,16.56,10,46
2025-11-27 12:23:13.870219,6677687639_4538571818,32.82,424,3866
2025-11-27 12:23:13.990897,6677687648_1314191405,0.0,0,10
2025-11-27 12:23:14.123896,6677687648_5707122750,22.5,8,50
2025-11-27 12:23:14.262872,6677895172_1494041352,17.55,449,2189
2025-11-27 12:23:14.460513,6677895172_1494041351,26.26,17,124
2025-11-27 12:23:14.604423,6677895176_1494041352,26.1,4,29
2025-11-27 12:23:14.808158,6677895176_1494041351,20.8,144,832
2025-11-27 12:23:14.934701,6684737819_4540453404,22.84,29,184
2025-11-27 12:23:15.078355,6684737819_4540453400,42.77,42,499
2025-11-27 12:23:15.216027,6685236291_6685236292,18.44,73,374
2025-11-27 12:23:15.358038,6685236291_8231491408,23.6,27,177
2025-11-27 12:23:15.503734,6685236292_6685236291,9.0,10,25
2025-11-27 12:23:15.637773,6685236292_4961341859,12.56,47,164
2025-11-27 12:23:15.762923,6685434573_6662241087,27.36,10,76
2025-11-27 12:23:15.920629,6687964478_442990465,12.6,196,686
2025-11-27 12:23:16.041783,6687964478_5716241017,19.35,8,43
2025-11-27 12:23:16.186053,6688471376_5686449780,13.82,259,994
2025-11-27 12:23:16.363272,6688471376_7920618647,9.54,109,289
2025-11-27 12:23:16.527297,6688490814_6647145130,4.32,30,36
2025-11-27 12:23:16.660420,6688490814_5485653490,25.09,32,223
2025-11-27 12:23:16.806247,6688503842_6405794494,24.0,3,20
2025-11-27 12:23:17.014475,6688503847_1758631175,9.16,11,28
2025-11-27 12:23:17.168414,6688503847_6688503842,8.88,15,37
2025-11-27 12:23:17.298834,6688570392_6441639163,21.6,3,18
2025-11-27 12:23:17.433310,6688570392_6688570393,26.2,72,524
2025-11-27 12:23:17.555884,6688570393_6688570397,32.5,37,334
2025-11-27 12:23:17.737483,6688570397_6688570401,19.6,9,49
2025-11-27 12:23:17.880701,6688570397_12600043488,30.24,5,42
2025-11-27 12:23:18.029668,6688570401_6688570392,27.71,43,331
2025-11-27 12:23:18.197484,6689057478_6689057484,27.0,4,30
2025-11-27 12:23:18.321237,6689057478_6689057482,12.96,10,36
2025-11-27 12:23:18.455880,6689057482_6601012241,32.98,25,229
2025-11-27 12:23:18.652205,6689057484_13206202825,28.6,36,286
2025-11-27 12:23:18.778278,6689058288_6689057482,32.4,2,18
2025-11-27 12:23:18.984891,6689058288_6689057484,26.8,9,67
2025-11-27 12:23:19.111343,7301485388_1497544796,6.94,14,27
2025-11-27 12:23:19.239586,7920618640_5683715143,17.19,98,468
2025-11-27 12:23:19.385584,7920618640_5683715143,17.19,98,468
2025-11-27 12:23:19.577267,7920618647_4599745018,22.5,4,25
2025-11-27 12:23:19.725401,7920618647_7920618648,2.1,67,39
2025-11-27 12:23:19.861508,7920618648_5674347102,5.14,411,587
2025-11-27 12:23:20.057265,7920618648_10130533955,8.34,19,44
2025-11-27 12:23:20.193378,7920618648_4599745018,11.75,236,770
2025-11-27 12:23:20.319364,7985603136_98027697,18.6,6,31
2025-11-27 12:23:20.482953,7985603136_10130533953,16.69,295,1368
2025-11-27 12:23:20.612842,7985603138_5686449780,28.9,35,281
2025-11-27 12:23:20.742852,7985603147_7985603148,16.98,434,2047
2025-11-27 12:23:20.894982,7985603147_7920618640,23.68,800,5263
2025-11-27 12:23:21.026655,7985603148_7985603147,31.44,15,131
2025-11-27 12:23:21.175996,7985603148_6617292919,19.87,25,138
2025-11-27 12:23:21.326777,8231491408_8231491411,11.2,118,367
2025-11-27 12:23:21.482314,8231491408_5707161162,20.75,17,98
2025-11-27 12:23:21.611248,8231491411_8231491408,4.73,16,21
2025-11-27 12:23:21.754779,8231491411_6685236292,25.06,26,181
2025-11-27 12:23:21.903292,8237661942_2053894358,6.0,12,20
2025-11-27 12:23:22.035347,8237661942_308728680,15.27,70,297
2025-11-27 12:23:22.167997,8242664547_11107112958,19.74,390,2138
2025-11-27 12:23:22.292494,8242664547_12174413404,28.8,7,56
2025-11-27 12:23:22.452212,8242664547_12559133535,19.51,380,2059
2025-11-27 12:23:22.638766,8295729267_3779242655,43.88,37,451
2025-11-27 12:23:22.785631,8295729267_6600206282,25.67,46,328
2025-11-27 12:23:22.929831,8341509535_10743484787,25.2,2,14
2025-11-27 12:23:23.084613,8341509537_5485722628,20.97,69,402
2025-11-27 12:23:23.209671,8341509537_6413551907,25.2,2,14
2025-11-27 12:23:23.435045,8462967636_5710691044,54.0,1,15
2025-11-27 12:23:23.589329,8598733283_6666479030,14.4,1,4
2025-11-27 12:23:23.740735,8598733283_6688490814,21.6,11,66
2025-11-27 12:23:23.908984,8823455179_6661055810,12.32,463,1584
2025-11-27 12:23:24.048948,8823455180_8823455179,8.28,10,23
2025-11-27 12:23:24.174360,8823455180_98031401,8.55,8,19
2025-11-27 12:23:24.406590,8921282801_10202001781,7.7,36,77
2025-11-27 12:23:24.562535,9576908879_1314203096,14.7,12,49
2025-11-27 12:23:24.696633,9970440452_12484632695,25.6,18,128
2025-11-27 12:23:24.881135,9980229913_1497544764,22.44,103,642
2025-11-27 12:23:25.030348,9980229913_7301485388,24.1,46,308
2025-11-27 12:23:25.175324,10076263973_5710098650,28.01,123,957
2025-11-27 12:23:25.314719,10076263976_10076263977,11.03,47,144
2025-11-27 12:23:25.442814,10076263976_4540453394,12.48,124,430
2025-11-27 12:23:25.582495,10076263977_4540453396,30.6,2,17
2025-11-27 12:23:25.721998,10076263978_10076263979,2.9,31,25
2025-11-27 12:23:25.868772,10076263978_4542621501,6.0,12,20
2025-11-27 12:23:26.002050,10076263979_5093497426,27.0,2,15
2025-11-27 12:23:26.169257,10087376960_5641890823,18.72,10,52
2025-11-27 12:23:26.319644,10087376960_5641890821,34.2,16,152
2025-11-27 12:23:26.448511,10100966682_12513272960,16.94,156,734
2025-11-27 12:23:26.574472,10100966682_6685434573,15.21,71,300
2025-11-27 12:23:26.715096,10130533935_1495023340,16.3,367,1662
2025-11-27 12:23:26.855414,10130533953_4600895552,13.03,168,608
2025-11-27 12:23:27.003621,10130533953_7985603138,11.06,14,43
2025-11-27 12:23:27.126368,10130533953_98027697,3.32,38,35
2025-11-27 12:23:27.262311,10130533955_7985603147,24.53,27,184
2025-11-27 12:23:27.388546,10151536198_2570960524,24.83,39,269
2025-11-27 12:23:27.593651,10159724112_6666128977,54.0,1,15
2025-11-27 12:23:27.730209,10180671333_420522002,27.77,7,54
2025-11-27 12:23:27.864747,10180671333_98041254,6.84,20,38
2025-11-27 12:23:27.986249,10202001781_1881927757,19.27,88,471
2025-11-27 12:23:28.112981,10203920310_1881928279,25.2,2,14
2025-11-27 12:23:28.232347,10203920310_5718886024,18.24,15,76
2025-11-27 12:23:28.367276,10203920324_10203920325,14.4,3,12
2025-11-27 12:23:28.574828,10203920324_1881928007,0.0,12,0
2025-11-27 12:23:28.710574,10203920325_5718886024,10.8,1,3
2025-11-27 12:23:28.844542,10203920328_1881927759,0.0,0,0
2025-11-27 12:23:29.013170,10203920329_10203920328,17.88,62,308
2025-11-27 12:23:29.130653,10203920329_1219243636,6.04,28,47
2025-11-27 12:23:29.341793,10296445822_10997686363,21.87,202,1227
2025-11-27 12:23:29.490226,10296445822_10296445824,17.62,558,2731
2025-11-27 12:23:29.638776,10296445822_309816683,17.68,549,2696
2025-11-27 12:23:29.791498,10296445823_309816683,6.69,21,39
2025-11-27 12:23:29.928609,10296445823_10296445822,4.83,38,51
2025-11-27 12:23:30.062841,10296445824_5718916302,21.0,6,35
2025-11-27 12:23:30.211941,10542328776_6685605986,18.51,7,36
2025-11-27 12:23:30.357649,10542328776_1748294274,5.57,31,48
2025-11-27 12:23:30.488606,10542328776_13023100784,20.35,95,537
2025-11-27 12:23:30.634069,10682258584_6603014206,23.97,108,719
2025-11-27 12:23:30.767583,10682258584_6606566488,18.0,4,20
2025-11-27 12:23:30.898547,10743484787_8341509535,25.2,2,14
2025-11-27 12:23:31.087015,10743484787_6610228314,18.19,75,379
2025-11-27 12:23:31.215191,10743484787_8341509537,15.6,15,65
2025-11-27 12:23:31.436531,10965136434_420456595,8.4,6,14
2025-11-27 12:23:31.567384,10965136434_6621078250,29.9,36,299
2025-11-27 12:23:31.742296,10997686363_10296445822,14.65,363,1477
2025-11-27 12:23:31.937322,10997686363_11107112927,21.09,7,41
2025-11-27 12:23:32.131230,11014094287_11014094288,10.8,39,117
2025-11-27 12:23:32.277745,11014094287_1884765802,16.34,176,799
2025-11-27 12:23:32.418051,11014094288_11014094287,10.32,15,43
2025-11-27 12:23:32.561250,11014094288_1495023340,27.36,20,152
2025-11-27 12:23:32.721023,11107112919_438036727,24.0,9,60
2025-11-27 12:23:32.879913,11107112919_12559133535,30.6,2,17
2025-11-27 12:23:33.008396,11107112923_10997686363,29.52,5,41
2025-11-27 12:23:33.141099,11107112923_11107112927,27.26,7,53
2025-11-27 12:23:33.290537,11107112927_11107112935,21.6,5,30
2025-11-27 12:23:33.427740,11107112929_11107112919,0.0,0,0
2025-11-27 12:23:33.588020,11107112935_11107112929,22.95,8,51
2025-11-27 12:23:33.727957,11107112935_6644721587,19.46,385,2081
2025-11-27 12:23:33.873988,11107112958_8242664547,19.5,156,845
2025-11-27 12:23:34.064512,11111175323_11111175326,31.8,6,53
2025-11-27 12:23:34.261268,11111175326_6600206283,30.06,126,1052
2025-11-27 12:23:34.420004,11182265554_4540453378,22.55,38,238
2025-11-27 12:23:34.605977,11182265554_5716807749,32.95,13,119
2025-11-27 12:23:34.731749,11201648616_445970799,13.98,102,396
2025-11-27 12:23:34.904432,11209721500_11209721504,20.16,10,56
2025-11-27 12:23:35.030567,11209721504_13322115744,39.85,43,476
2025-11-27 12:23:35.192803,11700202516_11700202517,21.42,20,119
2025-11-27 12:23:35.348219,11700202516_10087376960,39.6,3,33
2025-11-27 12:23:35.480299,11700202517_11700202516,13.8,12,46
2025-11-27 12:23:35.614436,11700202517_4538405021,29.16,60,486
2025-11-27 12:23:35.737802,11768052436_4538405137,41.4,2,23
2025-11-27 12:23:35.934787,11768052436_11768052437,12.74,13,46
2025-11-27 12:23:36.136455,11768052437_1881949102,33.23,26,240
2025-11-27 12:23:36.267612,11950483412_1884765806,4.55,19,24
2025-11-27 12:23:36.414595,11950483412_11950483417,4.57,37,47
2025-11-27 12:23:36.542203,11950483417_1314209717,18.0,2,10
2025-11-27 12:23:36.731448,12024836052_2274969534,24.75,24,165
2025-11-27 12:23:36.863739,12174413404_8242664547,19.34,376,2020
2025-11-27 12:23:37.087399,12206582473_2570960524,23.25,142,917
2025-11-27 12:23:37.233410,12206582473_6661487944,29.76,56,463
2025-11-27 12:23:37.365507,12357580642_12357580645,10.99,19,58
2025-11-27 12:23:37.505932,12357580642_421080868,5.1,24,34
2025-11-27 12:23:37.655600,12357580645_1497544736,9.9,12,33
2025-11-27 12:23:37.907515,12375164794_12768097335,23.4,2,13
2025-11-27 12:23:38.045528,12375164795_12375164794,11.01,35,107
2025-11-27 12:23:38.168638,12375164795_2302166519,0.0,0,7
2025-11-27 12:23:38.321234,12375164797_1691398148,5.66,7,11
2025-11-27 12:23:38.464273,12375164797_12375164798,9.43,42,110
2025-11-27 12:23:38.608085,12375164798_2302164518,24.05,22,147
2025-11-27 12:23:38.747441,12484632695_12484632696,25.32,61,429
2025-11-27 12:23:38.908603,12484632695_12600043494,22.71,26,164
2025-11-27 12:23:39.126772,12484632696_5831399053,29.93,32,266
2025-11-27 12:23:39.260028,12513272960_10100966682,46.8,1,13
2025-11-27 12:23:39.455108,12513272960_5707407591,9.41,57,149
2025-11-27 12:23:39.607918,12559133535_11107112958,30.4,9,76
2025-11-27 12:23:39.768646,12559133535_8242664547,23.23,31,200
2025-11-27 12:23:39.911322,12600043488_12484632696,28.97,21,169
2025-11-27 12:23:40.057476,12600043494_6688570401,25.2,7,49
2025-11-27 12:23:40.202977,12600043494_12600043488,26.58,13,96
2025-11-27 12:23:40.388343,12606538099_4539684490,38.57,42,450
2025-11-27 12:23:40.534013,12606538104_5710222986,14.37,135,539
2025-11-27 12:23:40.724669,12725862784_4541105059,22.43,190,1184
2025-11-27 12:23:40.863321,12725862785_12725862784,18.9,4,21
2025-11-27 12:23:40.996454,12725862785_10151536198,25.71,7,50
2025-11-27 12:23:41.196549,12768097332_1881927756,6.55,11,20
2025-11-27 12:23:41.355238,12768097332_12768097335,9.0,18,45
2025-11-27 12:23:41.499522,12816414542_5718916293,21.2,9,53
2025-11-27 12:23:41.659356,12816414542_98035472,7.17,116,231
2025-11-27 12:23:41.795478,12816414547_5718916292,10.08,5,14
2025-11-27 12:23:41.933024,12872373345_12872373346,6.55,11,20
2025-11-27 12:23:42.074307,12872373345_10203920310,18.44,41,210
2025-11-27 12:23:42.226249,12872373346_12872373345,10.29,7,20
2025-11-27 12:23:42.383765,12872373346_1219243660,13.42,11,41
2025-11-27 12:23:42.526551,12908782868_10151536198,28.8,7,56
2025-11-27 12:23:42.651033,12908782868_12725862784,36.0,5,50
2025-11-27 12:23:42.792406,13023100784_10542328776,16.67,116,537
2025-11-27 12:23:42.933188,13023100784_13023100793,0.0,3,0
2025-11-27 12:23:43.091452,13023100793_13023100794,0.0,0,1
2025-11-27 12:23:43.289605,13023100793_420456583,16.34,160,726
2025-11-27 12:23:43.424431,13023100794_442993523,18.57,70,361
2025-11-27 12:23:43.556255,13023100794_13023100784,0.0,0,1
2025-11-27 12:23:43.776300,13206202825_4538405017,35.92,90,898
2025-11-27 12:23:43.969488,13206202825_4538405006,29.33,48,391
2025-11-27 12:23:44.153373,13282498392_8295729267,27.68,16,123
2025-11-27 12:23:44.286827,13282498392_13282498396,35.76,45,447
2025-11-27 12:23:44.422513,13282498396_6600206282,19.64,195,1064
2025-11-27 12:23:44.554725,13282498396_6600206283,12.09,14,47
2025-11-27 12:23:44.694497,13282498396_13282511305,28.38,17,134
2025-11-27 12:23:44.821456,13282511304_5710691045,36.51,7,71
2025-11-27 12:23:44.939150,13282511305_5598303159,0.0,0,5
2025-11-27 12:23:45.071662,13282511305_13282511304,36.9,76,779
2025-11-27 12:23:45.222853,13322115743_13322115744,27.6,138,1058
2025-11-27 12:23:45.356805,13322115743_5707262958,27.46,62,473
2025-11-27 12:23:45.500617,13322115744_13322115743,21.06,140,819
2025-11-27 12:23:45.639884,13322115744_1879088106,31.84,32,283
2025-11-27 12:23:45.767945,13327548965_13327548966,34.2,2,19
2025-11-27 12:23:45.901834,13327548966_10202001781,15.13,54,227
2025-11-27 12:23:46.034768,13327548966_13327548968,18.37,77,393
2025-11-27 12:23:46.232647,13327548967_2185731479,25.5,24,170
2025-11-27 12:23:46.383308,13327548967_13327548965,15.81,130,571
2025-11-27 12:23:46.577743,13327548968_13327548967,28.8,3,24
2025-11-27 12:26:01.287141,81805393_11950483412,4.15,13,15
2025-11-27 12:26:01.455082,81805393_1884765798,11.16,299,927
2025-11-27 12:26:01.606000,81806535_1497544749,13.68,10,38
2025-11-27 12:26:01.746658,81806535_5707161153,9.05,115,289
2025-11-27 12:26:01.952397,98026475_6677338241,17.83,124,614
2025-11-27 12:26:02.159787,98027697_4599745018,7.97,14,31
2025-11-27 12:26:02.298816,98027697_7985603138,18.51,7,36
2025-11-27 12:26:02.452513,98027697_10130533953,13.73,189,721
2025-11-27 12:26:02.588822,98031401_6661055810,0.0,15,0
2025-11-27 12:26:02.737476,98031401_8823455179,11.7,84,273
2025-11-27 12:26:02.937307,98035472_309816683,14.28,182,722
2025-11-27 12:26:03.091633,98035472_12816414547,13.87,233,898
2025-11-27 12:26:03.232887,98035472_5718916293,18.45,8,41
2025-11-27 12:26:03.379068,98041254_420456615,11.7,4,13
2025-11-27 12:26:03.522932,98041254_420522002,24.48,5,34
2025-11-27 12:26:03.720042,98041257_98041849,9.49,11,29
2025-11-27 12:26:03.872960,98041257_5710673974,15.84,5,22
2025-11-27 12:26:04.028235,98041257_5710673979,32.4,3,27
2025-11-27 12:26:04.160120,98041849_98041257,10.44,10,29
2025-11-27 12:26:04.296118,98041849_5718871870,18.9,4,21
2025-11-27 12:26:04.441256,98041849_733429120,7.8,30,65
2025-11-27 12:26:04.591320,98041851_98041254,23.71,159,1047
2025-11-27 12:26:04.724506,98041851_2084132002,34.2,4,38
2025-11-27 12:26:04.873140,98042270_309816682,17.8,125,618
2025-11-27 12:26:05.068342,98042270_6677300866,18.69,57,296
2025-11-27 12:26:05.201340,106078638_6587651051,36.0,5,50
2025-11-27 12:26:05.336179,106078638_442990465,22.5,8,50
2025-11-27 12:26:05.463689,106108917_2174649904,7.8,18,39
2025-11-27 12:26:05.681881,106108917_2176926218,23.34,91,590
2025-11-27 12:26:05.820377,106111364_6644672135,22.86,20,127
2025-11-27 12:26:05.997072,106111364_446030797,16.21,207,932
2025-11-27 12:26:06.146386,283139229_444875375,8.0,9,20
2025-11-27 12:26:06.332736,283139229_5718871870,17.53,160,779
2025-11-27 12:26:06.476021,283139229_6650982900,27.0,6,45
2025-11-27 12:26:06.613789,283139237_5206119178,20.18,94,527
2025-11-27 12:26:06.748674,283139237_2188036136,22.8,33,209
2025-11-27 12:26:06.879488,308728680_1314203102,10.2,6,17
2025-11-27 12:26:07.026411,308728680_310729950,13.95,224,868
2025-11-27 12:26:07.465641,308728680_2289997644,18.58,25,129
2025-11-27 12:26:07.615713,309595522_6666479030,11.6,9,29
2025-11-27 12:26:07.751299,309685730_6677300866,14.91,7,29
2025-11-27 12:26:07.892514,309685730_2195296719,16.56,148,681
2025-11-27 12:26:08.029376,309685730_309816682,19.9,55,304
2025-11-27 12:26:08.191421,309816682_98042270,7.2,13,26
2025-11-27 12:26:08.325035,309816682_5718916274,11.2,99,308
2025-11-27 12:26:08.459642,309816683_98035472,9.8,61,166
2025-11-27 12:26:08.618884,309816683_10296445822,11.71,277,901
2025-11-27 12:26:08.751231,309816683_10296445824,15.75,8,35
2025-11-27 12:26:08.887017,310729950_6677364041,6.16,38,65
2025-11-27 12:26:09.035775,310729950_6677300866,5.2,27,39
2025-11-27 12:26:09.232414,317366886_444501629,5.82,13,21
2025-11-27 12:26:09.366985,317366886_4540453399,18.85,148,775
2025-11-27 12:26:09.493901,317778303_427847910,9.0,8,20
2025-11-27 12:26:09.712698,317778303_5716477056,31.45,38,332
2025-11-27 12:26:09.857188,319490613_1104490487,24.51,136,926
2025-11-27 12:26:10.020304,420456583_6621078251,27.0,12,90
2025-11-27 12:26:10.228929,420456583_13023100793,15.48,20,86
2025-11-27 12:26:10.360419,420456595_10965136434,2.52,20,14
2025-11-27 12:26:10.518849,420456595_4541071715,13.98,77,299
2025-11-27 12:26:10.720978,420456615_733429120,21.6,5,30
2025-11-27 12:26:10.922269,420456615_98041257,8.93,27,67
2025-11-27 12:26:11.075387,420456683_5710231827,14.74,138,565
2025-11-27 12:26:11.211121,420456683_5206119178,15.97,16,71
2025-11-27 12:26:11.336415,420456683_1878932244,29.86,17,141
2025-11-27 12:26:11.497527,420457653_11107112923,28.42,38,300
2025-11-27 12:26:11.641687,420460217_1878921396,22.11,263,1615
2025-11-27 12:26:11.769893,420460217_4004297090,3.97,68,75
2025-11-27 12:26:11.920361,420522002_6587550954,26.64,10,74
2025-11-27 12:26:12.054652,421080868_4961341856,10.47,11,32
2025-11-27 12:26:12.193518,421080868_12357580645,13.18,112,410
2025-11-27 12:26:12.395150,427847910_2291072476,18.0,3,15
2025-11-27 12:26:12.596706,427847910_1495030951,21.6,6,36
2025-11-27 12:26:12.750393,428673752_421080868,12.7,89,314
2025-11-27 12:26:12.946826,428673752_2291064324,16.36,11,50
2025-11-27 12:26:13.166103,436383687_5710222987,30.13,19,159
2025-11-27 12:26:13.295232,436388447_2295384939,4.91,11,15
2025-11-27 12:26:13.508865,436388447_309685730,10.46,32,93
2025-11-27 12:26:13.666345,442990465_106078638,17.47,88,427
2025-11-27 12:26:13.859665,442990465_6687964478,12.93,191,686
2025-11-27 12:26:14.006412,442990465_6587651051,15.94,7,31
2025-11-27 12:26:14.175534,442993523_13023100794,19.4,67,361
2025-11-27 12:26:14.380277,444394912_2701184883,15.19,325,1371
2025-11-27 12:26:14.530489,444394912_4538405026,27.26,14,106
2025-11-27 12:26:14.679546,444394912_5716537702,5.4,40,60
2025-11-27 12:26:14.832459,444398125_444393381,15.87,22,97
2025-11-27 12:26:14.980414,444398125_2186671584,4.63,7,9
2025-11-27 12:26:15.151148,444501629_2291073251,9.26,7,18
2025-11-27 12:26:15.368558,444501629_2186671586,12.69,21,74
2025-11-27 12:26:15.580937,444501637_6648227221,46.8,2,26
2025-11-27 12:26:15.729118,444501637_6650982901,25.65,24,171
2025-11-27 12:26:15.865135,444874857_444875374,8.74,7,17
2025-11-27 12:26:16.088331,444874857_6651770210,28.8,45,360
2025-11-27 12:26:16.286993,444874859_6650810650,21.86,111,674
2025-11-27 12:26:16.480505,444874859_5710565212,26.6,18,133
2025-11-27 12:26:16.620964,444875109_448838032,12.96,5,18
2025-11-27 12:26:16.756621,444875109_5709996125,17.73,94,463
2025-11-27 12:26:16.888993,444875130_1613087628,12.0,6,20
2025-11-27 12:26:17.007443,444875130_1758170763,22.32,5,31
2025-11-27 12:26:17.164635,444875374_444875109,13.04,45,163
2025-11-27 12:26:17.372945,444875374_283139229,18.77,14,73
2025-11-27 12:26:17.526706,444875375_283139229,6.55,11,20
2025-11-27 12:26:17.661404,444875375_444875109,11.62,22,71
2025-11-27 12:26:17.875798,444875375_2188036136,20.47,118,671
2025-11-27 12:26:18.083457,445970096_2050902830,13.5,4,15
2025-11-27 12:26:18.290735,445970096_8823455180,10.56,30,88
2025-11-27 12:26:18.419137,445970127_2050902827,11.7,4,13
2025-11-27 12:26:18.584668,445970127_2050902832,26.78,16,119
2025-11-27 12:26:18.741732,445970799_1884776799,13.84,161,619
2025-11-27 12:26:18.882438,445970799_2291064328,15.15,24,101
2025-11-27 12:26:19.028480,446030797_2176926218,15.6,6,26
2025-11-27 12:26:19.160145,446030797_2174649904,18.78,111,579
2025-11-27 12:26:19.378170,446030797_106111364,17.49,49,238
2025-11-27 12:26:19.513194,448838032_444874857,11.4,6,19
2025-11-27 12:26:19.638793,448838032_2175126932,22.5,8,50
2025-11-27 12:26:19.785623,634709500_1613087622,17.63,304,1489
2025-11-27 12:26:19.917541,634709500_6650876740,22.02,17,104
2025-11-27 12:26:20.115865,733429120_98041851,12.24,5,17
2025-11-27 12:26:20.262994,733429120_6651770209,33.89,46,433
2025-11-27 12:26:20.465492,1104490487_319490613,8.1,8,18
2025-11-27 12:26:20.598667,1104490487_12357580642,22.28,174,1077
2025-11-27 12:26:20.750872,1219243636_1220930858,12.96,5,18
2025-11-27 12:26:20.880321,1219243636_1881928280,21.6,7,42
2025-11-27 12:26:21.099591,1219243660_12872373346,10.54,14,41
2025-11-27 12:26:21.237681,1220930858_1221053112,5.6,9,14
2025-11-27 12:26:21.387778,1220930858_10203920325,23.14,7,45
2025-11-27 12:26:21.539346,1220930867_12872373345,16.56,10,46
2025-11-27 12:26:21.678353,1221053112_1748294231,12.96,5,18
2025-11-27 12:26:21.809510,1221053112_1881928008,30.96,5,43
2025-11-27 12:26:21.953306,1221161727_1884747787,18.0,6,30
2025-11-27 12:26:22.096374,1221161727_3779255487,22.5,247,1544
2025-11-27 12:26:22.246964,1221161730_4106937190,16.97,14,66
2025-11-27 12:26:22.387982,1221161730_1221161727,6.04,31,52
2025-11-27 12:26:22.609806,1312645244_1691398148,15.6,3,13
2025-11-27 12:26:22.740770,1312645244_12375164798,19.8,2,11
2025-11-27 12:26:22.934453,1312650077_1838584736,22.8,3,19
2025-11-27 12:26:23.157923,1312650077_1879088108,19.27,173,926
2025-11-27 12:26:23.287689,1312650079_1887751321,14.4,5,20
2025-11-27 12:26:23.415308,1312650079_2185731477,26.55,8,59
2025-11-27 12:26:23.546771,1314185585_4539132165,44.47,102,1260
2025-11-27 12:26:23.677505,1314185648_4539132165,26.19,29,211
2025-11-27 12:26:23.807595,1314185653_2326674288,43.2,1,12
2025-11-27 12:26:23.947682,1314185677_1314191420,23.35,177,1148
2025-11-27 12:26:24.153505,1314185677_6621357112,28.87,145,1163
2025-11-27 12:26:24.384061,1314191398_106070559,32.96,441,4037
2025-11-27 12:26:24.551638,1314191405_5707122750,32.52,427,3857
2025-11-27 12:26:24.742015,1314191405_4538571818,40.2,6,67
2025-11-27 12:26:24.893912,1314191414_436383687,24.48,5,34
2025-11-27 12:26:25.089586,1314191415_1314191414,8.63,68,163
2025-11-27 12:26:25.215381,1314191415_4539674875,5.21,56,81
2025-11-27 12:26:25.355908,1314191417_4930438606,39.6,14,154
2025-11-27 12:26:25.507947,1314191420_4539674875,8.96,43,107
2025-11-27 12:26:25.641983,1314191420_5709923602,11.46,131,417
2025-11-27 12:26:25.829782,1314191436_6621426601,5.94,20,33
2025-11-27 12:26:25.960977,1314191436_5709923601,24.37,26,176
2025-11-27 12:26:26.096689,1314203096_2053894358,21.88,39,237
2025-11-27 12:26:26.228625,1314203102_308728680,17.43,127,615
2025-11-27 12:26:26.422941,1314203102_1314203096,15.6,12,52
2025-11-27 12:26:26.637716,1314209691_1495020912,14.73,141,577
2025-11-27 12:26:26.767167,1314209691_6405794494,8.68,34,82
2025-11-27 12:26:26.899111,1314209698_1884765802,10.8,6,18
2025-11-27 12:26:27.031303,1314209698_11014094288,20.57,7,40
2025-11-27 12:26:27.159646,1314209699_11950483417,18.6,6,31
2025-11-27 12:26:27.296087,1314209699_1884765806,10.9,291,881
2025-11-27 12:26:27.491855,1314209716_6677895172,26.88,30,224
2025-11-27 12:26:27.637663,1314209716_1887748894,17.17,203,968
2025-11-27 12:26:27.785943,1314209717_6659134174,23.62,16,105
2025-11-27 12:26:27.920361,1475295085_1475295086,15.71,11,48
2025-11-27 12:26:28.072231,1475295085_1312645244,20.78,70,404
2025-11-27 12:26:28.218027,1475295086_1475295085,26.41,315,2311
2025-11-27 12:26:28.349249,1475295086_1879091756,35.13,79,771
2025-11-27 12:26:28.473789,1494041345_6677895176,16.8,6,28
2025-11-27 12:26:28.594198,1494041345_4004297090,6.87,54,103
2025-11-27 12:26:28.753579,1494041351_1494041366,31.54,21,184
2025-11-27 12:26:28.879883,1494041352_1494041374,29.05,29,234
2025-11-27 12:26:29.010253,1494041366_1878932244,21.84,91,552
2025-11-27 12:26:29.149597,1494041366_6670444530,29.13,33,267
2025-11-27 12:26:29.283445,1494041374_1758633098,17.08,82,389
2025-11-27 12:26:29.415385,1495020912_1758631175,15.0,6,25
2025-11-27 12:26:29.562908,1495020912_6688503842,16.8,6,28
2025-11-27 12:26:29.752938,1495022225_634709500,20.7,4,23
2025-11-27 12:26:29.880949,1495023340_1314209691,18.27,106,538
2025-11-27 12:26:30.027912,1495025257_6648096525,37.2,3,31
2025-11-27 12:26:30.156383,1495025257_6650810650,20.1,24,134
2025-11-27 12:26:30.342857,1495030950_1495030951,21.6,9,54
2025-11-27 12:26:30.471970,1495030950_427847910,8.88,15,37
2025-11-27 12:26:30.659245,1495030951_317366886,14.34,184,733
2025-11-27 12:26:30.873134,1497544719_428673752,6.48,20,36
2025-11-27 12:26:31.010524,1497544719_1904353550,9.16,22,56
2025-11-27 12:26:31.202046,1497544736_5707161153,15.6,6,26
2025-11-27 12:26:31.341592,1497544736_5707161151,11.25,32,100
2025-11-27 12:26:31.468759,1497544738_5707161163,12.6,6,21
2025-11-27 12:26:31.598622,1497544749_5706891499,19.37,21,113
2025-11-27 12:26:31.733593,1497544764_9980229913,20.22,34,191
2025-11-27 12:26:31.886119,1497544764_5706896622,23.26,13,84
2025-11-27 12:26:32.013980,1497544796_7301485388,23.49,124,809
2025-11-27 12:26:32.161836,1497544796_5704011299,22.82,197,1249
2025-11-27 12:26:32.323498,1497544796_1497544764,25.7,43,307
2025-11-27 12:26:32.530476,1498038039_420457653,8.86,52,128
2025-11-27 12:26:32.720725,1498111685_10180671333,10.8,5,15
2025-11-27 12:26:32.920758,1498111685_5716649671,13.8,12,46
2025-11-27 12:26:33.046943,1613087620_444875130,7.8,6,13
2025-11-27 12:26:33.241191,1613087620_5716616005,13.72,16,61
2025-11-27 12:26:33.379748,1613087622_1613087620,19.58,132,718
2025-11-27 12:26:33.532501,1613087622_444874859,24.0,3,20
2025-11-27 12:26:33.751890,1613087628_1613087622,15.3,4,17
2025-11-27 12:26:33.887141,1613087628_1495022225,20.7,8,46
2025-11-27 12:26:34.061335,1691398148_1881927756,23.76,253,1670
2025-11-27 12:26:34.213813,1692627215_6631796343,25.02,39,271
2025-11-27 12:26:34.341950,1692627215_1919720738,29.7,4,33
2025-11-27 12:26:34.488208,1699561405_1849738362,6.34,21,37
2025-11-27 12:26:34.661983,1699561405_5716544649,33.87,706,6642
2025-11-27 12:26:34.803707,1748294231_1219243636,7.2,7,14
2025-11-27 12:26:34.939622,1748294231_10203920328,21.15,8,47
2025-11-27 12:26:35.092036,1748294250_1748294257,10.08,5,14
2025-11-27 12:26:35.255181,1748294250_10203920324,19.35,24,129
2025-11-27 12:26:35.449426,1748294257_1748294250,8.4,6,14
2025-11-27 12:26:35.588577,1748294257_1919751060,18.36,60,306
2025-11-27 12:26:35.795626,1748294274_5710673974,17.27,124,595
2025-11-27 12:26:35.932153,1748294274_10542328776,4.32,40,48
2025-11-27 12:26:36.066707,1758170763_12024836052,24.53,16,109
2025-11-27 12:26:36.195406,1758170772_6648096523,8.4,6,14
2025-11-27 12:26:36.337432,1758170772_1495022225,10.57,31,91
2025-11-27 12:26:36.543263,1758629824_5683792676,11.7,4,13
2025-11-27 12:26:36.731083,1758631175_1314209699,20.4,3,17
2025-11-27 12:26:36.934733,1758631175_1884769979,18.0,8,40
2025-11-27 12:26:37.104532,1758633098_1758633108,27.6,3,23
2025-11-27 12:26:37.319518,1758633098_81805393,15.96,340,1507
2025-11-27 12:26:37.514226,1758633108_6659134174,31.2,3,26
2025-11-27 12:26:37.673228,1758633108_1758633112,22.71,81,511
2025-11-27 12:26:37.809471,1758633112_6659134172,15.22,277,1171
2025-11-27 12:26:37.966635,1758633112_1758633108,27.71,33,254
2025-11-27 12:26:38.096425,1758651218_6610574244,22.73,16,101
2025-11-27 12:26:38.229696,1758651218_6606566485,22.26,87,538
2025-11-27 12:26:38.436055,1838584736_1312650079,16.04,11,49
2025-11-27 12:26:38.567104,1838584736_1879088105,24.0,12,80
2025-11-27 12:26:38.720847,1849738362_1699561405,3.81,35,37
2025-11-27 12:26:38.916927,1849738362_5898769297,38.84,57,615
2025-11-27 12:26:39.055475,1878921396_6659072489,18.0,1,5
2025-11-27 12:26:39.200266,1878921403_5686426699,31.73,54,476
2025-11-27 12:26:39.398498,1878921403_5686426699,31.73,54,476
2025-11-27 12:26:39.549882,1878921405_1878921403,20.08,19,106
2025-11-27 12:26:39.750963,1878932244_1494041366,12.86,7,25
2025-11-27 12:26:39.945140,1878932244_420460217,9.74,68,184
2025-11-27 12:26:40.074708,1879088105_1879091755,29.31,14,114
2025-11-27 12:26:40.275329,1879088106_1879088105,27.12,15,113
2025-11-27 12:26:40.411407,1879088106_1838584736,14.12,141,553
2025-11-27 12:26:40.637213,1879088107_1879088108,23.85,16,106
2025-11-27 12:26:40.871636,1879088107_1312650077,8.62,33,79
2025-11-27 12:26:41.077611,1879088108_13322115743,34.92,30,291
2025-11-27 12:26:41.282125,1879091753_1879091756,14.95,13,54
2025-11-27 12:26:41.421488,1879091753_1475295085,37.67,71,743
2025-11-27 12:26:41.560065,1879091755_5898769297,14.3,144,572
2025-11-27 12:26:41.709476,1879091755_1699561405,27.89,79,612
2025-11-27 12:26:41.930160,1879091756_1879091753,17.52,164,798
2025-11-27 12:26:42.080977,1879091756_1879088107,29.78,11,91
2025-11-27 12:26:42.219257,1881927756_2302166519,11.52,5,16
2025-11-27 12:26:42.371825,1881927756_12375164794,43.2,1,12
2025-11-27 12:26:42.513742,1881927757_1881928008,6.78,69,130
2025-11-27 12:26:42.644664,1881927757_1881927759,6.55,50,91
2025-11-27 12:26:42.849195,1881927757_1748294231,3.6,41,41
2025-11-27 12:26:43.022994,1881927759_6687964478,19.29,209,1120
2025-11-27 12:26:43.235188,1881928007_1881928008,24.8,9,62
2025-11-27 12:26:43.472675,1881928007_1221053112,4.65,31,40
2025-11-27 12:26:43.608876,1881928008_1881927757,8.28,10,23
2025-11-27 12:26:43.819858,1881928008_13327548968,21.18,119,700
2025-11-27 12:26:43.958311,1881928278_10203920329,0.0,0,6
2025-11-27 12:26:44.088204,1881928278_6672531385,27.82,11,85
2025-11-27 12:26:44.230412,1881928279_1881928280,6.6,72,132
2025-11-27 12:26:44.413121,1881928279_1220930858,3.69,42,43
2025-11-27 12:26:44.572215,1881928280_6672531385,43.2,1,12
2025-11-27 12:26:44.734662,1881949102_1881949103,20.95,11,64
2025-11-27 12:26:44.877624,1881949102_4539675829,31.08,49,423
2025-11-27 12:26:45.079019,1881949103_1881949102,28.47,66,522
2025-11-27 12:26:45.271273,1881949103_11768052436,31.47,27,236
2025-11-27 12:26:45.456584,1884747787_4538405005,15.12,5,21
2025-11-27 12:26:45.610957,1884747789_1884747787,16.71,14,65
2025-11-27 12:26:45.753399,1884747789_3779255487,4.85,23,31
2025-11-27 12:26:45.965471,1884765798_6658429241,18.94,103,542
2025-11-27 12:26:46.202143,1884765802_1758629824,10.29,7,20
2025-11-27 12:26:46.349378,1884765802_5674347102,10.8,6,18
2025-11-27 12:26:46.613805,1884765806_1495020912,5.7,12,19
2025-11-27 12:26:46.742607,1884765806_1884765798,12.42,278,959
2025-11-27 12:26:46.891807,1884768305_1314209717,25.2,9,63
2025-11-27 12:26:47.118968,1884768305_1314209699,4.44,30,37
2025-11-27 12:26:47.261954,1884769977_6688503847,7.71,7,15
2025-11-27 12:26:47.385842,1884769977_1884769979,25.2,9,63
2025-11-27 12:26:47.575749,1884769979_6644672133,16.08,15,67
2025-11-27 12:26:47.781884,1884776799_445970799,18.04,100,501
2025-11-27 12:26:47.970626,1884776799_5954441639,18.17,145,732
2025-11-27 12:26:48.094664,1887748894_5875603186,20.25,8,45
2025-11-27 12:26:48.304876,1887751321_1312650077,15.48,10,43
2025-11-27 12:26:48.509037,1887751321_2185731481,28.8,7,56
2025-11-27 12:26:48.639637,1897734810_1897734813,16.65,8,37
2025-11-27 12:26:48.774604,1897734810_5710222979,7.89,151,331
2025-11-27 12:26:48.906588,1897734813_1897734810,19.03,7,37
2025-11-27 12:26:49.041030,1897734813_5093497429,16.97,21,99
2025-11-27 12:26:49.171777,1901865134_1901865135,16.46,7,32
2025-11-27 12:26:49.297995,1901865134_5710136485,21.6,28,168
2025-11-27 12:26:49.487058,1901865135_1901865134,22.44,172,1072
2025-11-27 12:26:49.618319,1901865135_5710673956,28.38,43,339
2025-11-27 12:26:49.841907,1904353550_1884776799,15.97,23,102
2025-11-27 12:26:50.034960,1904360482_2174649908,11.31,7,22
2025-11-27 12:26:50.331621,1904360482_106108917,20.16,60,336
2025-11-27 12:26:50.512236,1919720738_6641911209,0.0,0,6
2025-11-27 12:26:50.674618,1919750981_6631796343,25.92,5,36
2025-11-27 12:26:50.890345,1919750981_1919720738,20.7,8,46
2025-11-27 12:26:51.081566,1919751043_1919751060,32.4,2,18
2025-11-27 12:26:51.269230,1919751043_1748294250,13.14,86,314
2025-11-27 12:26:51.414555,1919751060_1954877845,32.4,2,18
2025-11-27 12:26:51.555371,1919751060_1919751043,10.8,6,18
2025-11-27 12:26:51.751504,1954877845_1919750981,26.8,9,67
2025-11-27 12:26:51.942385,2050902820_98031401,7.56,10,21
2025-11-27 12:26:52.093605,2050902820_6662639319,16.2,6,27
2025-11-27 12:26:52.294051,2050902827_445970127,5.2,9,13
2025-11-27 12:26:52.484260,2050902827_2050902836,29.76,15,124
2025-11-27 12:26:52.745389,2050902830_445970096,13.5,4,15
2025-11-27 12:26:52.879661,2050902830_2050902833,25.2,18,126
2025-11-27 12:26:53.069203,2050902832_2050902833,3.6,13,13
2025-11-27 12:26:53.207862,2050902832_445970096,25.62,17,121
2025-11-27 12:26:53.343922,2050902833_2050902827,24.4,18,122
2025-11-27 12:26:53.565253,2050902833_2050902832,6.69,7,13
2025-11-27 12:26:53.708529,2050902835_2050902836,9.6,6,16
2025-11-27 12:26:53.860417,2050902835_445970127,28.8,15,120
2025-11-27 12:26:53.995454,2050902836_2050902835,4.8,12,16
2025-11-27 12:26:54.146809,2050902836_5489009621,27.4,18,137
2025-11-27 12:26:54.341626,2053894358_8237661942,10.29,7,20
2025-11-27 12:26:54.547847,2053894358_2290010720,19.78,103,566
2025-11-27 12:26:54.833035,2084132002_5716649671,27.0,2,15
2025-11-27 12:26:54.978669,2084132003_5718871870,8.26,17,39
2025-11-27 12:26:55.212278,2084132003_5710673979,6.96,45,87
2025-11-27 12:26:55.438667,2084132003_98041849,3.6,31,31
2025-11-27 12:26:55.608386,2174649904_106108917,18.73,79,411
2025-11-27 12:26:55.754241,2174649904_2174649908,23.27,54,349
2025-11-27 12:26:55.983783,2174649908_1904360482,14.33,110,438
2025-11-27 12:26:56.125568,2174649908_4961341864,14.09,47,184
2025-11-27 12:26:56.348128,2175126932_6648227223,25.67,23,164
2025-11-27 12:26:56.504402,2175126939_2175126932,7.97,75,166
2025-11-27 12:26:56.717723,2175126939_444874857,4.3,41,49
2025-11-27 12:26:56.923377,2176926218_446030797,15.06,60,251
2025-11-27 12:26:57.065680,2176926218_6662241095,24.98,16,111
2025-11-27 12:26:57.250238,2176926218_5716616005,14.97,101,420
2025-11-27 12:26:57.390729,2185731222_1314191415,4.27,43,51
2025-11-27 12:26:57.622041,2185731222_436383687,6.35,118,208
2025-11-27 12:26:57.796470,2185731475_2185731477,27.49,11,84
2025-11-27 12:26:58.008146,2185731475_1312650079,7.73,27,58
2025-11-27 12:26:58.170649,2185731477_13327548965,28.8,21,168
2025-11-27 12:26:58.341404,2185731479_2185731481,32.4,9,81
2025-11-27 12:26:58.496012,2185731479_1887751321,3.95,52,57
2025-11-27 12:26:58.730777,2185731481_1879091753,32.12,13,116
2025-11-27 12:26:58.934372,2186671583_2186671586,3.6,9,9
2025-11-27 12:26:59.157311,2186671583_2291073251,4.77,46,61
2025-11-27 12:26:59.287414,2186671584_444398125,6.48,5,9
2025-11-27 12:26:59.421377,2186671584_2186671583,15.27,29,123
2025-11-27 12:26:59.617549,2186671585_2186671584,15.6,18,78
2025-11-27 12:26:59.773436,2186671586_2186671583,8.1,4,9
2025-11-27 12:26:59.929529,2186671586_444398125,16.56,30,138
2025-11-27 12:27:00.131854,2188036136_283139237,12.74,169,598
2025-11-27 12:27:00.285489,2188036136_444875375,5.89,77,126
2025-11-27 12:27:00.563736,2195296719_6644721587,0.0,0,4
2025-11-27 12:27:00.709708,2195296719_438036727,20.84,19,110
2025-11-27 12:27:00.901155,2195296719_309685730,16.34,150,681
2025-11-27 12:27:01.094028,2212544448_1314191436,8.64,5,12
2025-11-27 12:27:01.241694,2212544448_1314185648,19.52,45,244
2025-11-27 12:27:01.375990,2274969534_5828495464,4.5,12,15
2025-11-27 12:27:01.538565,2274969534_5718868836,28.05,43,335
2025-11-27 12:27:01.696457,2289976216_5718868836,25.61,96,683
2025-11-27 12:27:01.908959,2289976216_5828495464,25.51,47,333
2025-11-27 12:27:02.099199,2289997642_2289997644,4.4,9,11
2025-11-27 12:27:02.316679,2289997642_1314203102,10.72,45,134
2025-11-27 12:27:02.447345,2289997644_2289997642,13.2,3,11
2025-11-27 12:27:02.596894,2289997644_2289976216,23.83,21,139
2025-11-27 12:27:02.805434,2290010720_2290010722,4.58,11,14
2025-11-27 12:27:03.007064,2290010720_309595522,9.3,60,155
2025-11-27 12:27:03.139098,2290010722_2290010720,8.4,6,14
2025-11-27 12:27:03.281344,2290010722_8237661942,19.32,106,569
2025-11-27 12:27:03.543867,2291064324_319490613,21.98,19,116
2025-11-27 12:27:03.677250,2291064328_2291064324,19.64,11,60
2025-11-27 12:27:03.819329,2291064328_428673752,4.1,29,33
2025-11-27 12:27:04.033034,2291072469_317366886,7.2,6,12
2025-11-27 12:27:04.161563,2291072469_5710136488,16.62,159,734
2025-11-27 12:27:04.378901,2291072476_5710136485,10.8,6,18
2025-11-27 12:27:04.506304,2291072476_5710136487,23.04,5,32
2025-11-27 12:27:04.651345,2291073251_2291072469,9.9,8,22
2025-11-27 12:27:04.787527,2291073251_2291254030,22.92,41,261
2025-11-27 12:27:04.933136,2291254028_2291254030,11.13,11,34
2025-11-27 12:27:05.139865,2291254028_2291072469,12.62,75,263
2025-11-27 12:27:05.294405,2291254030_2291254028,20.89,197,1143
2025-11-27 12:27:05.434237,2291254030_444501637,27.16,46,347
2025-11-27 12:27:05.584437,2295384939_436388447,7.71,7,15
2025-11-27 12:27:05.797841,2295384939_5721511585,24.5,41,279
2025-11-27 12:27:06.034864,2302164518_2302164519,24.48,100,680
2025-11-27 12:27:06.197928,2302164518_5719031414,24.0,72,480
2025-11-27 12:27:06.332449,2302164519_2302164518,6.12,10,17
2025-11-27 12:27:06.467963,2302164519_12375164797,8.22,67,153
2025-11-27 12:27:06.675898,2302166519_1312645244,9.12,15,38
2025-11-27 12:27:06.857539,2302166519_1475295086,29.3,50,407
2025-11-27 12:27:07.094075,2303337176_1498038039,30.49,32,271
2025-11-27 12:27:07.220503,2326674277_5709923606,43.2,2,24
2025-11-27 12:27:07.419573,2326674277_2326674288,33.26,25,231
2025-11-27 12:27:07.564594,2326674281_5709923603,54.0,1,15
2025-11-27 12:27:07.758655,2326674281_1314191417,34.43,23,220
2025-11-27 12:27:07.887437,2326674288_4539674888,35.79,17,169
2025-11-27 12:27:08.093060,2570960524_12206582473,30.34,68,573
2025-11-27 12:27:08.228160,2570960524_5707647500,32.77,29,264
2025-11-27 12:27:08.425922,2584589542_5721511586,28.91,159,1277
2025-11-27 12:27:08.558476,2701058419_5716537675,12.74,52,184
2025-11-27 12:27:08.693018,2701184883_4539682086,22.29,26,161
2025-11-27 12:27:08.870563,3075526390_1919751043,28.8,3,24
2025-11-27 12:27:09.073842,3075526390_1954877845,23.6,9,59
2025-11-27 12:27:09.269206,3075526396_3075526390,27.45,8,61
2025-11-27 12:27:09.538618,3779255487_2701184883,15.75,311,1361
2025-11-27 12:27:09.734604,3779255487_5716537702,6.41,32,57
2025-11-27 12:27:10.010423,3779255494_4538405026,20.88,5,29
2025-11-27 12:27:10.226393,4004297090_1878921396,11.57,14,45
2025-11-27 12:27:10.352443,4004297090_1878921405,13.02,26,94
2025-11-27 12:27:10.477616,4025084971_6666128977,37.44,10,104
2025-11-27 12:27:10.600045,4025084971_4538571805,20.25,8,45
2025-11-27 12:27:10.731670,4025115175_5707407583,6.24,15,26
2025-11-27 12:27:10.868794,4025115175_5709996124,9.18,60,153
2025-11-27 12:27:11.015482,4027449781_6621078261,20.54,44,251
2025-11-27 12:27:11.238337,4106937190_4538404990,18.0,1,5
2025-11-27 12:27:11.439036,4538404990_13282498392,22.2,6,37
2025-11-27 12:27:11.589697,4538404991_4538405005,23.63,247,1621
2025-11-27 12:27:11.757175,4538404991_1221161727,24.3,508,3429
2025-11-27 12:27:11.943680,4538404998_3779255494,16.08,15,67
2025-11-27 12:27:12.213262,4538404998_1221161730,3.97,39,43
2025-11-27 12:27:12.485167,4538405005_4538405024,23.89,55,365
2025-11-27 12:27:12.670643,4538405006_1884747789,3.9,24,26
2025-11-27 12:27:12.844771,4538405006_2701184883,14.13,361,1417
2025-11-27 12:27:12.994239,4538405017_11700202516,32.74,53,482
2025-11-27 12:27:13.152687,4538405021_4538405024,40.3,77,862
2025-11-27 12:27:13.378168,4538405021_4538405061,31.97,420,3730
2025-11-27 12:27:13.594974,4538405024_6689058288,34.62,34,327
2025-11-27 12:27:13.746450,4538405026_4538405017,32.18,417,3728
2025-11-27 12:27:13.885176,4538405061_4538404998,17.28,5,24
2025-11-27 12:27:14.039537,4538405061_4106937190,6.89,161,308
2025-11-27 12:27:14.167640,4538405136_11768052437,27.75,79,609
2025-11-27 12:27:14.342917,4538405136_4538405137,30.68,69,588
2025-11-27 12:27:14.468073,4538405137_4540453395,13.82,25,96
2025-11-27 12:27:14.597460,4538571805_5707122780,36.58,193,1961
2025-11-27 12:27:14.745442,4538571805_4539675798,33.41,96,891
2025-11-27 12:27:14.898279,4538571806_4539675798,29.83,7,58
2025-11-27 12:27:15.100302,4538571806_5707122775,21.6,5,30
2025-11-27 12:27:15.303997,4538571818_1314191398,50.4,3,42
2025-11-27 12:27:15.511315,4539132150_4830545884,47.72,94,1246
2025-11-27 12:27:15.721293,4539132150_2326674277,29.77,26,215
2025-11-27 12:27:15.926631,4539132165_5716477055,18.09,38,191
2025-11-27 12:27:16.112427,4539674875_6621426593,25.2,9,63
2025-11-27 12:27:16.307824,4539674875_4539674879,7.85,33,72
2025-11-27 12:27:16.492312,4539674879_1314185677,12.93,27,97
2025-11-27 12:27:16.630848,4539674879_6628818468,26.74,7,52
2025-11-27 12:27:16.820052,4539674883_5716544649,43.66,31,376
2025-11-27 12:27:17.010417,4539674883_12606538099,57.91,92,1480
2025-11-27 12:27:17.250383,4539674888_1849738362,24.12,90,603
2025-11-27 12:27:17.420242,4539674888_3779255475,32.08,170,1515
2025-11-27 12:27:17.572553,4539675798_4538571805,32.12,427,3810
2025-11-27 12:27:17.708235,4539675798_5707122775,19.44,10,54
2025-11-27 12:27:17.927929,4539675798_10159724112,22.8,6,38
2025-11-27 12:27:18.136916,4539675829_444394912,22.1,29,178
2025-11-27 12:27:18.286653,4539682086_1881949103,26.85,59,440
2025-11-27 12:27:18.473822,4539682086_12606538104,25.26,63,442
2025-11-27 12:27:18.601528,4539684490_4539675829,30.53,50,424
2025-11-27 12:27:18.797532,4539684490_3779242655,52.18,95,1377
2025-11-27 12:27:19.025362,4540453369_4540453370,6.48,10,18
2025-11-27 12:27:19.213296,4540453370_4540453369,8.1,8,18
2025-11-27 12:27:19.336227,4540453370_5707271704,28.61,38,302
2025-11-27 12:27:19.533098,4540453378_5707271696,31.3,23,200
2025-11-27 12:27:19.735966,4540453393_4540453394,13.5,8,30
2025-11-27 12:27:19.869747,4540453393_10076263977,37.8,2,21
2025-11-27 12:27:20.023610,4540453394_5093497431,24.69,7,48
2025-11-27 12:27:20.161672,4540453394_4540453405,16.15,72,323
2025-11-27 12:27:20.328730,4540453395_4540453396,23.4,10,65
2025-11-27 12:27:20.538098,4540453395_4540453393,6.04,28,47
2025-11-27 12:27:20.668013,4540453396_4540453400,42.56,17,201
2025-11-27 12:27:20.804709,4540453399_10076263973,16.2,110,495
2025-11-27 12:27:20.926264,4540453399_5093497430,24.3,28,189
2025-11-27 12:27:21.125775,4540453400_444501629,14.36,340,1356
2025-11-27 12:27:21.262406,4540453404_10076263978,5.4,10,15
2025-11-27 12:27:21.485371,4540453404_4540453406,12.9,139,498
2025-11-27 12:27:21.626351,4540453405_4542621501,11.52,10,32
2025-11-27 12:27:21.824005,4540453405_10076263979,13.03,118,427
2025-11-27 12:27:21.953833,4540453406_4538405136,29.4,12,98
2025-11-27 12:27:22.171989,4541071715_4541071716,6.0,9,15
2025-11-27 12:27:22.318056,4541071715_6587550955,28.07,49,382
2025-11-27 12:27:22.444255,4541071716_4541071715,2.7,20,15
2025-11-27 12:27:22.575459,4541071716_10965136434,15.88,68,300
2025-11-27 12:27:22.711944,4541105058_5707271706,36.0,2,20
2025-11-27 12:27:22.922394,4541105059_4541105058,14.4,3,12
2025-11-27 12:27:23.069836,4541105059_11182265554,26.07,228,1651
2025-11-27 12:27:23.268906,4542621501_4540453393,8.55,16,38
2025-11-27 12:27:23.421653,4542621501_4540453406,24.0,6,40
2025-11-27 12:27:23.611109,4599745018_98027697,13.03,100,362
2025-11-27 12:27:23.743397,4599745018_10130533955,27.0,4,30
2025-11-27 12:27:23.905515,4599745018_7920618648,11.89,237,783
2025-11-27 12:27:24.110761,4600895552_10130533953,14.82,43,177
2025-11-27 12:27:24.265258,4600895552_6617292919,12.29,155,529
2025-11-27 12:27:24.391260,4830545876_6325815718,14.4,31,124
2025-11-27 12:27:24.520515,4830545876_5707122751,43.71,57,692
2025-11-27 12:27:24.649682,4830545884_106070559,57.7,37,593
2025-11-27 12:27:24.789698,4830545884_5707122751,39.76,22,243
2025-11-27 12:27:24.938735,4930425700_4930425704,36.16,23,231
2025-11-27 12:27:25.088800,4930425700_1314185585,52.24,43,624
2025-11-27 12:27:25.266802,4930425704_4025084971,57.6,2,32
2025-11-27 12:27:25.478421,4930438606_4830545876,52.2,2,29
2025-11-27 12:27:25.694401,4961341856_1497544719,10.32,104,298
2025-11-27 12:27:25.914346,4961341856_5707161154,20.62,11,63
2025-11-27 12:27:26.048641,4961341859_4961341860,9.33,125,324
2025-11-27 12:27:26.179351,4961341859_6661055809,5.87,19,31
2025-11-27 12:27:26.349687,4961341860_4961341865,7.46,14,29
2025-11-27 12:27:26.612842,4961341864_4961341859,8.64,10,24
2025-11-27 12:27:26.745971,4961341864_6685236291,25.2,23,161
2025-11-27 12:27:26.900664,4961341865_4961341864,16.1,87,389
2025-11-27 12:27:27.113116,4961341865_1904360482,19.96,33,183
2025-11-27 12:27:27.267465,5093497426_10076263973,27.45,24,183
2025-11-27 12:27:27.433067,5093497429_5093497426,18.98,11,58
2025-11-27 12:27:27.624651,5093497429_4540453405,8.05,17,38
2025-11-27 12:27:27.820216,5093497430_10076263976,3.6,24,24
2025-11-27 12:27:27.949381,5093497430_5093497431,27.6,9,69
2025-11-27 12:27:28.095682,5093497431_1897734810,19.91,17,94
2025-11-27 12:27:28.302874,5206119178_283139237,21.08,90,527
2025-11-27 12:27:28.494709,5206119178_420456683,21.35,189,1121
2025-11-27 12:27:28.655717,5485653490_5875623873,18.0,4,20
2025-11-27 12:27:28.780952,5485653490_6688490814,15.99,84,373
2025-11-27 12:27:28.983174,5485722628_6606566488,18.07,214,1074
2025-11-27 12:27:29.122011,5485722628_8341509537,21.28,68,402
2025-11-27 12:27:29.261330,5485722628_6610228314,10.8,20,60
2025-11-27 12:27:29.525872,5489009621_6677147310,18.72,5,26
2025-11-27 12:27:29.668969,5489009621_6677147301,19.94,26,144
2025-11-27 12:27:29.800469,5598303159_13282511305,0.0,0,5
2025-11-27 12:27:29.998591,5598303159_13282511304,37.15,75,774
2025-11-27 12:27:30.155102,5641890821_5641890822,24.92,194,1343
2025-11-27 12:27:30.283009,5641890821_6661487945,22.69,158,996
2025-11-27 12:27:30.427325,5641890822_5641890821,24.75,8,55
2025-11-27 12:27:30.571896,5641890822_5641890823,28.99,19,153
2025-11-27 12:27:30.779716,5641890823_10087376960,16.95,24,113
2025-11-27 12:27:30.970396,5641890823_11700202517,19.8,6,33
2025-11-27 12:27:31.113725,5645750065_9970440452,17.82,20,99
2025-11-27 12:27:31.250432,5645750065_9970440452,17.82,20,99
2025-11-27 12:27:31.393642,5674347102_1758629824,9.77,7,19
2025-11-27 12:27:31.544088,5674347102_7920618648,4.95,427,587
2025-11-27 12:27:31.695534,5683715143_1494041345,9.63,40,107
2025-11-27 12:27:31.960920,5683792676_1314209698,20.79,124,716
2025-11-27 12:27:32.095574,5683792676_98026475,24.69,7,48
2025-11-27 12:27:32.254189,5686426699_7985603148,35.2,9,88
2025-11-27 12:27:32.382843,5686449780_6688471376,24.84,10,69
2025-11-27 12:27:32.592499,5706891499_5706896622,21.79,134,811
2025-11-27 12:27:32.722872,5706891499_9980229913,22.71,13,82
2025-11-27 12:27:32.857010,5706896622_5706891499,12.86,7,25
2025-11-27 12:27:33.056237,5706896622_1497544738,11.41,47,149
2025-11-27 12:27:33.246856,5707122750_6677687648,31.63,361,3172
2025-11-27 12:27:33.388644,5707122750_1699561412,31.46,23,201
2025-11-27 12:27:33.521012,5707122751_6677687648,64.8,1,18
2025-11-27 12:27:33.700008,5707122775_10159724112,28.96,175,1408
2025-11-27 12:27:33.892027,5707122779_4538571806,34.11,21,199
2025-11-27 12:27:34.102690,5707122782_6677687639,30.37,23,194
2025-11-27 12:27:34.321222,5707161151_81806535,4.24,34,40
2025-11-27 12:27:34.544348,5707161153_1497544738,11.78,88,288
2025-11-27 12:27:34.673841,5707161153_5707161163,11.83,94,309
2025-11-27 12:27:34.908322,5707161153_1497544749,15.75,8,35
2025-11-27 12:27:35.066896,5707161154_8231491411,20.49,13,74
2025-11-27 12:27:35.271655,5707161162_1904353550,6.0,57,95
2025-11-27 12:27:35.415551,5707161162_1497544719,4.13,34,39
2025-11-27 12:27:35.542560,5707161163_5707161154,25.56,10,71
2025-11-27 12:27:35.729488,5707161163_4961341856,10.75,152,454
2025-11-27 12:27:35.863552,5707262958_6685466405,16.8,12,56
2025-11-27 12:27:35.988922,5707271696_4541105058,32.15,58,518
2025-11-27 12:27:36.139158,5707271700_5707271696,20.57,7,40
2025-11-27 12:27:36.298032,5707271703_5707271704,26.59,83,613
2025-11-27 12:27:36.457925,5707271703_4540453369,29.48,37,303
2025-11-27 12:27:36.597245,5707271704_5707271705,17.6,27,132
2025-11-27 12:27:36.770638,5707271705_4541105059,27.6,3,23
2025-11-27 12:27:36.936937,5707271705_12725862785,27.24,157,1188
2025-11-27 12:27:37.146623,5707271706_5707271705,24.78,128,881
2025-11-27 12:27:37.362859,5707271706_5707271703,27.95,17,132
2025-11-27 12:27:37.508610,5707407583_5707407590,22.8,3,19
2025-11-27 12:27:37.645616,5707407590_5707407591,7.2,7,14
2025-11-27 12:27:37.855201,5707407590_6670444529,27.41,44,335
2025-11-27 12:27:38.045200,5707407591_4025115175,15.12,5,21
2025-11-27 12:27:38.197493,5707407591_6685434573,22.5,28,175
2025-11-27 12:27:38.339863,5707647467_5707647500,26.27,198,1445
2025-11-27 12:27:38.532000,5707647467_12206582473,30.66,31,264
2025-11-27 12:27:38.676714,5707647500_5707647467,21.09,7,41
2025-11-27 12:27:38.858946,5707647500_6658364083,34.8,3,29
2025-11-27 12:27:38.992629,5707679597_11201648616,13.44,15,56
2025-11-27 12:27:39.212587,5709923601_1314185648,31.2,6,52
2025-11-27 12:27:39.414760,5709923602_1314191417,28.8,9,72
2025-11-27 12:27:39.655036,5709923603_5709923602,9.86,188,515
2025-11-27 12:27:39.788976,5709923603_6621357115,22.8,6,38
2025-11-27 12:27:39.939213,5709923606_1314185653,33.43,21,195
2025-11-27 12:27:40.123812,5709923606_6628818478,17.82,20,99
2025-11-27 12:27:40.271689,5709996124_5709996125,2.88,15,12
2025-11-27 12:27:40.485272,5709996124_448838032,4.53,198,249
2025-11-27 12:27:40.635277,5709996125_5709996124,6.17,7,12
2025-11-27 12:27:40.820796,5709996125_5707407583,13.94,39,151
2025-11-27 12:27:40.965951,5710098650_5716807750,11.25,8,25
2025-11-27 12:27:41.126056,5710098650_5717115613,34.14,29,275
2025-11-27 12:27:41.354814,5710136485_317778303,46.8,1,13
2025-11-27 12:27:41.579213,5710136487_1901865135,22.63,21,132
2025-11-27 12:27:41.764831,5710136488_5710136487,29.4,6,49
2025-11-27 12:27:41.915357,5710136488_2291072476,4.05,32,36
2025-11-27 12:27:42.106440,5710222979_2212544448,6.53,91,165
2025-11-27 12:27:42.259345,5710222986_5710222979,16.82,79,369
2025-11-27 12:27:42.398614,5710222986_3779255475,50.98,100,1416
2025-11-27 12:27:42.598812,5710222987_12606538099,28.48,57,451
2025-11-27 12:27:42.791239,5710222987_1897734813,24.57,397,2709
2025-11-27 12:27:42.930414,5710231827_1887748894,23.4,2,13
2025-11-27 12:27:43.135009,5710538391_5710538395,19.44,10,54
2025-11-27 12:27:43.280602,5710538391_11111175326,25.8,6,43
2025-11-27 12:27:43.414363,5710538395_5710691038,13.37,7,26
2025-11-27 12:27:43.559594,5710538395_5710691056,23.8,18,119
2025-11-27 12:27:43.785590,5710565212_5828999543,22.18,31,191
2025-11-27 12:27:44.008071,5710673956_5716670119,32.4,5,45
2025-11-27 12:27:44.203463,5710673956_2084132003,11.42,58,184
2025-11-27 12:27:44.392454,5710673974_5710673979,17.1,8,38
2025-11-27 12:27:44.665988,5710673974_98041257,8.8,9,22
2025-11-27 12:27:44.880160,5710673974_1748294274,17.56,122,595
2025-11-27 12:27:45.008163,5710673979_5710673992,30.6,22,187
2025-11-27 12:27:45.192622,5710673992_106078638,34.2,4,38
2025-11-27 12:27:45.323253,5710691038_5710538391,8.5,25,59
2025-11-27 12:27:45.454357,5710691038_5710691043,28.59,17,135
2025-11-27 12:27:45.586381,5710691044_5710691043,32.85,16,146
2025-11-27 12:27:45.728661,5710691044_5710691038,24.85,208,1436
2025-11-27 12:27:45.882099,5710691045_5710538395,8.45,52,122
2025-11-27 12:27:46.031525,5710691045_5710691056,34.63,21,202
2025-11-27 12:27:46.239368,5710691056_8462966000,29.52,5,41
2025-11-27 12:27:46.374672,5716241016_5716241017,22.95,8,51
2025-11-27 12:27:46.561820,5716241017_1881928278,22.83,167,1059
2025-11-27 12:27:46.695068,5716408768_1494035973,5.66,35,55
2025-11-27 12:27:46.861310,5716408768_6659134177,18.29,518,2632
2025-11-27 12:27:46.992009,5716408772_6659134177,22.11,7,43
2025-11-27 12:27:47.181561,5716477055_5716477056,22.84,113,717
2025-11-27 12:27:47.361371,5716477055_1495030950,23.4,46,299
2025-11-27 12:27:47.497472,5716477056_5716477055,7.65,16,34
2025-11-27 12:27:47.656060,5716477056_4539132150,17.03,41,194
2025-11-27 12:27:47.782088,5716537675_4538404990,10.16,17,48
2025-11-27 12:27:48.014546,5716537675_4538404991,13.05,8,29
2025-11-27 12:27:48.197268,5716537702_3779255494,19.8,8,44
2025-11-27 12:27:48.392025,5716537702_1221161730,8.4,18,42
2025-11-27 12:27:48.601738,5716544649_2326674281,37.12,16,165
2025-11-27 12:27:48.757283,5716616005_444875130,5.62,41,64
2025-11-27 12:27:48.966383,5716616005_2176926218,13.71,110,419
2025-11-27 12:27:49.130044,5716649671_5716670117,29.82,311,2576
2025-11-27 12:27:49.271787,5716670117_5718916301,30.54,31,263
2025-11-27 12:27:49.422687,5716670118_5716670117,32.99,196,1796
2025-11-27 12:27:49.555492,5716670118_5716670119,35.62,48,475
2025-11-27 12:27:49.769080,5716670119_5710673992,17.49,232,1127
2025-11-27 12:27:49.903830,5716670119_5716670118,28.38,138,1088
2025-11-27 12:27:50.046814,5716670621_5716670118,24.69,149,1022
2025-11-27 12:27:50.229171,5716670621_1498111685,29.55,24,197
2025-11-27 12:27:50.386416,5716670628_2084132002,9.43,21,55
2025-11-27 12:27:50.609983,5716670628_98041851,20.2,201,1128
2025-11-27 12:27:50.755946,5716807749_5717115613,29.98,67,558
2025-11-27 12:27:50.956839,5716807749_5716807750,35.49,28,276
2025-11-27 12:27:51.116439,5716807750_5710098650,26.0,181,1307
2025-11-27 12:27:51.250935,5716807750_6684737819,27.1,127,956
2025-11-27 12:27:51.377129,5717115613_5716807749,20.16,5,28
2025-11-27 12:27:51.629400,5717115613_4540453378,30.6,14,119
2025-11-27 12:27:51.845366,5718868836_2289976216,5.76,10,16
2025-11-27 12:27:52.033157,5718868836_2289997642,21.45,24,143
2025-11-27 12:27:52.258697,5718871870_283139229,14.09,199,779
2025-11-27 12:27:52.472884,5718871870_98041849,3.29,23,21
2025-11-27 12:27:52.698271,5718886024_1748294257,12.4,36,124
2025-11-27 12:27:52.848266,5718916274_5718916294,9.68,96,258
2025-11-27 12:27:53.038403,5718916274_10296445823,4.2,6,7
2025-11-27 12:27:53.173267,5718916291_12816414547,16.92,10,47
2025-11-27 12:27:53.419790,5718916291_98035472,7.01,19,37
2025-11-27 12:27:53.631413,5718916292_6650876736,13.43,307,1145
2025-11-27 12:27:53.764211,5718916292_12816414542,5.14,7,10
2025-11-27 12:27:53.893047,5718916293_5718916294,18.0,1,5
2025-11-27 12:27:54.074985,5718916294_98042270,24.1,46,308
2025-11-27 12:27:54.209886,5718916301_5718916302,13.79,225,862
2025-11-27 12:27:54.373429,5718916301_5718916291,8.49,14,33
2025-11-27 12:27:54.512800,5718916302_5718916301,7.48,13,27
2025-11-27 12:27:54.670986,5718916302_5716670621,28.91,33,265
2025-11-27 12:27:54.804785,5718946093_1748294274,7.2,15,30
2025-11-27 12:27:54.959886,5719031413_5719031414,16.97,7,33
2025-11-27 12:27:55.153547,5719031413_2302164519,23.04,75,480
2025-11-27 12:27:55.350674,5719031414_5719031413,27.79,71,548
2025-11-27 12:27:55.486327,5719031414_3075526396,27.98,22,171
2025-11-27 12:27:55.618669,5719125659_6648096524,33.3,4,37
2025-11-27 12:27:55.815166,5719125659_1758170772,23.27,69,446
2025-11-27 12:27:56.017251,5721511585_2584589542,40.32,5,56
2025-11-27 12:27:56.208417,5721511586_436388447,25.48,39,276
2025-11-27 12:27:56.459502,5828495464_2274969534,13.5,4,15
2025-11-27 12:27:56.587819,5828495464_5719125659,28.97,21,169
2025-11-27 12:27:56.727503,5828999542_5828999543,18.86,143,749
2025-11-27 12:27:56.939815,5828999542_1495025257,23.04,30,192
2025-11-27 12:27:57.074061,5828999543_5828999542,11.31,7,22
2025-11-27 12:27:57.211074,5828999543_6648227222,17.4,36,174
2025-11-27 12:27:57.433692,5831399053_6603014206,25.69,348,2483
2025-11-27 12:27:57.626449,5831399053_1494041374,33.78,68,638
2025-11-27 12:27:57.900980,5875603186_5645750065,24.09,13,87
2025-11-27 12:27:58.039379,5875603186_5206119178,21.81,67,406
2025-11-27 12:27:58.247723,5875623873_6677147301,18.0,5,25
2025-11-27 12:27:58.452275,5875623873_6677147310,17.15,17,81
2025-11-27 12:27:58.638677,5898769297_2185731475,33.94,14,132
2025-11-27 12:27:58.835024,5954441639_5954441640,3.6,8,8
2025-11-27 12:27:59.017963,5954441639_6659134171,27.0,14,105
2025-11-27 12:27:59.164038,5954441640_5954441639,1.8,16,8
2025-11-27 12:27:59.377769,5954441640_11201648616,20.5,59,336
2025-11-27 12:27:59.552873,5962836764_6325815718,40.51,67,754
2025-11-27 12:27:59.743589,5962836764_1314185585,38.4,24,256
2025-11-27 12:27:59.981829,6044465949_2701058419,18.3,84,427
2025-11-27 12:28:00.144023,6044465949_12606538104,16.77,299,1393
2025-11-27 12:28:00.295424,6325815718_6325815720,54.0,2,30
2025-11-27 12:28:00.496088,6325815720_4930438606,11.59,261,840
2025-11-27 12:28:00.669345,6325815720_2185731222,11.26,55,172
2025-11-27 12:28:00.939015,6405794494_6659134172,17.05,317,1501
2025-11-27 12:28:01.068979,6413551907_8341509537,25.2,2,14
2025-11-27 12:28:01.202377,6413551907_8341509535,17.49,14,68
2025-11-27 12:28:01.327987,6441639163_6689057478,24.44,33,224
2025-11-27 12:28:01.545028,6587550954_6587550955,5.2,9,13
2025-11-27 12:28:01.736579,6587550954_4541071716,31.09,44,380
2025-11-27 12:28:01.877003,6587550955_6587550954,3.12,15,13
2025-11-27 12:28:02.066049,6587550955_420456615,9.29,43,111
2025-11-27 12:28:02.280737,6587651051_1901865134,32.14,28,250
2025-11-27 12:28:02.413419,6600206282_13282498396,19.16,202,1075
2025-11-27 12:28:02.669793,6600206282_5598303159,26.8,18,134
2025-11-27 12:28:02.810331,6600206283_13282498396,20.66,177,1016
2025-11-27 12:28:02.949202,6600206283_2701058419,24.38,44,298
2025-11-27 12:28:03.085174,6601012241_6688570393,57.6,1,16
2025-11-27 12:28:03.282911,6601012241_6441639163,22.2,12,74
2025-11-27 12:28:03.410690,6603014206_10682258584,25.88,100,719
2025-11-27 12:28:03.568404,6603014206_6603014207,30.6,6,51
2025-11-27 12:28:03.785039,6603014207_6659072491,13.89,7,27
2025-11-27 12:28:03.977431,6603014207_6659072492,46.8,1,13
2025-11-27 12:28:04.117789,6606566485_10682258584,16.46,14,64
2025-11-27 12:28:04.257009,6606566485_6606566487,43.2,1,12
2025-11-27 12:28:04.439447,6606566485_1758651218,23.62,82,538
2025-11-27 12:28:04.698581,6606566487_6610228314,18.46,197,1010
2025-11-27 12:28:04.823851,6606566487_6606566485,43.2,1,12
2025-11-27 12:28:05.000948,6606566488_6606566487,19.64,11,60
2025-11-27 12:28:05.124109,6606566488_10682258584,24.0,3,20
2025-11-27 12:28:05.336894,6606566488_5485722628,18.32,211,1074
2025-11-27 12:28:05.463390,6610228314_10743484787,20.36,67,379
2025-11-27 12:28:05.614402,6610228314_6606566487,19.65,185,1010
2025-11-27 12:28:05.804043,6610228314_5485722628,7.59,28,59
2025-11-27 12:28:05.951796,6610574244_6659072491,20.85,24,139
2025-11-27 12:28:06.156219,6610574244_1758651218,22.05,16,98
2025-11-27 12:28:06.412598,6617292919_4600895552,18.43,50,256
2025-11-27 12:28:06.541808,6617292919_7985603136,4.8,30,40
2025-11-27 12:28:06.728484,6621078250_6621078251,7.8,6,13
2025-11-27 12:28:06.858652,6621078250_6621078260,32.4,30,270
2025-11-27 12:28:07.068891,6621078251_6621078250,6.69,7,13
2025-11-27 12:28:07.326292,6621078251_420456595,34.37,31,296
2025-11-27 12:28:07.513109,6621078260_6621078261,9.49,11,29
2025-11-27 12:28:07.714653,6621078260_2303337176,19.6,45,245
2025-11-27 12:28:07.845829,6621078261_6621078260,27.55,75,574
2025-11-27 12:28:08.036889,6621078261_420456583,28.8,25,200
2025-11-27 12:28:08.184323,6621357112_1314185653,54.0,2,30
2025-11-27 12:28:08.372989,6621357115_1314191420,4.83,44,59
2025-11-27 12:28:08.550941,6621357115_6621357112,17.76,15,74
2025-11-27 12:28:08.731498,6621426593_1314191414,21.6,3,18
2025-11-27 12:28:08.904190,6621426601_6621426593,10.39,133,384
2025-11-27 12:28:09.100184,6621426601_4539674879,4.54,42,53
2025-11-27 12:28:09.266907,6628818468_5709923601,31.05,8,69
2025-11-27 12:28:09.430449,6628818478_1314185677,4.48,37,46
2025-11-27 12:28:09.596432,6628818478_6628818468,8.18,150,341
2025-11-27 12:28:09.773440,6631796343_1692627215,31.2,3,26
2025-11-27 12:28:09.941389,6641911209_5719031413,31.5,20,175
2025-11-27 12:28:10.199009,6641911209_3075526396,22.5,8,50
2025-11-27 12:28:10.405089,6644672133_6644672135,18.33,55,280
2025-11-27 12:28:10.603024,6644672133_1884768305,10.37,25,72
2025-11-27 12:28:10.735892,6644672135_6644672133,18.67,54,280
2025-11-27 12:28:10.984041,6644672135_106111364,17.6,27,132
2025-11-27 12:28:11.178131,6644721587_2195296719,23.06,37,237
2025-11-27 12:28:11.308294,6644721587_11107112929,23.66,7,46
2025-11-27 12:28:11.505800,6647118933_2290010722,21.44,23,137
2025-11-27 12:28:11.637168,6647145130_8598733283,6.08,16,27
2025-11-27 12:28:11.772130,6647145130_5701309369,9.64,31,83
2025-11-27 12:28:11.959726,6648096523_1758170763,4.24,17,20
2025-11-27 12:28:12.173928,6648096523_1613087628,6.06,19,32
2025-11-27 12:28:12.366674,6648096524_6648096525,32.8,27,246
2025-11-27 12:28:12.557666,6648096524_12024836052,18.87,136,713
2025-11-27 12:28:12.743252,6648096525_6648096524,34.06,26,246
2025-11-27 12:28:12.902133,6648096525_5710565212,27.9,4,31
2025-11-27 12:28:13.163040,6648227219_2291254028,23.88,52,345
2025-11-27 12:28:13.355656,6648227221_6648227219,23.4,4,26
2025-11-27 12:28:13.503831,6648227221_6648227224,33.94,49,462
2025-11-27 12:28:13.639494,6648227222_6648227224,34.8,3,29
2025-11-27 12:28:13.837467,6648227222_2175126939,20.23,29,163
2025-11-27 12:28:14.026454,6648227223_5828999542,18.87,33,173
2025-11-27 12:28:14.182064,6648227224_6648227223,36.0,3,30
2025-11-27 12:28:14.331198,6648227224_6648227221,30.8,54,462
2025-11-27 12:28:14.531522,6650810650_444874859,9.6,36,96
2025-11-27 12:28:14.752822,6650810650_1613087620,5.66,14,22
2025-11-27 12:28:14.962309,6650876736_5718916292,5.97,213,353
2025-11-27 12:28:15.119907,6650876736_6650876740,10.16,556,1569
2025-11-27 12:28:15.247135,6650876740_6650876736,7.75,91,196
2025-11-27 12:28:15.456760,6650876740_634709500,17.07,298,1413
2025-11-27 12:28:15.711247,6650982900_6650982901,24.6,156,1066
2025-11-27 12:28:15.842551,6650982900_6648227219,27.65,22,169
2025-11-27 12:28:15.978919,6650982901_6650982900,7.99,50,111
2025-11-27 12:28:16.173772,6650982901_444875375,4.87,34,46
2025-11-27 12:28:16.405448,6651770209_6651770210,4.87,17,23
2025-11-27 12:28:16.573722,6651770209_444875374,10.82,183,550
2025-11-27 12:28:16.792935,6651770210_6651770209,11.29,299,938
2025-11-27 12:28:17.005539,6651770210_5716670628,7.37,195,399
2025-11-27 12:28:17.249869,6658429241_10130533935,25.25,154,1080
2025-11-27 12:28:17.388273,6658429241_11014094287,21.05,26,152
2025-11-27 12:28:17.583740,6659072489_5710231827,19.63,31,169
2025-11-27 12:28:17.747673,6659072490_6659072489,7.04,23,45
2025-11-27 12:28:18.006074,6659072490_1878921405,22.8,18,114
2025-11-27 12:28:18.151151,6659072491_6659072492,21.6,6,36
2025-11-27 12:28:18.282649,6659072491_6610574244,21.76,23,139
2025-11-27 12:28:18.473545,6659072492_6659072490,28.15,22,172
2025-11-27 12:28:18.740632,6659134171_1758633112,17.82,100,495
2025-11-27 12:28:18.901985,6659134171_1884769977,27.9,12,93
2025-11-27 12:28:19.044475,6659134172_5954441640,25.2,15,105
2025-11-27 12:28:19.221218,6659134174_5716408768,8.6,100,239
2025-11-27 12:28:19.419572,6659134177_1314209716,19.12,16,85
2025-11-27 12:28:19.614817,6661055809_2050902820,28.8,1,8
2025-11-27 12:28:19.820468,6661055810_6661055809,5.71,87,138
2025-11-27 12:28:20.031442,6661055810_4961341860,4.28,32,38
2025-11-27 12:28:20.229537,6661055813_6662639319,9.36,15,39
2025-11-27 12:28:20.407553,6661487944_6661487945,19.56,129,701
2025-11-27 12:28:20.586280,6661487944_5641890822,25.17,142,993
2025-11-27 12:28:20.714330,6661487945_6661487944,19.08,10,53
2025-11-27 12:28:20.843835,6661487945_12908782868,25.96,19,137
2025-11-27 12:28:20.970688,6662241086_6662241087,18.0,10,50
2025-11-27 12:28:21.126043,6662241086_4025115175,16.0,223,991
2025-11-27 12:28:21.282928,6662241087_6662241086,15.93,101,447
2025-11-27 12:28:21.413596,6662241087_6662241094,14.94,87,361
2025-11-27 12:28:21.541428,6662241094_6662241095,14.64,60,244
2025-11-27 12:28:21.669132,6662241094_446030797,10.51,37,108
2025-11-27 12:28:21.810405,6662241095_6662241094,13.89,7,27
2025-11-27 12:28:21.943154,6662241095_6662241086,17.06,77,365
2025-11-27 12:28:22.072686,6662639319_2050902830,18.64,17,88
2025-11-27 12:28:22.212412,6666128977_5962836764,61.2,1,17
2025-11-27 12:28:22.362253,6666479030_8598733283,0.0,0,4
2025-11-27 12:28:22.567987,6670444529_6670444530,25.16,80,559
2025-11-27 12:28:22.772594,6670444529_420456683,28.57,16,127
2025-11-27 12:28:22.895119,6670444530_6670444529,2.57,21,15
2025-11-27 12:28:23.065105,6670444530_12513272960,34.38,20,191
2025-11-27 12:28:23.243402,6672531385_12872373346,20.92,37,215
2025-11-27 12:28:23.445946,6677147301_5489009621,13.8,6,23
2025-11-27 12:28:23.657341,6677147301_2050902835,22.58,22,138
2025-11-27 12:28:23.921007,6677147310_5485653490,20.22,13,73
2025-11-27 12:28:24.122458,6677300866_309685730,15.6,96,416
2025-11-27 12:28:24.265723,6677300866_6677364041,20.0,9,50
2025-11-27 12:28:24.415598,6677338241_98026475,16.36,33,150
2025-11-27 12:28:24.567484,6677338241_1314209698,20.8,9,52
2025-11-27 12:28:24.750731,6677364041_2295384939,21.6,9,54
2025-11-27 12:28:24.899892,6677687639_5707122750,15.05,11,46
2025-11-27 12:28:25.041988,6677687639_4538571818,32.29,431,3866
2025-11-27 12:28:25.239973,6677687648_1314191405,0.0,0,10
2025-11-27 12:28:25.397879,6677687648_5707122750,22.5,8,50
2025-11-27 12:28:25.631599,6677895172_1494041352,19.7,400,2189
2025-11-27 12:28:25.878282,6677895172_1494041351,27.9,16,124
2025-11-27 12:28:26.090750,6677895176_1494041352,26.1,4,29
2025-11-27 12:28:26.285356,6677895176_1494041351,20.95,143,832
2025-11-27 12:28:26.491661,6684737819_4540453404,22.08,30,184
2025-11-27 12:28:26.730369,6684737819_4540453400,40.83,44,499
2025-11-27 12:28:26.947667,6685236291_6685236292,18.7,72,374
2025-11-27 12:28:27.094916,6685236291_8231491408,25.49,25,177
2025-11-27 12:28:27.252117,6685236292_6685236291,9.0,10,25
2025-11-27 12:28:27.506117,6685236292_4961341859,10.54,56,164
2025-11-27 12:28:27.713023,6685434573_6662241087,27.36,10,76
2025-11-27 12:28:27.980089,6687964478_442990465,14.7,168,686
2025-11-27 12:28:28.215667,6687964478_5716241017,19.35,8,43
2025-11-27 12:28:28.403692,6688471376_5686449780,13.82,259,994
2025-11-27 12:28:28.528082,6688471376_7920618647,8.74,119,289
2025-11-27 12:28:28.665358,6688490814_6647145130,5.63,23,36
2025-11-27 12:28:28.837842,6688490814_5485653490,23.61,34,223
2025-11-27 12:28:29.023724,6688503842_6405794494,24.0,3,20
2025-11-27 12:28:29.266991,6688503847_1758631175,7.2,14,28
2025-11-27 12:28:29.401713,6688503847_6688503842,8.33,16,37
2025-11-27 12:28:29.677369,6688570392_6441639163,21.6,3,18
2025-11-27 12:28:29.860109,6688570392_6688570393,25.15,75,524
2025-11-27 12:28:29.995796,6688570393_6688570397,31.64,38,334
2025-11-27 12:28:30.125417,6688570397_6688570401,16.04,11,49
2025-11-27 12:28:30.254358,6688570397_12600043488,30.24,5,42
2025-11-27 12:28:30.397687,6688570401_6688570392,26.48,45,331
2025-11-27 12:28:30.522029,6689057478_6689057484,36.0,3,30
2025-11-27 12:28:30.650149,6689057478_6689057482,12.96,10,36
2025-11-27 12:28:30.832642,6689057482_6601012241,31.71,26,229
2025-11-27 12:28:30.972205,6689057484_13206202825,27.09,38,286
2025-11-27 12:28:31.182507,6689058288_6689057482,32.4,2,18
2025-11-27 12:28:31.311582,6689058288_6689057484,26.8,9,67
2025-11-27 12:28:31.497303,7301485388_1497544796,6.94,14,27
2025-11-27 12:28:31.728891,7920618640_5683715143,25.53,66,468
2025-11-27 12:28:31.863837,7920618640_5683715143,25.53,66,468
2025-11-27 12:28:32.034227,7920618647_4599745018,30.0,3,25
2025-11-27 12:28:32.176703,7920618647_7920618648,3.19,44,39
2025-11-27 12:28:32.355890,7920618648_5674347102,5.7,371,587
2025-11-27 12:28:32.540121,7920618648_10130533955,9.32,17,44
2025-11-27 12:28:32.680664,7920618648_4599745018,12.77,217,770
2025-11-27 12:28:32.863988,7985603136_98027697,22.32,5,31
2025-11-27 12:28:33.025878,7985603136_10130533953,16.87,292,1368
2025-11-27 12:28:33.152892,7985603138_5686449780,30.65,33,281
2025-11-27 12:28:33.318448,7985603147_7985603148,20.19,365,2047
2025-11-27 12:28:33.474607,7985603147_7920618640,26.03,728,5263
2025-11-27 12:28:33.679661,7985603148_7985603147,31.44,15,131
2025-11-27 12:28:33.931538,7985603148_6617292919,22.58,22,138
2025-11-27 12:28:34.193806,8231491408_8231491411,11.49,115,367
2025-11-27 12:28:34.415683,8231491408_5707161162,20.75,17,98
2025-11-27 12:28:34.643488,8231491411_8231491408,3.98,19,21
2025-11-27 12:28:34.773631,8231491411_6685236292,25.06,26,181
2025-11-27 12:28:34.963742,8237661942_2053894358,6.0,12,20
2025-11-27 12:28:35.105784,8237661942_308728680,15.06,71,297
2025-11-27 12:28:35.256554,8242664547_11107112958,19.79,389,2138
2025-11-27 12:28:35.413596,8242664547_12174413404,25.2,8,56
2025-11-27 12:28:35.655408,8242664547_12559133535,19.51,380,2059
2025-11-27 12:28:35.897153,8295729267_3779242655,45.1,36,451
2025-11-27 12:28:36.134265,8295729267_6600206282,25.67,46,328
2025-11-27 12:28:36.335034,8341509535_10743484787,16.8,3,14
2025-11-27 12:28:36.520547,8341509537_5485722628,20.1,72,402
2025-11-27 12:28:36.753562,8341509537_6413551907,25.2,2,14
2025-11-27 12:28:36.883508,8462967636_5710691044,54.0,1,15
2025-11-27 12:28:37.016824,8598733283_6666479030,14.4,1,4
2025-11-27 12:28:37.150489,8598733283_6688490814,21.6,11,66
2025-11-27 12:28:37.325031,8823455179_6661055810,13.23,431,1584
2025-11-27 12:28:37.461293,8823455180_8823455179,7.53,11,23
2025-11-27 12:28:37.586565,8823455180_98031401,7.6,9,19
2025-11-27 12:28:37.735228,8921282801_10202001781,8.4,33,77
2025-11-27 12:28:37.860472,9576908879_1314203096,19.6,9,49
2025-11-27 12:28:38.054071,9970440452_12484632695,25.6,18,128
2025-11-27 12:28:38.201613,9980229913_1497544764,21.8,106,642
2025-11-27 12:28:38.332249,9980229913_7301485388,24.1,46,308
2025-11-27 12:28:38.528031,10076263973_5710098650,28.71,120,957
2025-11-27 12:28:38.780833,10076263976_10076263977,10.16,51,144
2025-11-27 12:28:38.961901,10076263976_4540453394,12.19,127,430
2025-11-27 12:28:39.093357,10076263977_4540453396,30.6,2,17
2025-11-27 12:28:39.302759,10076263978_10076263979,2.73,33,25
2025-11-27 12:28:39.496828,10076263978_4542621501,5.54,13,20
2025-11-27 12:28:39.640602,10076263979_5093497426,27.0,2,15
2025-11-27 12:28:39.894677,10087376960_5641890823,18.72,10,52
2025-11-27 12:28:40.092874,10087376960_5641890821,34.2,16,152
2025-11-27 12:28:40.293618,10100966682_12513272960,17.38,152,734
2025-11-27 12:28:40.416611,10100966682_6685434573,16.12,67,300
2025-11-27 12:28:40.612666,10130533935_1495023340,17.0,352,1662
2025-11-27 12:28:40.745762,10130533953_4600895552,13.94,157,608
2025-11-27 12:28:40.878390,10130533953_7985603138,11.91,13,43
2025-11-27 12:28:41.034732,10130533953_98027697,3.41,37,35
2025-11-27 12:28:41.192271,10130533955_7985603147,26.5,25,184
2025-11-27 12:28:41.447588,10151536198_2570960524,25.48,38,269
2025-11-27 12:28:41.585032,10159724112_6666128977,54.0,1,15
2025-11-27 12:28:41.779829,10180671333_420522002,32.4,6,54
2025-11-27 12:28:42.027676,10180671333_98041254,8.05,17,38
2025-11-27 12:28:42.226501,10202001781_1881927757,19.49,87,471
2025-11-27 12:28:42.405824,10203920310_1881928279,25.2,2,14
2025-11-27 12:28:42.549430,10203920310_5718886024,19.54,14,76
2025-11-27 12:28:42.797967,10203920324_10203920325,14.4,3,12
2025-11-27 12:28:43.012156,10203920324_1881928007,0.0,12,0
2025-11-27 12:28:43.213099,10203920325_5718886024,10.8,1,3
2025-11-27 12:28:43.390108,10203920328_1881927759,0.0,0,0
2025-11-27 12:28:43.585228,10203920329_10203920328,18.48,60,308
2025-11-27 12:28:43.753102,10203920329_1219243636,5.64,30,47
2025-11-27 12:28:44.004334,10296445822_10997686363,21.87,202,1227
2025-11-27 12:28:44.251064,10296445822_10296445824,12.74,490,1734
2025-11-27 12:28:44.500542,10296445822_309816683,12.72,481,1699
2025-11-27 12:28:44.679016,10296445823_309816683,7.8,18,39
2025-11-27 12:28:44.888755,10296445823_10296445822,5.92,31,51
2025-11-27 12:28:45.178156,10296445824_5718916302,21.0,6,35
2025-11-27 12:28:45.369026,10542328776_6685605986,18.51,7,36
2025-11-27 12:28:45.567288,10542328776_1748294274,5.08,34,48
2025-11-27 12:28:45.691403,10542328776_13023100784,21.48,90,537
2025-11-27 12:28:45.951749,10682258584_6603014206,23.53,110,719
2025-11-27 12:28:46.092030,10682258584_6606566488,24.0,3,20
2025-11-27 12:28:46.356179,10743484787_8341509535,25.2,2,14
2025-11-27 12:28:46.555981,10743484787_6610228314,18.44,74,379
2025-11-27 12:28:46.694913,10743484787_8341509537,15.6,15,65
2025-11-27 12:28:46.938815,10965136434_420456595,8.4,6,14
2025-11-27 12:28:47.126314,10965136434_6621078250,29.9,36,299
2025-11-27 12:28:47.267479,10997686363_10296445822,15.5,343,1477
2025-11-27 12:28:47.399981,10997686363_11107112927,21.09,7,41
2025-11-27 12:28:47.588176,11014094287_11014094288,11.7,36,117
2025-11-27 12:28:47.792878,11014094287_1884765802,17.33,166,799
2025-11-27 12:28:47.968740,11014094288_11014094287,11.06,14,43
2025-11-27 12:28:48.118646,11014094288_1495023340,24.87,22,152
2025-11-27 12:28:48.306109,11107112919_438036727,21.6,10,60
2025-11-27 12:28:48.451111,11107112919_12559133535,30.6,2,17
2025-11-27 12:28:48.679587,11107112923_10997686363,29.52,5,41
2025-11-27 12:28:48.812935,11107112923_11107112927,27.26,7,53
2025-11-27 12:28:48.962002,11107112927_11107112935,21.6,5,30
2025-11-27 12:28:49.168759,11107112929_11107112919,0.0,0,0
2025-11-27 12:28:49.320017,11107112935_11107112929,20.4,9,51
2025-11-27 12:28:49.486905,11107112935_6644721587,19.46,385,2081
2025-11-27 12:28:49.704628,11107112958_8242664547,19.5,156,845
2025-11-27 12:28:49.850773,11111175323_11111175326,31.8,6,53
2025-11-27 12:28:49.998623,11111175326_6600206283,30.06,126,1052
2025-11-27 12:28:50.207756,11182265554_4540453378,21.42,40,238
2025-11-27 12:28:50.400043,11182265554_5716807749,30.6,14,119
2025-11-27 12:28:50.541813,11201648616_445970799,15.17,94,396
2025-11-27 12:28:50.739833,11209721500_11209721504,20.16,10,56
2025-11-27 12:28:50.869797,11209721504_13322115744,39.85,43,476
2025-11-27 12:28:51.117358,11700202516_11700202517,21.42,20,119
2025-11-27 12:28:51.245354,11700202516_10087376960,39.6,3,33
2025-11-27 12:28:51.397158,11700202517_11700202516,11.83,14,46
2025-11-27 12:28:51.591140,11700202517_4538405021,29.65,59,486
2025-11-27 12:28:51.793508,11768052436_4538405137,20.7,4,23
2025-11-27 12:28:51.990345,11768052436_11768052437,12.74,13,46
2025-11-27 12:28:52.198450,11768052437_1881949102,33.23,26,240
2025-11-27 12:28:52.454187,11950483412_1884765806,3.6,24,24
2025-11-27 12:28:52.737073,11950483412_11950483417,4.7,36,47
2025-11-27 12:28:52.942883,11950483417_1314209717,18.0,2,10
2025-11-27 12:28:53.094994,12024836052_2274969534,25.83,23,165
2025-11-27 12:28:53.290737,12174413404_8242664547,19.39,375,2020
2025-11-27 12:28:53.414234,12206582473_2570960524,24.1,137,917
2025-11-27 12:28:53.603852,12206582473_6661487944,30.87,54,463
2025-11-27 12:28:53.808245,12357580642_12357580645,10.44,20,58
2025-11-27 12:28:54.005273,12357580642_421080868,5.32,23,34
2025-11-27 12:28:54.223446,12357580645_1497544736,9.9,12,33
2025-11-27 12:28:54.375401,12375164794_12768097335,23.4,2,13
2025-11-27 12:28:54.534984,12375164795_12375164794,11.33,34,107
2025-11-27 12:28:54.675850,12375164795_2302166519,0.0,0,7
2025-11-27 12:28:54.818940,12375164797_1691398148,6.6,6,11
2025-11-27 12:28:54.968146,12375164797_12375164798,9.43,42,110
2025-11-27 12:28:55.144630,12375164798_2302164518,24.05,22,147
2025-11-27 12:28:55.295577,12484632695_12484632696,27.58,56,429
2025-11-27 12:28:55.426190,12484632695_12600043494,26.84,22,164
2025-11-27 12:28:55.632727,12484632696_5831399053,30.89,31,266
2025-11-27 12:28:55.829372,12513272960_10100966682,46.8,1,13
2025-11-27 12:28:56.030709,12513272960_5707407591,9.58,56,149
2025-11-27 12:28:56.215366,12559133535_11107112958,30.4,9,76
2025-11-27 12:28:56.367483,12559133535_8242664547,23.23,31,200
2025-11-27 12:28:56.590563,12600043488_12484632696,28.97,21,169
2025-11-27 12:28:56.737814,12600043494_6688570401,29.4,6,49
2025-11-27 12:28:56.873633,12600043494_12600043488,26.58,13,96
2025-11-27 12:28:57.031025,12606538099_4539684490,35.22,46,450
2025-11-27 12:28:57.208843,12606538104_5710222986,13.86,140,539
2025-11-27 12:28:57.345756,12725862784_4541105059,22.32,191,1184
2025-11-27 12:28:57.474186,12725862785_12725862784,18.9,4,21
2025-11-27 12:28:57.697744,12725862785_10151536198,25.71,7,50
2025-11-27 12:28:57.830138,12768097332_1881927756,6.0,12,20
2025-11-27 12:28:57.964024,12768097332_12768097335,9.0,18,45
2025-11-27 12:28:58.144409,12816414542_5718916293,21.2,9,53
2025-11-27 12:28:58.362912,12816414542_98035472,7.63,109,231
2025-11-27 12:28:58.514785,12816414547_5718916292,8.4,6,14
2025-11-27 12:28:58.648238,12872373345_12872373346,7.2,10,20
2025-11-27 12:28:58.795369,12872373345_10203920310,18.44,41,210
2025-11-27 12:28:58.924894,12872373346_12872373345,9.0,8,20
2025-11-27 12:28:59.059512,12872373346_1219243660,13.42,11,41
2025-11-27 12:28:59.214628,12908782868_10151536198,28.8,7,56
2025-11-27 12:28:59.397220,12908782868_12725862784,36.0,5,50
2025-11-27 12:28:59.551547,13023100784_10542328776,18.95,102,537
2025-11-27 12:28:59.693944,13023100784_13023100793,0.0,3,0
2025-11-27 12:28:59.841500,13023100793_13023100794,0.0,0,1
2025-11-27 12:28:59.990156,13023100793_420456583,15.94,164,726
2025-11-27 12:29:00.175872,13023100794_442993523,17.56,74,361
2025-11-27 12:29:00.381337,13023100794_13023100784,0.0,0,1
2025-11-27 12:29:00.579787,13206202825_4538405017,35.92,90,898
2025-11-27 12:29:00.704458,13206202825_4538405006,28.73,49,391
2025-11-27 12:29:00.906377,13282498392_8295729267,26.05,17,123
2025-11-27 12:29:01.106177,13282498392_13282498396,35.76,45,447
2025-11-27 12:29:01.239288,13282498396_6600206282,18.78,204,1064
2025-11-27 12:29:01.426988,13282498396_6600206283,10.58,16,47
2025-11-27 12:29:01.574970,13282498396_13282511305,28.38,17,134
2025-11-27 12:29:01.776527,13282511304_5710691045,31.95,8,71
2025-11-27 12:29:01.981087,13282511305_5598303159,0.0,0,5
2025-11-27 12:29:02.127601,13282511305_13282511304,37.39,75,779
2025-11-27 12:29:02.270303,13322115743_13322115744,27.6,138,1058
2025-11-27 12:29:02.468337,13322115743_5707262958,27.46,62,473
2025-11-27 12:29:02.690599,13322115744_13322115743,20.76,142,819
2025-11-27 12:29:02.869799,13322115744_1879088106,32.86,31,283
2025-11-27 12:29:03.041904,13327548965_13327548966,34.2,2,19
2025-11-27 12:29:03.248478,13327548966_10202001781,15.42,53,227
2025-11-27 12:29:03.455596,13327548966_13327548968,18.37,77,393
2025-11-27 12:29:03.636589,13327548967_2185731479,26.61,23,170
2025-11-27 12:29:03.771384,13327548967_13327548965,15.34,134,571
2025-11-27 12:29:03.908096,13327548968_13327548967,28.8,3,24
2025-11-27 12:31:01.267065,81805393_11950483412,4.15,13,15
2025-11-27 12:31:01.466156,81805393_1884765798,12.79,261,927
2025-11-27 12:31:01.619108,81806535_1497544749,13.68,10,38
2025-11-27 12:31:01.774277,81806535_5707161153,8.26,126,289
2025-11-27 12:31:01.986029,98026475_6677338241,18.42,120,614
2025-11-27 12:31:02.129890,98027697_4599745018,9.3,12,31
2025-11-27 12:31:02.293091,98027697_7985603138,18.51,7,36
2025-11-27 12:31:02.432135,98027697_10130533953,15.64,166,721
2025-11-27 12:31:02.581735,98031401_6661055810,0.0,18,0
2025-11-27 12:31:02.783658,98031401_8823455179,11.04,89,273
2025-11-27 12:31:02.920500,98035472_309816683,16.66,156,722
2025-11-27 12:31:03.142793,98035472_12816414547,15.54,208,898
2025-11-27 12:31:03.408831,98035472_5718916293,16.4,9,41
2025-11-27 12:31:03.548207,98041254_420456615,11.7,4,13
2025-11-27 12:31:03.701209,98041254_420522002,24.48,5,34
2025-11-27 12:31:03.915766,98041257_98041849,5.49,19,29
2025-11-27 12:31:04.070583,98041257_5710673974,15.84,5,22
2025-11-27 12:31:04.278435,98041257_5710673979,32.4,3,27
2025-11-27 12:31:04.476308,98041849_98041257,10.44,10,29
2025-11-27 12:31:04.619186,98041849_5718871870,18.9,4,21
2025-11-27 12:31:04.821177,98041849_733429120,6.5,36,65
2025-11-27 12:31:05.042076,98041851_98041254,22.98,164,1047
2025-11-27 12:31:05.164648,98041851_2084132002,34.2,4,38
2025-11-27 12:31:05.347911,98042270_309816682,17.8,125,618
2025-11-27 12:31:05.564146,98042270_6677300866,19.03,56,296
2025-11-27 12:31:05.717988,106078638_6587651051,36.0,5,50
2025-11-27 12:31:05.921709,106078638_442990465,16.36,11,50
2025-11-27 12:31:06.181023,106108917_2174649904,8.26,17,39
2025-11-27 12:31:06.315001,106108917_2176926218,23.09,92,590
2025-11-27 12:31:06.480088,106111364_6644672135,21.77,21,127
2025-11-27 12:31:06.628051,106111364_446030797,15.75,213,932
2025-11-27 12:31:06.823987,283139229_444875375,8.0,9,20
2025-11-27 12:31:06.980290,283139229_5718871870,15.58,180,779
2025-11-27 12:31:07.113303,283139229_6650982900,27.0,6,45
2025-11-27 12:31:07.267840,283139237_5206119178,20.18,94,527
2025-11-27 12:31:07.409324,283139237_2188036136,24.27,31,209
2025-11-27 12:31:07.623877,308728680_1314203102,8.74,7,17
2025-11-27 12:31:07.815091,308728680_310729950,13.89,225,868
2025-11-27 12:31:07.943028,308728680_2289997644,18.58,25,129
2025-11-27 12:31:08.101843,309595522_6666479030,11.6,9,29
2025-11-27 12:31:08.252950,309685730_6677300866,11.6,9,29
2025-11-27 12:31:08.390479,309685730_2195296719,18.16,135,681
2025-11-27 12:31:08.546590,309685730_309816682,18.55,59,304
2025-11-27 12:31:08.700177,309816682_98042270,8.51,11,26
2025-11-27 12:31:08.901404,309816682_5718916274,16.55,67,308
2025-11-27 12:31:09.115048,309816683_98035472,9.8,61,166
2025-11-27 12:31:09.255660,309816683_10296445822,13.74,236,901
2025-11-27 12:31:09.396559,309816683_10296445824,15.75,8,35
2025-11-27 12:31:09.563168,310729950_6677364041,5.85,40,65
2025-11-27 12:31:09.767944,310729950_6677300866,5.4,26,39
2025-11-27 12:31:09.896970,317366886_444501629,6.3,12,21
2025-11-27 12:31:10.097091,317366886_4540453399,18.72,149,775
2025-11-27 12:31:10.291013,317778303_427847910,9.0,8,20
2025-11-27 12:31:10.508538,317778303_5716477056,32.3,37,332
2025-11-27 12:31:10.789610,319490613_1104490487,24.16,138,926
2025-11-27 12:31:10.944143,420456583_6621078251,27.0,12,90
2025-11-27 12:31:11.094797,420456583_13023100793,15.48,20,86
2025-11-27 12:31:11.249824,420456595_10965136434,2.52,20,14
2025-11-27 12:31:11.470448,420456595_4541071715,13.13,82,299
2025-11-27 12:31:11.716293,420456615_733429120,18.0,6,30
2025-11-27 12:31:11.865899,420456615_98041257,9.65,25,67
2025-11-27 12:31:12.071064,420456683_5710231827,15.77,129,565
2025-11-27 12:31:12.285166,420456683_5206119178,17.04,15,71
2025-11-27 12:31:12.412064,420456683_1878932244,28.2,18,141
2025-11-27 12:31:12.680218,420457653_11107112923,29.19,37,300
2025-11-27 12:31:12.858867,420460217_1878921396,22.02,264,1615
2025-11-27 12:31:13.008074,420460217_4004297090,4.5,60,75
2025-11-27 12:31:13.172725,420522002_6587550954,26.64,10,74
2025-11-27 12:31:13.327847,421080868_4961341856,9.6,12,32
2025-11-27 12:31:13.472981,421080868_12357580645,13.3,111,410
2025-11-27 12:31:13.601048,427847910_2291072476,18.0,3,15
2025-11-27 12:31:13.935977,427847910_1495030951,21.6,6,36
2025-11-27 12:31:14.180724,428673752_421080868,12.7,89,314
2025-11-27 12:31:14.333825,428673752_2291064324,16.36,11,50
2025-11-27 12:31:14.552875,436383687_5710222987,30.13,19,159
2025-11-27 12:31:14.757688,436388447_2295384939,5.4,10,15
2025-11-27 12:31:14.889075,436388447_309685730,9.05,37,93
2025-11-27 12:31:15.047533,442990465_106078638,17.47,88,427
2025-11-27 12:31:15.177392,442990465_6687964478,13.87,178,686
2025-11-27 12:31:15.313204,442990465_6587651051,18.6,6,31
2025-11-27 12:31:15.479668,442993523_13023100794,18.57,70,361
2025-11-27 12:31:15.686784,444394912_2701184883,15.33,322,1371
2025-11-27 12:31:15.872307,444394912_4538405026,25.44,15,106
2025-11-27 12:31:16.001347,444394912_5716537702,5.27,41,60
2025-11-27 12:31:16.194134,444398125_444393381,16.63,21,97
2025-11-27 12:31:16.323946,444398125_2186671584,4.63,7,9
2025-11-27 12:31:16.474170,444501629_2291073251,10.8,6,18
2025-11-27 12:31:16.631040,444501629_2186671586,14.8,18,74
2025-11-27 12:31:16.897899,444501637_6648227221,46.8,2,26
2025-11-27 12:31:17.095307,444501637_6650982901,26.77,23,171
2025-11-27 12:31:17.258133,444874857_444875374,7.65,8,17
2025-11-27 12:31:17.425218,444874857_6651770210,27.57,47,360
2025-11-27 12:31:17.630929,444874859_6650810650,21.66,112,674
2025-11-27 12:31:17.764734,444874859_5710565212,26.6,18,133
2025-11-27 12:31:18.029249,444875109_448838032,10.8,6,18
2025-11-27 12:31:18.237213,444875109_5709996125,12.21,130,441
2025-11-27 12:31:18.450648,444875130_1613087628,18.0,4,20
2025-11-27 12:31:18.584247,444875130_1758170763,27.9,4,31
2025-11-27 12:31:18.719088,444875374_444875109,12.23,48,163
2025-11-27 12:31:18.864254,444875374_283139229,18.77,14,73
2025-11-27 12:31:19.033412,444875375_283139229,7.2,10,20
2025-11-27 12:31:19.168638,444875375_444875109,10.65,24,71
2025-11-27 12:31:19.326055,444875375_2188036136,21.01,115,671
2025-11-27 12:31:19.484331,445970096_2050902830,13.5,4,15
2025-11-27 12:31:19.615299,445970096_8823455180,10.56,30,88
2025-11-27 12:31:19.784350,445970127_2050902827,11.7,4,13
2025-11-27 12:31:19.928590,445970127_2050902832,25.2,17,119
2025-11-27 12:31:20.103120,445970799_1884776799,14.1,158,619
2025-11-27 12:31:20.292292,445970799_2291064328,15.81,23,101
2025-11-27 12:31:20.432353,446030797_2176926218,13.37,7,26
2025-11-27 12:31:20.629632,446030797_2174649904,20.04,104,579
2025-11-27 12:31:20.784809,446030797_106111364,17.14,50,238
2025-11-27 12:31:20.936688,448838032_444874857,9.77,7,19
2025-11-27 12:31:21.145629,448838032_2175126932,22.5,8,50
2025-11-27 12:31:21.367339,634709500_1613087622,16.86,318,1489
2025-11-27 12:31:21.580496,634709500_6650876740,23.4,16,104
2025-11-27 12:31:21.711904,733429120_98041851,10.2,6,17
2025-11-27 12:31:21.925735,733429120_6651770209,34.64,45,433
2025-11-27 12:31:22.141278,1104490487_319490613,8.1,8,18
2025-11-27 12:31:22.276169,1104490487_12357580642,22.03,176,1077
2025-11-27 12:31:22.406088,1219243636_1220930858,12.96,5,18
2025-11-27 12:31:22.563591,1219243636_1881928280,21.6,7,42
2025-11-27 12:31:22.767544,1219243660_12872373346,10.54,14,41
2025-11-27 12:31:22.912102,1220930858_1221053112,5.6,9,14
2025-11-27 12:31:23.071668,1220930858_10203920325,23.14,7,45
2025-11-27 12:31:23.251323,1220930867_12872373345,16.56,10,46
2025-11-27 12:31:23.416725,1221053112_1748294231,10.8,6,18
2025-11-27 12:31:23.598253,1221053112_1881928008,25.8,6,43
2025-11-27 12:31:23.845584,1221161727_1884747787,15.43,7,30
2025-11-27 12:31:23.983526,1221161727_3779255487,22.15,251,1544
2025-11-27 12:31:24.143559,1221161730_4106937190,18.28,13,66
2025-11-27 12:31:24.285499,1221161730_1221161727,6.24,30,52
2025-11-27 12:31:24.443864,1312645244_1691398148,15.6,3,13
2025-11-27 12:31:24.598384,1312645244_12375164798,19.8,2,11
2025-11-27 12:31:24.743868,1312650077_1838584736,17.1,4,19
2025-11-27 12:31:24.895044,1312650077_1879088108,19.73,169,926
2025-11-27 12:31:25.029917,1312650079_1887751321,14.4,5,20
2025-11-27 12:31:25.214920,1312650079_2185731477,26.55,8,59
2025-11-27 12:31:25.417781,1314185585_4539132165,44.47,102,1260
2025-11-27 12:31:25.614923,1314185648_4539132165,26.19,29,211
2025-11-27 12:31:25.774990,1314185653_2326674288,43.2,1,12
2025-11-27 12:31:25.950022,1314185677_1314191420,23.62,175,1148
2025-11-27 12:31:26.164057,1314185677_6621357112,27.91,150,1163
2025-11-27 12:31:26.345745,1314191398_106070559,32.81,443,4037
2025-11-27 12:31:26.488728,1314191405_5707122750,32.37,429,3857
2025-11-27 12:31:26.643410,1314191405_4538571818,40.2,6,67
2025-11-27 12:31:26.784330,1314191414_436383687,24.48,5,34
2025-11-27 12:31:26.974745,1314191415_1314191414,8.26,71,163
2025-11-27 12:31:27.128465,1314191415_4539674875,5.03,58,81
2025-11-27 12:31:27.277105,1314191417_4930438606,39.6,14,154
2025-11-27 12:31:27.420291,1314191420_4539674875,8.2,47,107
2025-11-27 12:31:27.575258,1314191420_5709923602,11.37,132,417
2025-11-27 12:31:27.795488,1314191436_6621426601,5.94,20,33
2025-11-27 12:31:27.948022,1314191436_5709923601,23.47,27,176
2025-11-27 12:31:28.153154,1314203096_2053894358,22.45,38,237
2025-11-27 12:31:28.319487,1314203102_308728680,17.43,127,615
2025-11-27 12:31:28.523287,1314203102_1314203096,15.6,12,52
2025-11-27 12:31:28.736744,1314209691_1495020912,13.94,149,577
2025-11-27 12:31:28.891028,1314209691_6405794494,7.38,40,82
2025-11-27 12:31:29.023458,1314209698_1884765802,10.8,6,18
2025-11-27 12:31:29.200880,1314209698_11014094288,24.0,6,40
2025-11-27 12:31:29.331572,1314209699_11950483417,15.94,7,31
2025-11-27 12:31:29.457531,1314209699_1884765806,13.05,243,881
2025-11-27 12:31:29.586560,1314209716_6677895172,28.8,28,224
2025-11-27 12:31:29.767383,1314209716_1887748894,18.84,185,968
2025-11-27 12:31:29.901306,1314209717_6659134174,23.62,16,105
2025-11-27 12:31:30.102807,1475295085_1475295086,21.6,8,48
2025-11-27 12:31:30.237803,1475295085_1312645244,19.39,75,404
2025-11-27 12:31:30.378329,1475295086_1475295085,26.24,317,2311
2025-11-27 12:31:30.629347,1475295086_1879091756,36.05,77,771
2025-11-27 12:31:30.817974,1494041345_6677895176,16.8,6,28
2025-11-27 12:31:30.961280,1494041345_4004297090,7.13,52,103
2025-11-27 12:31:31.183293,1494041351_1494041366,33.12,20,184
2025-11-27 12:31:31.381374,1494041352_1494041374,29.05,29,234
2025-11-27 12:31:31.528973,1494041366_1878932244,21.37,93,552
2025-11-27 12:31:31.689046,1494041366_6670444530,27.46,35,267
2025-11-27 12:31:31.816965,1494041374_1758633098,16.48,85,389
2025-11-27 12:31:32.010323,1495020912_1758631175,12.86,7,25
2025-11-27 12:31:32.145084,1495020912_6688503842,16.8,6,28
2025-11-27 12:31:32.266193,1495022225_634709500,20.7,4,23
2025-11-27 12:31:32.404796,1495023340_1314209691,16.84,115,538
2025-11-27 12:31:32.548307,1495025257_6648096525,37.2,3,31
2025-11-27 12:31:32.809976,1495025257_6650810650,21.93,22,134
2025-11-27 12:31:32.937591,1495030950_1495030951,19.44,10,54
2025-11-27 12:31:33.056435,1495030950_427847910,7.4,18,37
2025-11-27 12:31:33.271599,1495030951_317366886,14.82,178,733
2025-11-27 12:31:33.395168,1497544719_428673752,5.4,24,36
2025-11-27 12:31:33.522266,1497544719_1904353550,8.06,25,56
2025-11-27 12:31:33.725143,1497544736_5707161153,15.6,6,26
2025-11-27 12:31:33.996704,1497544736_5707161151,13.33,27,100
2025-11-27 12:31:34.118950,1497544738_5707161163,12.6,6,21
2025-11-27 12:31:34.255400,1497544749_5706891499,20.34,20,113
2025-11-27 12:31:34.462868,1497544764_9980229913,20.84,33,191
2025-11-27 12:31:34.663441,1497544764_5706896622,25.2,12,84
2025-11-27 12:31:34.789152,1497544796_7301485388,22.93,127,809
2025-11-27 12:31:34.986419,1497544796_5704011299,22.37,201,1249
2025-11-27 12:31:35.145273,1497544796_1497544764,25.12,44,307
2025-11-27 12:31:35.305839,1498038039_420457653,9.22,50,128
2025-11-27 12:31:35.481124,1498111685_10180671333,10.8,5,15
2025-11-27 12:31:35.620169,1498111685_5716649671,15.05,11,46
2025-11-27 12:31:35.752797,1613087620_444875130,9.36,5,13
2025-11-27 12:31:35.895666,1613087620_5716616005,13.72,16,61
2025-11-27 12:31:36.034687,1613087622_1613087620,20.19,128,718
2025-11-27 12:31:36.175697,1613087622_444874859,24.0,3,20
2025-11-27 12:31:36.328962,1613087628_1613087622,15.3,4,17
2025-11-27 12:31:36.548474,1613087628_1495022225,23.66,7,46
2025-11-27 12:31:36.697471,1691398148_1881927756,23.76,253,1670
2025-11-27 12:31:36.825088,1692627215_6631796343,26.37,37,271
2025-11-27 12:31:37.046783,1692627215_1919720738,29.7,4,33
2025-11-27 12:31:37.256036,1699561405_1849738362,6.66,20,37
2025-11-27 12:31:37.404734,1699561405_5716544649,33.82,707,6642
2025-11-27 12:31:37.609372,1748294231_1219243636,7.2,7,14
2025-11-27 12:31:37.773607,1748294231_10203920328,21.15,8,47
2025-11-27 12:31:37.990957,1748294250_1748294257,8.4,6,14
2025-11-27 12:31:38.166552,1748294250_10203920324,20.19,23,129
2025-11-27 12:31:38.302601,1748294257_1748294250,16.8,3,14
2025-11-27 12:31:38.491301,1748294257_1919751060,18.67,59,306
2025-11-27 12:31:38.799032,1748294274_5710673974,17.0,126,595
2025-11-27 12:31:39.027397,1748294274_10542328776,4.43,39,48
2025-11-27 12:31:39.175513,1758170763_12024836052,26.16,15,109
2025-11-27 12:31:39.383199,1758170772_6648096523,8.4,6,14
2025-11-27 12:31:39.524451,1758170772_1495022225,10.24,32,91
2025-11-27 12:31:39.715483,1758629824_5683792676,11.7,4,13
2025-11-27 12:31:39.979319,1758631175_1314209699,15.3,4,17
2025-11-27 12:31:40.191790,1758631175_1884769979,18.0,8,40
2025-11-27 12:31:40.429450,1758633098_1758633108,27.6,3,23
2025-11-27 12:31:40.640605,1758633098_81805393,18.39,295,1507
2025-11-27 12:31:40.819437,1758633108_6659134174,31.2,3,26
2025-11-27 12:31:40.981517,1758633108_1758633112,22.71,81,511
2025-11-27 12:31:41.114086,1758633112_6659134172,18.33,230,1171
2025-11-27 12:31:41.255409,1758633112_1758633108,29.5,31,254
2025-11-27 12:31:41.391998,1758651218_6610574244,22.73,16,101
2025-11-27 12:31:41.587666,1758651218_6606566485,22.79,85,538
2025-11-27 12:31:41.849888,1838584736_1312650079,16.04,11,49
2025-11-27 12:31:42.002701,1838584736_1879088105,22.15,13,80
2025-11-27 12:31:42.159863,1849738362_1699561405,3.92,34,37
2025-11-27 12:31:42.301101,1849738362_5898769297,38.17,58,615
2025-11-27 12:31:42.495796,1878921396_6659072489,18.0,1,5
2025-11-27 12:31:42.647153,1878921403_5686426699,31.93,54,479
2025-11-27 12:31:42.788503,1878921403_5686426699,33.6,51,476
2025-11-27 12:31:42.923970,1878921405_1878921403,19.08,20,106
2025-11-27 12:31:43.066701,1878932244_1494041366,11.25,8,25
2025-11-27 12:31:43.197792,1878932244_420460217,13.52,49,184
2025-11-27 12:31:43.407229,1879088105_1879091755,27.36,15,114
2025-11-27 12:31:43.607008,1879088106_1879088105,25.43,16,113
2025-11-27 12:31:43.745613,1879088106_1838584736,13.45,148,553
2025-11-27 12:31:43.952280,1879088107_1879088108,23.85,16,106
2025-11-27 12:31:44.139397,1879088107_1312650077,8.36,34,79
2025-11-27 12:31:44.295173,1879088108_13322115743,36.12,29,291
2025-11-27 12:31:44.492802,1879091753_1879091756,13.89,14,54
2025-11-27 12:31:44.698368,1879091753_1475295085,37.67,71,743
2025-11-27 12:31:44.867294,1879091755_5898769297,13.55,152,572
2025-11-27 12:31:45.005624,1879091755_1699561405,28.61,77,612
2025-11-27 12:31:45.163752,1879091756_1879091753,17.1,168,798
2025-11-27 12:31:45.346677,1879091756_1879088107,29.78,11,91
2025-11-27 12:31:45.611710,1881927756_2302166519,14.4,4,16
2025-11-27 12:31:45.758293,1881927756_12375164794,43.2,1,12
2025-11-27 12:31:45.966252,1881927757_1881928008,6.99,67,130
2025-11-27 12:31:46.164403,1881927757_1881927759,6.83,48,91
2025-11-27 12:31:46.296767,1881927757_1748294231,3.78,39,41
2025-11-27 12:31:46.504192,1881927759_6687964478,19.11,211,1120
2025-11-27 12:31:46.652814,1881928007_1881928008,24.8,9,62
2025-11-27 12:31:46.838258,1881928007_1221053112,4.5,32,40
2025-11-27 12:31:47.065877,1881928008_1881927757,8.28,10,23
2025-11-27 12:31:47.266654,1881928008_13327548968,21.0,120,700
2025-11-27 12:31:47.516587,1881928278_10203920329,0.0,0,6
2025-11-27 12:31:47.656706,1881928278_6672531385,27.82,11,85
2025-11-27 12:31:47.859359,1881928279_1881928280,6.25,76,132
2025-11-27 12:31:48.003447,1881928279_1220930858,3.44,45,43
2025-11-27 12:31:48.138222,1881928280_6672531385,43.2,1,12
2025-11-27 12:31:48.330576,1881949102_1881949103,17.72,13,64
2025-11-27 12:31:48.529251,1881949102_4539675829,29.86,51,423
2025-11-27 12:31:48.684579,1881949103_1881949102,28.91,65,522
2025-11-27 12:31:48.899538,1881949103_11768052436,31.47,27,236
2025-11-27 12:31:49.092033,1884747787_4538405005,15.12,5,21
2025-11-27 12:31:49.289729,1884747789_1884747787,16.71,14,65
2025-11-27 12:31:49.420186,1884747789_3779255487,4.46,25,31
2025-11-27 12:31:49.618671,1884765798_6658429241,19.71,99,542
2025-11-27 12:31:49.772772,1884765802_1758629824,10.29,7,20
2025-11-27 12:31:49.974845,1884765802_5674347102,12.96,5,18
2025-11-27 12:31:50.224388,1884765806_1495020912,5.7,12,19
2025-11-27 12:31:50.373047,1884765806_1884765798,15.21,227,959
2025-11-27 12:31:50.596553,1884768305_1314209717,22.68,10,63
2025-11-27 12:31:50.785622,1884768305_1314209699,3.6,37,37
2025-11-27 12:31:50.939127,1884769977_6688503847,7.71,7,15
2025-11-27 12:31:51.130210,1884769977_1884769979,25.2,9,63
2025-11-27 12:31:51.293040,1884769979_6644672133,17.23,14,67
2025-11-27 12:31:51.493748,1884776799_445970799,18.04,100,501
2025-11-27 12:31:51.712789,1884776799_5954441639,18.82,140,732
2025-11-27 12:31:51.857549,1887748894_5875603186,23.14,7,45
2025-11-27 12:31:51.995900,1887751321_1312650077,22.11,7,43
2025-11-27 12:31:52.203584,1887751321_2185731481,28.8,7,56
2025-11-27 12:31:52.449907,1897734810_1897734813,16.65,8,37
2025-11-27 12:31:52.640106,1897734810_5710222979,10.36,115,331
2025-11-27 12:31:52.780879,1897734813_1897734810,16.65,8,37
2025-11-27 12:31:52.917865,1897734813_5093497429,16.97,21,99
2025-11-27 12:31:53.181528,1901865134_1901865135,23.04,5,32
2025-11-27 12:31:53.373862,1901865134_5710136485,22.4,27,168
2025-11-27 12:31:53.579530,1901865135_1901865134,22.57,171,1072
2025-11-27 12:31:53.758716,1901865135_5710673956,28.38,43,339
2025-11-27 12:31:53.898382,1904353550_1884776799,16.69,22,102
2025-11-27 12:31:54.108433,1904360482_2174649908,8.8,9,22
2025-11-27 12:31:54.341931,1904360482_106108917,17.79,68,336
2025-11-27 12:31:54.470231,1919720738_6641911209,0.0,0,6
2025-11-27 12:31:54.691717,1919750981_6631796343,25.92,5,36
2025-11-27 12:31:54.912610,1919750981_1919720738,20.7,8,46
2025-11-27 12:31:55.115220,1919751043_1919751060,32.4,2,18
2025-11-27 12:31:55.330118,1919751043_1748294250,13.14,86,314
2025-11-27 12:31:55.461799,1919751060_1954877845,32.4,2,18
2025-11-27 12:31:55.601001,1919751060_1919751043,10.8,6,18
2025-11-27 12:31:55.804302,1954877845_1919750981,30.15,8,67
2025-11-27 12:31:55.990417,2050902820_98031401,6.3,12,21
2025-11-27 12:31:56.192015,2050902820_6662639319,16.2,6,27
2025-11-27 12:31:56.385607,2050902827_445970127,5.2,9,13
2025-11-27 12:31:56.519289,2050902827_2050902836,29.76,15,124
2025-11-27 12:31:56.732357,2050902830_445970096,10.8,5,15
2025-11-27 12:31:56.935094,2050902830_2050902833,25.2,18,126
2025-11-27 12:31:57.129825,2050902832_2050902833,3.6,13,13
2025-11-27 12:31:57.331386,2050902832_445970096,22.93,19,121
2025-11-27 12:31:57.474630,2050902833_2050902827,24.4,18,122
2025-11-27 12:31:57.612436,2050902833_2050902832,6.69,7,13
2025-11-27 12:31:57.878617,2050902835_2050902836,9.6,6,16
2025-11-27 12:31:58.105936,2050902835_445970127,28.8,15,120
2025-11-27 12:31:58.303880,2050902836_2050902835,14.4,4,16
2025-11-27 12:31:58.471459,2050902836_5489009621,29.01,17,137
2025-11-27 12:31:58.682771,2053894358_8237661942,9.0,8,20
2025-11-27 12:31:58.898590,2053894358_2290010720,19.04,107,566
2025-11-27 12:31:59.086534,2084132002_5716649671,27.0,2,15
2025-11-27 12:31:59.335488,2084132003_5718871870,7.39,19,39
2025-11-27 12:31:59.477375,2084132003_5710673979,6.07,73,123
2025-11-27 12:31:59.676492,2084132003_98041849,3.49,32,31
2025-11-27 12:31:59.877824,2174649904_106108917,18.27,81,411
2025-11-27 12:32:00.026035,2174649904_2174649908,23.71,53,349
2025-11-27 12:32:00.173008,2174649908_1904360482,14.74,107,438
2025-11-27 12:32:00.364453,2174649908_4961341864,15.4,43,184
2025-11-27 12:32:00.573094,2175126932_6648227223,28.11,21,164
2025-11-27 12:32:00.789057,2175126939_2175126932,8.08,74,166
2025-11-27 12:32:01.000222,2175126939_444874857,4.41,40,49
2025-11-27 12:32:01.161127,2176926218_446030797,14.12,64,251
2025-11-27 12:32:01.358532,2176926218_6662241095,23.51,17,111
2025-11-27 12:32:01.576333,2176926218_5716616005,15.27,99,420
2025-11-27 12:32:01.770287,2185731222_1314191415,3.99,46,51
2025-11-27 12:32:01.926030,2185731222_436383687,5.85,128,208
2025-11-27 12:32:02.114609,2185731475_2185731477,30.24,10,84
2025-11-27 12:32:02.293584,2185731475_1312650079,7.73,27,58
2025-11-27 12:32:02.464354,2185731477_13327548965,28.8,21,168
2025-11-27 12:32:02.712798,2185731479_2185731481,32.4,9,81
2025-11-27 12:32:02.934287,2185731479_1887751321,4.66,44,57
2025-11-27 12:32:03.060602,2185731481_1879091753,32.12,13,116
2025-11-27 12:32:03.265484,2186671583_2186671586,3.6,9,9
2025-11-27 12:32:03.417189,2186671583_2291073251,4.48,49,61
2025-11-27 12:32:03.596399,2186671584_444398125,6.48,5,9
2025-11-27 12:32:03.739647,2186671584_2186671583,17.71,25,123
2025-11-27 12:32:03.878778,2186671585_2186671584,18.72,15,78
2025-11-27 12:32:04.014541,2186671586_2186671583,16.2,2,9
2025-11-27 12:32:04.213457,2186671586_444398125,17.13,29,138
2025-11-27 12:32:04.438840,2188036136_283139237,12.23,176,598
2025-11-27 12:32:04.588761,2188036136_444875375,5.53,82,126
2025-11-27 12:32:04.798449,2195296719_6644721587,0.0,0,4
2025-11-27 12:32:05.013029,2195296719_438036727,22.0,18,110
2025-11-27 12:32:05.231259,2195296719_309685730,16.68,147,681
2025-11-27 12:32:05.437216,2212544448_1314191436,7.2,6,12
2025-11-27 12:32:05.737276,2212544448_1314185648,24.4,36,244
2025-11-27 12:32:05.922956,2274969534_5828495464,4.5,12,15
2025-11-27 12:32:06.063412,2274969534_5718868836,28.05,43,335
2025-11-27 12:32:06.316687,2289976216_5718868836,25.88,95,683
2025-11-27 12:32:06.463987,2289976216_5828495464,26.06,46,333
2025-11-27 12:32:06.666255,2289997642_2289997644,4.4,9,11
2025-11-27 12:32:06.799268,2289997642_1314203102,10.72,45,134
2025-11-27 12:32:06.946543,2289997644_2289997642,13.2,3,11
2025-11-27 12:32:07.169707,2289997644_2289976216,25.02,20,139
2025-11-27 12:32:07.350057,2290010720_2290010722,6.3,8,14
2025-11-27 12:32:07.587868,2290010720_309595522,9.62,58,155
2025-11-27 12:32:07.788499,2290010722_2290010720,12.6,4,14
2025-11-27 12:32:07.923824,2290010722_8237661942,18.97,108,569
2025-11-27 12:32:08.178685,2291064324_319490613,21.98,19,116
2025-11-27 12:32:08.319729,2291064328_2291064324,19.64,11,60
2025-11-27 12:32:08.457916,2291064328_428673752,3.71,32,33
2025-11-27 12:32:08.673573,2291072469_317366886,7.2,6,12
2025-11-27 12:32:08.880418,2291072469_5710136488,16.11,164,734
2025-11-27 12:32:09.083499,2291072476_5710136485,10.8,6,18
2025-11-27 12:32:09.242567,2291072476_5710136487,23.04,5,32
2025-11-27 12:32:09.447816,2291073251_2291072469,11.31,7,22
2025-11-27 12:32:09.643144,2291073251_2291254030,23.49,40,261
2025-11-27 12:32:09.851575,2291254028_2291254030,12.24,10,34
2025-11-27 12:32:10.001079,2291254028_2291072469,12.3,77,263
2025-11-27 12:32:10.167036,2291254030_2291254028,21.43,192,1143
2025-11-27 12:32:10.358011,2291254030_444501637,27.76,45,347
2025-11-27 12:32:10.552917,2295384939_436388447,7.71,7,15
2025-11-27 12:32:10.762695,2295384939_5721511585,25.11,40,279
2025-11-27 12:32:10.960134,2302164518_2302164519,24.24,101,680
2025-11-27 12:32:11.118578,2302164518_5719031414,23.35,74,480
2025-11-27 12:32:11.317112,2302164519_2302164518,6.12,10,17
2025-11-27 12:32:11.498044,2302164519_12375164797,9.5,58,153
2025-11-27 12:32:11.716555,2302166519_1312645244,9.77,14,38
2025-11-27 12:32:11.932662,2302166519_1475295086,29.3,50,407
2025-11-27 12:32:12.159151,2303337176_1498038039,30.49,32,271
2025-11-27 12:32:12.366769,2326674277_5709923606,43.2,2,24
2025-11-27 12:32:12.608938,2326674277_2326674288,33.26,25,231
2025-11-27 12:32:12.789625,2326674281_5709923603,54.0,1,15
2025-11-27 12:32:12.981228,2326674281_1314191417,33.0,24,220
2025-11-27 12:32:13.215036,2326674288_4539674888,33.8,18,169
2025-11-27 12:32:13.373062,2570960524_12206582473,30.34,68,573
2025-11-27 12:32:13.585092,2570960524_5707647500,32.77,29,264
2025-11-27 12:32:13.719918,2584589542_5721511586,28.91,159,1277
2025-11-27 12:32:13.904034,2701058419_5716537675,11.62,57,184
2025-11-27 12:32:14.182120,2701184883_4539682086,19.99,29,161
2025-11-27 12:32:14.365425,3075526390_1919751043,28.8,3,24
2025-11-27 12:32:14.626153,3075526390_1954877845,23.6,9,59
2025-11-27 12:32:14.767142,3075526396_3075526390,27.45,8,61
2025-11-27 12:32:15.018110,3779255487_2701184883,16.12,304,1361
2025-11-27 12:32:15.154173,3779255487_5716537702,6.22,33,57
2025-11-27 12:32:15.345847,3779255494_4538405026,20.88,5,29
2025-11-27 12:32:15.622523,4004297090_1878921396,11.57,14,45
2025-11-27 12:32:15.812204,4004297090_1878921405,12.09,28,94
2025-11-27 12:32:16.032943,4025084971_6666128977,37.44,10,104
2025-11-27 12:32:16.210561,4025084971_4538571805,23.14,7,45
2025-11-27 12:32:16.433611,4025115175_5707407583,6.24,15,26
2025-11-27 12:32:16.696454,4025115175_5709996124,10.59,52,153
2025-11-27 12:32:16.888139,4027449781_6621078261,20.08,45,251
2025-11-27 12:32:17.107051,4106937190_4538404990,0.0,0,5
2025-11-27 12:32:17.351207,4538404990_13282498392,22.2,6,37
2025-11-27 12:32:17.615051,4538404991_4538405005,23.63,247,1621
2025-11-27 12:32:17.820558,4538404991_1221161727,21.7,493,2972
2025-11-27 12:32:18.018301,4538404998_3779255494,16.08,15,67
2025-11-27 12:32:18.167669,4538404998_1221161730,4.18,37,43
2025-11-27 12:32:18.421271,4538405005_4538405024,24.33,54,365
2025-11-27 12:32:18.620635,4538405006_1884747789,4.25,22,26
2025-11-27 12:32:18.793418,4538405006_2701184883,14.57,350,1417
2025-11-27 12:32:18.989877,4538405017_11700202516,33.37,52,482
2025-11-27 12:32:19.125535,4538405021_4538405024,40.3,77,862
2025-11-27 12:32:19.323753,4538405021_4538405061,31.74,423,3730
2025-11-27 12:32:19.472926,4538405024_6689058288,34.62,34,327
2025-11-27 12:32:19.614499,4538405026_4538405017,32.03,419,3728
2025-11-27 12:32:19.806485,4538405061_4538404998,21.6,4,24
2025-11-27 12:32:19.974792,4538405061_4106937190,7.2,154,308
2025-11-27 12:32:20.220691,4538405136_11768052437,27.07,81,609
2025-11-27 12:32:20.409197,4538405136_4538405137,29.81,71,588
2025-11-27 12:32:20.676513,4538405137_4540453395,13.82,25,96
2025-11-27 12:32:20.890657,4538571805_5707122780,37.16,190,1961
2025-11-27 12:32:21.104325,4538571805_4539675798,33.07,97,891
2025-11-27 12:32:21.256859,4538571806_4539675798,29.83,7,58
2025-11-27 12:32:21.411351,4538571806_5707122775,21.6,5,30
2025-11-27 12:32:21.592396,4538571818_1314191398,50.4,3,42
2025-11-27 12:32:21.831008,4539132150_4830545884,48.23,93,1246
2025-11-27 12:32:21.966768,4539132150_2326674277,29.77,26,215
2025-11-27 12:32:22.158501,4539132165_5716477055,18.09,38,191
2025-11-27 12:32:22.389793,4539674875_6621426593,28.35,8,63
2025-11-27 12:32:22.600111,4539674875_4539674879,7.85,33,72
2025-11-27 12:32:22.870415,4539674879_1314185677,19.4,18,97
2025-11-27 12:32:23.013356,4539674879_6628818468,26.74,7,52
2025-11-27 12:32:23.219483,4539674883_5716544649,43.66,31,376
2025-11-27 12:32:23.418686,4539674883_12606538099,60.55,88,1480
2025-11-27 12:32:23.569071,4539674888_1849738362,23.34,93,603
2025-11-27 12:32:23.721433,4539674888_3779255475,30.99,176,1515
2025-11-27 12:32:23.884921,4539675798_4538571805,32.5,422,3810
2025-11-27 12:32:24.014602,4539675798_5707122775,19.44,10,54
2025-11-27 12:32:24.185067,4539675798_10159724112,22.8,6,38
2025-11-27 12:32:24.356848,4539675829_444394912,22.89,28,178
2025-11-27 12:32:24.493159,4539682086_1881949103,27.31,58,440
2025-11-27 12:32:24.653612,4539682086_12606538104,25.66,62,442
2025-11-27 12:32:24.790311,4539684490_4539675829,31.15,49,424
2025-11-27 12:32:25.014761,4539684490_3779242655,52.74,94,1377
2025-11-27 12:32:25.154795,4540453369_4540453370,7.2,9,18
2025-11-27 12:32:25.318699,4540453370_4540453369,8.1,8,18
2025-11-27 12:32:25.462030,4540453370_5707271704,31.06,35,302
2025-11-27 12:32:25.656951,4540453378_5707271696,30.0,24,200
2025-11-27 12:32:25.834547,4540453393_4540453394,18.0,6,30
2025-11-27 12:32:26.050048,4540453393_10076263977,37.8,2,21
2025-11-27 12:32:26.261124,4540453394_5093497431,24.69,7,48
2025-11-27 12:32:26.486828,4540453394_4540453405,16.15,72,323
2025-11-27 12:32:26.705516,4540453395_4540453396,23.4,10,65
2025-11-27 12:32:26.843679,4540453395_4540453393,6.77,25,47
2025-11-27 12:32:27.099952,4540453396_4540453400,42.56,17,201
2025-11-27 12:32:27.281803,4540453399_10076263973,16.5,108,495
2025-11-27 12:32:27.499588,4540453399_5093497430,24.3,28,189
2025-11-27 12:32:27.639578,4540453400_444501629,14.03,348,1356
2025-11-27 12:32:27.812401,4540453404_10076263978,6.0,9,15
2025-11-27 12:32:28.063351,4540453404_4540453406,13.69,131,498
2025-11-27 12:32:28.311227,4540453405_4542621501,12.8,9,32
2025-11-27 12:32:28.470319,4540453405_10076263979,13.72,112,427
2025-11-27 12:32:28.604161,4540453406_4538405136,32.07,11,98
2025-11-27 12:32:28.810887,4541071715_4541071716,6.75,8,15
2025-11-27 12:32:29.024986,4541071715_6587550955,29.9,46,382
2025-11-27 12:32:29.165109,4541071716_4541071715,2.84,19,15
2025-11-27 12:32:29.312818,4541071716_10965136434,15.65,69,300
2025-11-27 12:32:29.452824,4541105058_5707271706,36.0,2,20
2025-11-27 12:32:29.627086,4541105059_4541105058,14.4,3,12
2025-11-27 12:32:29.782302,4541105059_11182265554,27.26,218,1651
2025-11-27 12:32:29.934914,4542621501_4540453393,10.52,13,38
2025-11-27 12:32:30.132356,4542621501_4540453406,28.8,5,40
2025-11-27 12:32:30.302039,4599745018_98027697,13.03,100,362
2025-11-27 12:32:30.490021,4599745018_10130533955,27.0,4,30
2025-11-27 12:32:30.696169,4599745018_7920618648,11.94,236,783
2025-11-27 12:32:30.878712,4600895552_10130533953,17.22,37,177
2025-11-27 12:32:31.016816,4600895552_6617292919,13.04,146,529
2025-11-27 12:32:31.267669,4830545876_6325815718,17.17,26,124
2025-11-27 12:32:31.414457,4830545876_5707122751,43.71,57,692
2025-11-27 12:32:31.651778,4830545884_106070559,57.7,37,593
2025-11-27 12:32:31.875305,4830545884_5707122751,39.76,22,243
2025-11-27 12:32:32.063244,4930425700_4930425704,34.65,24,231
2025-11-27 12:32:32.196860,4930425700_1314185585,52.24,43,624
2025-11-27 12:32:32.379089,4930425704_4025084971,57.6,2,32
2025-11-27 12:32:32.513408,4930438606_4830545876,52.2,2,29
2025-11-27 12:32:32.706966,4961341856_1497544719,11.17,96,298
2025-11-27 12:32:32.831871,4961341856_5707161154,20.62,11,63
2025-11-27 12:32:32.958842,4961341859_4961341860,8.58,136,324
2025-11-27 12:32:33.133724,4961341859_6661055809,5.07,22,31
2025-11-27 12:32:33.384970,4961341860_4961341865,6.14,17,29
2025-11-27 12:32:33.524481,4961341864_4961341859,8.64,10,24
2025-11-27 12:32:33.651511,4961341864_6685236291,26.35,22,161
2025-11-27 12:32:33.816703,4961341865_4961341864,15.91,88,389
2025-11-27 12:32:34.011037,4961341865_1904360482,19.96,33,183
2025-11-27 12:32:34.197119,5093497426_10076263973,28.64,23,183
2025-11-27 12:32:34.410663,5093497429_5093497426,18.98,11,58
2025-11-27 12:32:34.538749,5093497429_4540453405,8.55,16,38
2025-11-27 12:32:34.741557,5093497430_10076263976,3.32,26,24
2025-11-27 12:32:34.881912,5093497430_5093497431,27.6,9,69
2025-11-27 12:32:35.045127,5093497431_1897734810,19.91,17,94
2025-11-27 12:32:35.248947,5206119178_283139237,22.86,83,527
2025-11-27 12:32:35.398648,5206119178_420456683,21.7,186,1121
2025-11-27 12:32:35.647921,5485653490_5875623873,24.0,3,20
2025-11-27 12:32:35.797874,5485653490_6688490814,17.22,78,373
2025-11-27 12:32:35.998782,5485722628_6606566488,17.57,220,1074
2025-11-27 12:32:36.151204,5485722628_8341509537,21.28,68,402
2025-11-27 12:32:36.345374,5485722628_6610228314,9.82,22,60
2025-11-27 12:32:36.530329,5489009621_6677147310,23.4,4,26
2025-11-27 12:32:36.789003,5489009621_6677147301,20.74,25,144
2025-11-27 12:32:36.931653,5598303159_13282511305,0.0,0,5
2025-11-27 12:32:37.122048,5598303159_13282511304,36.66,76,774
2025-11-27 12:32:37.317110,5641890821_5641890822,25.05,193,1343
2025-11-27 12:32:37.511285,5641890821_6661487945,22.41,160,996
2025-11-27 12:32:37.633468,5641890822_5641890821,24.75,8,55
2025-11-27 12:32:37.770581,5641890822_5641890823,28.99,19,153
2025-11-27 12:32:38.016189,5641890823_10087376960,17.69,23,113
2025-11-27 12:32:38.181139,5641890823_11700202517,19.8,6,33
2025-11-27 12:32:38.365231,5645750065_9970440452,17.82,20,99
2025-11-27 12:32:38.555120,5645750065_9970440452,17.82,20,99
2025-11-27 12:32:38.714041,5674347102_1758629824,8.55,8,19
2025-11-27 12:32:38.863450,5674347102_7920618648,5.53,382,587
2025-11-27 12:32:39.020077,5683715143_1494041345,16.75,23,107
2025-11-27 12:32:39.193179,5683792676_1314209698,18.2,141,713
2025-11-27 12:32:39.381923,5683792676_98026475,21.6,8,48
2025-11-27 12:32:39.534819,5686426699_7985603148,35.2,9,88
2025-11-27 12:32:39.727629,5686449780_6688471376,27.6,9,69
2025-11-27 12:32:39.917151,5706891499_5706896622,22.12,132,811
2025-11-27 12:32:40.078273,5706891499_9980229913,22.71,13,82
2025-11-27 12:32:40.236021,5706896622_5706891499,12.86,7,25
2025-11-27 12:32:40.397726,5706896622_1497544738,11.17,48,149
2025-11-27 12:32:40.621605,5707122750_6677687648,31.46,363,3172
2025-11-27 12:32:40.763763,5707122750_1699561412,32.89,22,201
2025-11-27 12:32:40.892490,5707122751_6677687648,64.8,1,18
2025-11-27 12:32:41.115666,5707122775_10159724112,28.96,175,1408
2025-11-27 12:32:41.253037,5707122779_4538571806,35.82,20,199
2025-11-27 12:32:41.467360,5707122782_6677687639,30.37,23,194
2025-11-27 12:32:41.597161,5707161151_81806535,5.14,28,40
2025-11-27 12:32:41.723274,5707161153_1497544738,11.65,89,288
2025-11-27 12:32:41.871242,5707161153_5707161163,11.59,96,309
2025-11-27 12:32:42.064856,5707161153_1497544749,15.75,8,35
2025-11-27 12:32:42.220631,5707161154_8231491411,22.2,12,74
2025-11-27 12:32:42.420630,5707161162_1904353550,7.28,47,95
2025-11-27 12:32:42.611004,5707161162_1497544719,5.4,26,39
2025-11-27 12:32:42.796808,5707161163_5707161154,25.56,10,71
2025-11-27 12:32:42.936813,5707161163_4961341856,11.04,148,454
2025-11-27 12:32:43.067631,5707262958_6685466405,11.2,18,56
2025-11-27 12:32:43.276360,5707271696_4541105058,32.72,57,518
2025-11-27 12:32:43.481778,5707271700_5707271696,20.57,7,40
2025-11-27 12:32:43.665407,5707271703_5707271704,27.93,79,613
2025-11-27 12:32:43.794231,5707271703_4540453369,29.48,37,303
2025-11-27 12:32:43.958964,5707271704_5707271705,19.8,24,132
2025-11-27 12:32:44.156608,5707271705_4541105059,27.6,3,23
2025-11-27 12:32:44.364734,5707271705_12725862785,27.24,157,1188
2025-11-27 12:32:44.496003,5707271706_5707271705,26.21,121,881
2025-11-27 12:32:44.633269,5707271706_5707271703,27.95,17,132
2025-11-27 12:32:44.914671,5707407583_5707407590,22.8,3,19
2025-11-27 12:32:45.106554,5707407590_5707407591,7.2,7,14
2025-11-27 12:32:45.296639,5707407590_6670444529,26.8,45,335
2025-11-27 12:32:45.542543,5707407591_4025115175,12.6,6,21
2025-11-27 12:32:45.685679,5707407591_6685434573,23.33,27,175
2025-11-27 12:32:45.863764,5707647467_5707647500,26.41,197,1445
2025-11-27 12:32:46.035686,5707647467_12206582473,30.66,31,264
2025-11-27 12:32:46.182077,5707647500_5707647467,21.09,7,41
2025-11-27 12:32:46.424601,5707647500_6658364083,34.8,3,29
2025-11-27 12:32:46.638858,5707679597_11201648616,13.44,15,56
2025-11-27 12:32:46.801611,5709923601_1314185648,31.2,6,52
2025-11-27 12:32:47.053432,5709923602_1314191417,28.8,9,72
2025-11-27 12:32:47.192963,5709923603_5709923602,10.53,176,515
2025-11-27 12:32:47.370683,5709923603_6621357115,22.8,6,38
2025-11-27 12:32:47.547350,5709923606_1314185653,33.43,21,195
2025-11-27 12:32:47.684862,5709923606_6628818478,19.8,18,99
2025-11-27 12:32:47.889007,5709996124_5709996125,2.88,15,12
2025-11-27 12:32:48.073240,5709996124_448838032,4.27,210,249
2025-11-27 12:32:48.231155,5709996125_5709996124,6.17,7,12
2025-11-27 12:32:48.355356,5709996125_5707407583,12.94,42,151
2025-11-27 12:32:48.532546,5710098650_5716807750,10.0,9,25
2025-11-27 12:32:48.710061,5710098650_5717115613,34.14,29,275
2025-11-27 12:32:48.862729,5710136485_317778303,46.8,1,13
2025-11-27 12:32:49.009746,5710136487_1901865135,21.6,22,132
2025-11-27 12:32:49.163356,5710136488_5710136487,22.05,8,49
2025-11-27 12:32:49.302545,5710136488_2291072476,12.96,10,36
2025-11-27 12:32:49.501910,5710222979_2212544448,6.99,85,165
2025-11-27 12:32:49.626079,5710222986_5710222979,19.83,67,369
2025-11-27 12:32:49.809930,5710222986_3779255475,53.1,96,1416
2025-11-27 12:32:49.989287,5710222987_12606538099,23.88,68,451
2025-11-27 12:32:50.133019,5710222987_1897734813,24.57,397,2709
2025-11-27 12:32:50.384291,5710231827_1887748894,23.4,2,13
2025-11-27 12:32:50.562811,5710538391_5710538395,17.67,11,54
2025-11-27 12:32:50.751764,5710538391_11111175326,22.11,7,43
2025-11-27 12:32:50.942507,5710538395_5710691038,13.37,7,26
2025-11-27 12:32:51.172329,5710538395_5710691056,25.2,17,119
2025-11-27 12:32:51.373372,5710565212_5828999543,21.49,32,191
2025-11-27 12:32:51.548466,5710673956_5716670119,32.4,5,45
2025-11-27 12:32:51.704762,5710673956_2084132003,12.74,52,184
2025-11-27 12:32:51.882640,5710673974_5710673979,19.54,7,38
2025-11-27 12:32:52.012339,5710673974_98041257,11.31,7,22
2025-11-27 12:32:52.151481,5710673974_1748294274,17.14,125,595
2025-11-27 12:32:52.336649,5710673979_5710673992,30.6,22,187
2025-11-27 12:32:52.461660,5710673992_106078638,34.2,4,38
2025-11-27 12:32:52.590461,5710691038_5710538391,8.85,24,59
2025-11-27 12:32:52.734921,5710691038_5710691043,30.38,16,135
2025-11-27 12:32:52.899295,5710691044_5710691043,30.92,17,146
2025-11-27 12:32:53.106863,5710691044_5710691038,23.18,223,1436
2025-11-27 12:32:53.303815,5710691045_5710538395,9.15,48,122
2025-11-27 12:32:53.434605,5710691045_5710691056,33.05,22,202
2025-11-27 12:32:53.603297,5710691056_8462966000,29.52,5,41
2025-11-27 12:32:53.799751,5716241016_5716241017,26.23,7,51
2025-11-27 12:32:53.954319,5716241017_1881928278,23.11,165,1059
2025-11-27 12:32:54.140467,5716408768_1494035973,5.35,37,55
2025-11-27 12:32:54.360551,5716408768_6659134177,19.22,493,2632
2025-11-27 12:32:54.496242,5716408772_6659134177,22.11,7,43
2025-11-27 12:32:54.662016,5716477055_5716477056,23.68,109,717
2025-11-27 12:32:54.853178,5716477055_1495030950,24.46,44,299
2025-11-27 12:32:55.052959,5716477056_5716477055,7.2,17,34
2025-11-27 12:32:55.208824,5716477056_4539132150,17.91,39,194
2025-11-27 12:32:55.332974,5716537675_4538404990,8.23,21,48
2025-11-27 12:32:55.462543,5716537675_4538404991,10.44,10,29
2025-11-27 12:32:55.582288,5716537702_3779255494,22.63,7,44
2025-11-27 12:32:55.795792,5716537702_1221161730,6.87,22,42
2025-11-27 12:32:55.985482,5716544649_2326674281,34.94,17,165
2025-11-27 12:32:56.115831,5716616005_444875130,6.4,36,64
2025-11-27 12:32:56.256827,5716616005_2176926218,14.37,105,419
2025-11-27 12:32:56.509424,5716649671_5716670117,29.82,311,2576
2025-11-27 12:32:56.650967,5716670117_5718916301,30.54,31,263
2025-11-27 12:32:56.828849,5716670118_5716670117,32.82,197,1796
2025-11-27 12:32:56.985831,5716670118_5716670119,36.38,47,475
2025-11-27 12:32:57.153442,5716670119_5710673992,18.03,225,1127
2025-11-27 12:32:57.276125,5716670119_5716670118,27.39,143,1088
2025-11-27 12:32:57.448909,5716670621_5716670118,25.03,147,1022
2025-11-27 12:32:57.605069,5716670621_1498111685,30.83,23,197
2025-11-27 12:32:57.838054,5716670628_2084132002,9.43,21,55
2025-11-27 12:32:57.999200,5716670628_98041851,20.51,198,1128
2025-11-27 12:32:58.141210,5716807749_5717115613,29.11,69,558
2025-11-27 12:32:58.292751,5716807749_5716807750,36.8,27,276
2025-11-27 12:32:58.436181,5716807750_5710098650,26.43,178,1307
2025-11-27 12:32:58.559122,5716807750_6684737819,27.53,125,956
2025-11-27 12:32:58.752622,5717115613_5716807749,20.16,5,28
2025-11-27 12:32:58.904028,5717115613_4540453378,30.6,14,119
2025-11-27 12:32:59.046371,5718868836_2289976216,5.76,10,16
2025-11-27 12:32:59.249173,5718868836_2289997642,22.38,23,143
2025-11-27 12:32:59.451064,5718871870_283139229,14.53,193,779
2025-11-27 12:32:59.580012,5718871870_98041849,2.52,30,21
2025-11-27 12:32:59.757687,5718886024_1748294257,12.06,37,124
2025-11-27 12:32:59.939745,5718916274_5718916294,9.38,99,258
2025-11-27 12:33:00.136905,5718916274_10296445823,5.04,5,7
2025-11-27 12:33:00.334708,5718916291_12816414547,14.1,12,47
2025-11-27 12:33:00.468132,5718916291_98035472,7.01,19,37
2025-11-27 12:33:00.676256,5718916292_6650876736,13.97,295,1145
2025-11-27 12:33:00.869727,5718916292_12816414542,4.5,8,10
2025-11-27 12:33:01.050826,5718916293_5718916294,18.0,1,5
2025-11-27 12:33:01.263668,5718916294_98042270,24.64,45,308
2025-11-27 12:33:01.479622,5718916301_5718916302,14.5,214,862
2025-11-27 12:33:01.610987,5718916301_5718916291,7.92,15,33
2025-11-27 12:33:01.766609,5718916302_5718916301,7.48,13,27
2025-11-27 12:33:01.926412,5718916302_5716670621,28.91,33,265
2025-11-27 12:33:02.142789,5718946093_1748294274,7.2,15,30
2025-11-27 12:33:02.371764,5719031413_5719031414,16.97,7,33
2025-11-27 12:33:02.500000,5719031413_2302164519,23.35,74,480
2025-11-27 12:33:02.650995,5719031414_5719031413,27.02,73,548
2025-11-27 12:33:02.790390,5719031414_3075526396,27.98,22,171
2025-11-27 12:33:02.975406,5719125659_6648096524,33.3,4,37
2025-11-27 12:33:03.124778,5719125659_1758170772,23.27,69,446
2025-11-27 12:33:03.278537,5721511585_2584589542,40.32,5,56
2025-11-27 12:33:03.431487,5721511586_436388447,23.66,42,276
2025-11-27 12:33:03.592482,5828495464_2274969534,9.0,6,15
2025-11-27 12:33:03.809687,5828495464_5719125659,28.97,21,169
2025-11-27 12:33:03.938456,5828999542_5828999543,18.99,142,749
2025-11-27 12:33:04.134546,5828999542_1495025257,23.04,30,192
2025-11-27 12:33:04.262978,5828999543_5828999542,11.31,7,22
2025-11-27 12:33:04.442471,5828999543_6648227222,18.42,34,174
2025-11-27 12:33:04.609000,5831399053_6603014206,26.06,343,2483
2025-11-27 12:33:04.741400,5831399053_1494041374,34.8,66,638
2025-11-27 12:33:04.897291,5875603186_5645750065,24.09,13,87
2025-11-27 12:33:05.017653,5875603186_5206119178,22.49,65,406
2025-11-27 12:33:05.146449,5875623873_6677147301,22.5,4,25
2025-11-27 12:33:05.297012,5875623873_6677147310,16.2,18,81
2025-11-27 12:33:05.421866,5898769297_2185731475,33.94,14,132
2025-11-27 12:33:05.624271,5954441639_5954441640,3.6,8,8
2025-11-27 12:33:05.861879,5954441639_6659134171,27.0,14,105
2025-11-27 12:33:05.997780,5954441640_5954441639,1.92,15,8
2025-11-27 12:33:06.134493,5954441640_11201648616,19.83,61,336
2025-11-27 12:33:06.297232,5962836764_6325815718,43.09,63,754
2025-11-27 12:33:06.436398,5962836764_1314185585,38.4,24,256
2025-11-27 12:33:06.619320,6044465949_2701058419,16.89,91,427
2025-11-27 12:33:06.822531,6044465949_12606538104,16.33,307,1393
2025-11-27 12:33:06.950314,6325815718_6325815720,54.0,2,30
2025-11-27 12:33:07.097380,6325815720_4930438606,11.54,262,840
2025-11-27 12:33:07.240076,6325815720_2185731222,12.14,51,172
2025-11-27 12:33:07.367709,6405794494_6659134172,18.83,287,1501
2025-11-27 12:33:07.564090,6413551907_8341509537,25.2,2,14
2025-11-27 12:33:07.763819,6413551907_8341509535,17.49,14,68
2025-11-27 12:33:07.942655,6441639163_6689057478,24.44,33,224
2025-11-27 12:33:08.128127,6587550954_6587550955,5.2,9,13
2025-11-27 12:33:08.291405,6587550954_4541071716,30.4,45,380
2025-11-27 12:33:08.417395,6587550955_6587550954,3.12,15,13
2025-11-27 12:33:08.577838,6587550955_420456615,9.29,43,111
2025-11-27 12:33:08.767548,6587651051_1901865134,32.14,28,250
2025-11-27 12:33:09.014946,6600206282_13282498396,19.55,198,1075
2025-11-27 12:33:09.146624,6600206282_5598303159,26.8,18,134
2025-11-27 12:33:09.338729,6600206283_13282498396,21.14,173,1016
2025-11-27 12:33:09.467713,6600206283_2701058419,24.38,44,298
2025-11-27 12:33:09.684027,6601012241_6688570393,57.6,1,16
2025-11-27 12:33:09.821167,6601012241_6441639163,22.2,12,74
2025-11-27 12:33:10.021770,6603014206_10682258584,25.63,101,719
2025-11-27 12:33:10.231959,6603014206_6603014207,30.6,6,51
2025-11-27 12:33:10.463643,6603014207_6659072491,13.89,7,27
2025-11-27 12:33:10.657459,6603014207_6659072492,46.8,1,13
2025-11-27 12:33:10.786452,6606566485_10682258584,17.72,13,64
2025-11-27 12:33:10.981126,6606566485_6606566487,43.2,1,12
2025-11-27 12:33:11.200152,6606566485_1758651218,23.91,81,538
2025-11-27 12:33:11.402545,6606566487_6610228314,18.55,196,1010
2025-11-27 12:33:11.535973,6606566487_6606566485,43.2,1,12
2025-11-27 12:33:11.679239,6606566488_6606566487,18.0,12,60
2025-11-27 12:33:11.846163,6606566488_10682258584,24.0,3,20
2025-11-27 12:33:12.013608,6606566488_5485722628,18.95,204,1074
2025-11-27 12:33:12.233279,6610228314_10743484787,20.99,65,379
2025-11-27 12:33:12.443006,6610228314_6606566487,19.24,189,1010
2025-11-27 12:33:12.649376,6610228314_5485722628,7.59,28,59
2025-11-27 12:33:12.871939,6610574244_6659072491,20.85,24,139
2025-11-27 12:33:13.031412,6610574244_1758651218,22.05,16,98
2025-11-27 12:33:13.228127,6617292919_4600895552,18.07,51,256
2025-11-27 12:33:13.410275,6617292919_7985603136,4.8,30,40
2025-11-27 12:33:13.626402,6621078250_6621078251,6.69,7,13
2025-11-27 12:33:13.877972,6621078250_6621078260,31.35,31,270
2025-11-27 12:33:14.034524,6621078251_6621078250,11.7,4,13
2025-11-27 12:33:14.229418,6621078251_420456595,33.3,32,296
2025-11-27 12:33:14.368175,6621078260_6621078261,8.7,12,29
2025-11-27 12:33:14.522958,6621078260_2303337176,18.0,49,245
2025-11-27 12:33:14.651540,6621078261_6621078260,29.1,71,574
2025-11-27 12:33:14.842532,6621078261_420456583,30.0,24,200
2025-11-27 12:33:15.085464,6621357112_1314185653,36.0,3,30
2025-11-27 12:33:15.241275,6621357115_1314191420,5.45,39,59
2025-11-27 12:33:15.444254,6621357115_6621357112,17.76,15,74
2025-11-27 12:33:15.589850,6621426593_1314191414,32.4,2,18
2025-11-27 12:33:15.800325,6621426601_6621426593,11.06,125,384
2025-11-27 12:33:15.931159,6621426601_4539674879,6.15,31,53
2025-11-27 12:33:16.071689,6628818468_5709923601,31.05,8,69
2025-11-27 12:33:16.217949,6628818478_1314185677,4.04,41,46
2025-11-27 12:33:16.362388,6628818478_6628818468,8.24,149,341
2025-11-27 12:33:16.521903,6631796343_1692627215,31.2,3,26
2025-11-27 12:33:16.659326,6641911209_5719031413,31.5,20,175
2025-11-27 12:33:16.789369,6641911209_3075526396,25.71,7,50
2025-11-27 12:33:17.004608,6644672133_6644672135,17.08,59,280
2025-11-27 12:33:17.140961,6644672133_1884768305,9.6,27,72
2025-11-27 12:33:17.291827,6644672135_6644672133,18.0,56,280
2025-11-27 12:33:17.544124,6644672135_106111364,21.6,22,132
2025-11-27 12:33:17.676689,6644721587_2195296719,23.7,36,237
2025-11-27 12:33:17.815262,6644721587_11107112929,23.66,7,46
2025-11-27 12:33:18.023387,6647118933_2290010722,21.44,23,137
2025-11-27 12:33:18.212750,6647145130_8598733283,7.48,13,27
2025-11-27 12:33:18.420510,6647145130_5701309369,11.49,26,83
2025-11-27 12:33:18.659726,6648096523_1758170763,3.27,22,20
2025-11-27 12:33:18.859286,6648096523_1613087628,6.78,17,32
2025-11-27 12:33:19.001908,6648096524_6648096525,32.8,27,246
2025-11-27 12:33:19.149589,6648096524_12024836052,19.45,132,713
2025-11-27 12:33:19.339231,6648096525_6648096524,34.06,26,246
2025-11-27 12:33:19.501637,6648096525_5710565212,37.2,3,31
2025-11-27 12:33:19.682845,6648227219_2291254028,23.88,52,345
2025-11-27 12:33:19.897630,6648227221_6648227219,23.4,4,26
2025-11-27 12:33:20.131763,6648227221_6648227224,32.61,51,462
2025-11-27 12:33:20.330724,6648227222_6648227224,34.8,3,29
2025-11-27 12:33:20.486591,6648227222_2175126939,21.73,27,163
2025-11-27 12:33:20.633653,6648227223_5828999542,18.87,33,173
2025-11-27 12:33:20.781783,6648227224_6648227223,36.0,3,30
2025-11-27 12:33:20.919423,6648227224_6648227221,30.8,54,462
2025-11-27 12:33:21.126912,6650810650_444874859,9.87,35,96
2025-11-27 12:33:21.300228,6650810650_1613087620,5.66,14,22
2025-11-27 12:33:21.460497,6650876736_5718916292,5.62,226,353
2025-11-27 12:33:21.652470,6650876736_6650876740,9.54,605,1604
2025-11-27 12:33:21.791402,6650876740_6650876736,10.53,67,196
2025-11-27 12:33:21.933638,6650876740_634709500,18.17,280,1413
2025-11-27 12:33:22.132186,6650982900_6650982901,24.92,154,1066
2025-11-27 12:33:22.259444,6650982900_6648227219,27.65,22,169
2025-11-27 12:33:22.426907,6650982901_6650982900,7.84,51,111
2025-11-27 12:33:22.573388,6650982901_444875375,4.87,34,46
2025-11-27 12:33:22.829756,6651770209_6651770210,4.87,17,23
2025-11-27 12:33:23.081908,6651770209_444875374,10.76,184,550
2025-11-27 12:33:23.219310,6651770210_6651770209,11.97,282,938
2025-11-27 12:33:23.361384,6651770210_5716670628,7.89,182,399
2025-11-27 12:33:23.497585,6658429241_10130533935,25.25,154,1080
2025-11-27 12:33:23.634408,6658429241_11014094287,21.05,26,152
2025-11-27 12:33:23.796741,6659072489_5710231827,19.01,32,169
2025-11-27 12:33:23.992598,6659072490_6659072489,7.36,22,45
2025-11-27 12:33:24.179737,6659072490_1878921405,22.8,18,114
2025-11-27 12:33:24.360511,6659072491_6659072492,21.6,6,36
2025-11-27 12:33:24.494796,6659072491_6610574244,21.76,23,139
2025-11-27 12:33:24.717866,6659072492_6659072490,28.15,22,172
2025-11-27 12:33:24.879272,6659134171_1758633112,16.81,106,495
2025-11-27 12:33:25.074447,6659134171_1884769977,25.75,13,93
2025-11-27 12:33:25.304513,6659134172_5954441640,25.2,15,105
2025-11-27 12:33:25.435021,6659134174_5716408768,13.66,63,239
2025-11-27 12:33:25.571459,6659134177_1314209716,18.0,17,85
2025-11-27 12:33:25.772500,6661055809_2050902820,28.8,1,8
2025-11-27 12:33:25.917918,6661055810_6661055809,5.52,90,138
2025-11-27 12:33:26.124662,6661055810_4961341860,4.15,33,38
2025-11-27 12:33:26.266898,6661055813_6662639319,11.7,12,39
2025-11-27 12:33:26.443471,6661487944_6661487945,19.56,129,701
2025-11-27 12:33:26.600084,6661487944_5641890822,25.35,141,993
2025-11-27 12:33:26.753297,6661487945_6661487944,19.08,10,53
2025-11-27 12:33:26.898196,6661487945_12908782868,25.96,19,137
2025-11-27 12:33:27.089392,6662241086_6662241087,20.0,9,50
2025-11-27 12:33:27.228132,6662241086_4025115175,16.22,220,991
2025-11-27 12:33:27.362514,6662241087_6662241086,17.12,94,447
2025-11-27 12:33:27.634902,6662241087_6662241094,16.25,80,361
2025-11-27 12:33:27.773557,6662241094_6662241095,14.4,61,244
2025-11-27 12:33:27.972076,6662241094_446030797,10.23,38,108
2025-11-27 12:33:28.135350,6662241095_6662241094,13.89,7,27
2025-11-27 12:33:28.273667,6662241095_6662241086,16.85,78,365
2025-11-27 12:33:28.436977,6662639319_2050902830,19.8,16,88
2025-11-27 12:33:28.583187,6666128977_5962836764,61.2,1,17
2025-11-27 12:33:28.820863,6666479030_8598733283,0.0,0,4
2025-11-27 12:33:28.981473,6670444529_6670444530,25.8,78,559
2025-11-27 12:33:29.191331,6670444529_420456683,28.57,16,127
2025-11-27 12:33:29.325452,6670444530_6670444529,2.7,20,15
2025-11-27 12:33:29.510533,6670444530_12513272960,34.38,20,191
2025-11-27 12:33:29.668662,6672531385_12872373346,20.92,37,215
2025-11-27 12:33:29.802286,6677147301_5489009621,13.8,6,23
2025-11-27 12:33:29.942015,6677147301_2050902835,23.66,21,138
2025-11-27 12:33:30.100637,6677147310_5485653490,21.9,12,73
2025-11-27 12:33:30.254635,6677300866_309685730,14.0,107,416
2025-11-27 12:33:30.466492,6677300866_6677364041,18.0,10,50
2025-11-27 12:33:30.598797,6677338241_98026475,15.88,34,150
2025-11-27 12:33:30.748304,6677338241_1314209698,20.8,9,52
2025-11-27 12:33:30.887640,6677364041_2295384939,24.3,8,54
2025-11-27 12:33:31.034842,6677687639_5707122750,16.56,10,46
2025-11-27 12:33:31.196277,6677687639_4538571818,32.59,427,3866
2025-11-27 12:33:31.381250,6677687648_1314191405,0.0,0,10
2025-11-27 12:33:31.528778,6677687648_5707122750,25.71,7,50
2025-11-27 12:33:31.700549,6677895172_1494041352,21.65,364,2189
2025-11-27 12:33:31.832908,6677895172_1494041351,27.9,16,124
2025-11-27 12:33:32.021155,6677895176_1494041352,26.1,4,29
2025-11-27 12:33:32.150695,6677895176_1494041351,20.66,145,832
2025-11-27 12:33:32.333610,6684737819_4540453404,23.66,28,184
2025-11-27 12:33:32.458517,6684737819_4540453400,42.77,42,499
2025-11-27 12:33:32.658529,6685236291_6685236292,18.7,72,374
2025-11-27 12:33:32.872831,6685236291_8231491408,25.49,25,177
2025-11-27 12:33:33.072352,6685236292_6685236291,9.0,10,25
2025-11-27 12:33:33.254166,6685236292_4961341859,11.58,51,164
2025-11-27 12:33:33.387299,6685434573_6662241087,27.36,10,76
2025-11-27 12:33:33.541274,6687964478_442990465,15.06,164,686
2025-11-27 12:33:33.664244,6687964478_5716241017,19.35,8,43
2025-11-27 12:33:33.866976,6688471376_5686449780,13.61,263,994
2025-11-27 12:33:34.002733,6688471376_7920618647,8.82,118,289
2025-11-27 12:33:34.135602,6688490814_6647145130,5.18,25,36
2025-11-27 12:33:34.267291,6688490814_5485653490,24.33,33,223
2025-11-27 12:33:34.452500,6688503842_6405794494,24.0,3,20
2025-11-27 12:33:34.598879,6688503847_1758631175,7.75,13,28
2025-11-27 12:33:34.783092,6688503847_6688503842,6.66,20,37
2025-11-27 12:33:34.975880,6688570392_6441639163,21.6,3,18
2025-11-27 12:33:35.110244,6688570392_6688570393,25.49,74,524
2025-11-27 12:33:35.316053,6688570393_6688570397,31.64,38,334
2025-11-27 12:33:35.511682,6688570397_6688570401,16.04,11,49
2025-11-27 12:33:35.732910,6688570397_12600043488,30.24,5,42
2025-11-27 12:33:35.898673,6688570401_6688570392,27.08,44,331
2025-11-27 12:33:36.029488,6689057478_6689057484,27.0,4,30
2025-11-27 12:33:36.215267,6689057478_6689057482,12.96,10,36
2025-11-27 12:33:36.339225,6689057482_6601012241,32.98,25,229
2025-11-27 12:33:36.483797,6689057484_13206202825,27.83,37,286
2025-11-27 12:33:36.676754,6689058288_6689057482,32.4,2,18
2025-11-27 12:33:36.819810,6689058288_6689057484,21.93,11,67
2025-11-27 12:33:37.006665,7301485388_1497544796,6.48,15,27
2025-11-27 12:33:37.205987,7920618640_5683715143,28.56,59,468
2025-11-27 12:33:37.410259,7920618640_5683715143,28.56,59,468
2025-11-27 12:33:37.533568,7920618647_4599745018,22.5,4,25
2025-11-27 12:33:37.688963,7920618647_7920618648,2.7,52,39
2025-11-27 12:33:37.835759,7920618648_5674347102,5.38,393,587
2025-11-27 12:33:38.057861,7920618648_10130533955,11.31,14,44
2025-11-27 12:33:38.227223,7920618648_4599745018,13.2,210,770
2025-11-27 12:33:38.375746,7985603136_98027697,15.94,7,31
2025-11-27 12:33:38.550596,7985603136_10130533953,17.28,285,1368
2025-11-27 12:33:38.697802,7985603138_5686449780,27.34,37,281
2025-11-27 12:33:38.874346,7985603147_7985603148,20.99,351,2047
2025-11-27 12:33:39.019483,7985603147_7920618640,26.87,705,5263
2025-11-27 12:33:39.164390,7985603148_7985603147,33.69,14,131
2025-11-27 12:33:39.295745,7985603148_6617292919,22.58,22,138
2025-11-27 12:33:39.452763,8231491408_8231491411,10.32,128,367
2025-11-27 12:33:39.583132,8231491408_5707161162,19.6,18,98
2025-11-27 12:33:39.714588,8231491411_8231491408,4.73,16,21
2025-11-27 12:33:39.890970,8231491411_6685236292,26.06,25,181
2025-11-27 12:33:40.097305,8237661942_2053894358,6.0,12,20
2025-11-27 12:33:40.337516,8237661942_308728680,15.72,68,297
2025-11-27 12:33:40.516885,8242664547_11107112958,19.94,386,2138
2025-11-27 12:33:40.648277,8242664547_12174413404,25.2,8,56
2025-11-27 12:33:40.858192,8242664547_12559133535,19.66,377,2059
2025-11-27 12:33:40.997399,8295729267_3779242655,43.88,37,451
2025-11-27 12:33:41.118715,8295729267_6600206282,25.12,47,328
2025-11-27 12:33:41.245890,8341509535_10743484787,25.2,2,14
2025-11-27 12:33:41.371937,8341509537_5485722628,20.38,71,402
2025-11-27 12:33:41.507156,8341509537_6413551907,25.2,2,14
2025-11-27 12:33:41.657312,8462967636_5710691044,54.0,1,15
2025-11-27 12:33:41.847893,8598733283_6666479030,14.4,1,4
2025-11-27 12:33:41.980519,8598733283_6688490814,21.6,11,66
2025-11-27 12:33:42.135005,8823455179_6661055810,13.98,408,1584
2025-11-27 12:33:42.386878,8823455180_8823455179,8.28,10,23
2025-11-27 12:33:42.529353,8823455180_98031401,9.77,7,19
2025-11-27 12:33:42.684215,8921282801_10202001781,7.7,36,77
2025-11-27 12:33:42.874145,9576908879_1314203096,13.57,13,49
2025-11-27 12:33:43.126097,9970440452_12484632695,27.11,17,128
2025-11-27 12:33:43.331018,9980229913_1497544764,21.6,107,642
2025-11-27 12:33:43.461602,9980229913_7301485388,23.59,47,308
2025-11-27 12:33:43.596618,10076263973_5710098650,28.95,119,957
2025-11-27 12:33:43.739332,10076263976_10076263977,10.37,50,144
2025-11-27 12:33:43.875323,10076263976_4540453394,12.19,127,430
2025-11-27 12:33:44.000492,10076263977_4540453396,30.6,2,17
2025-11-27 12:33:44.141291,10076263978_10076263979,2.81,32,25
2025-11-27 12:33:44.270089,10076263978_4542621501,4.5,16,20
2025-11-27 12:33:44.431822,10076263979_5093497426,27.0,2,15
2025-11-27 12:33:44.563844,10087376960_5641890823,18.72,10,52
2025-11-27 12:33:44.693049,10087376960_5641890821,32.19,17,152
2025-11-27 12:33:44.933875,10100966682_12513272960,17.5,151,734
2025-11-27 12:33:45.074681,10100966682_6685434573,16.62,65,300
2025-11-27 12:33:45.218151,10130533935_1495023340,16.17,370,1662
2025-11-27 12:33:45.363359,10130533953_4600895552,14.03,156,608
2025-11-27 12:33:45.499545,10130533953_7985603138,11.91,13,43
2025-11-27 12:33:45.628833,10130533953_98027697,3.23,39,35
2025-11-27 12:33:45.849552,10130533955_7985603147,28.8,23,184
2025-11-27 12:33:46.117223,10151536198_2570960524,26.9,36,269
2025-11-27 12:33:46.252104,10159724112_6666128977,54.0,1,15
2025-11-27 12:33:46.455055,10180671333_420522002,32.4,6,54
2025-11-27 12:33:46.666346,10180671333_98041254,7.6,18,38
2025-11-27 12:33:46.796220,10202001781_1881927757,19.72,86,471
2025-11-27 12:33:46.969107,10203920310_1881928279,25.2,2,14
2025-11-27 12:33:47.136512,10203920310_5718886024,21.05,13,76
2025-11-27 12:33:47.278353,10203920324_10203920325,14.4,3,12
2025-11-27 12:33:47.428054,10203920324_1881928007,0.0,12,0
2025-11-27 12:33:47.644260,10203920325_5718886024,10.8,1,3
2025-11-27 12:33:47.767457,10203920328_1881927759,0.0,0,0
2025-11-27 12:33:47.966794,10203920329_10203920328,18.48,60,308
2025-11-27 12:33:48.100130,10203920329_1219243636,5.64,30,47
2025-11-27 12:33:48.231447,10296445822_10997686363,22.89,193,1227
2025-11-27 12:33:48.472806,10296445822_10296445824,14.06,444,1734
2025-11-27 12:33:48.668127,10296445822_309816683,14.06,435,1699
2025-11-27 12:33:48.791737,10296445823_309816683,7.39,19,39
2025-11-27 12:33:48.921947,10296445823_10296445822,4.37,42,51
2025-11-27 12:33:49.052309,10296445824_5718916302,21.0,6,35
2025-11-27 12:33:49.173566,10542328776_6685605986,18.51,7,36
2025-11-27 12:33:49.319409,10542328776_1748294274,5.4,32,48
2025-11-27 12:33:49.534359,10542328776_13023100784,20.14,96,537
2025-11-27 12:33:49.692960,10682258584_6603014206,23.32,111,719
2025-11-27 12:33:49.833387,10682258584_6606566488,24.0,3,20
2025-11-27 12:33:49.977771,10743484787_8341509535,25.2,2,14
2025-11-27 12:33:50.107183,10743484787_6610228314,19.22,71,379
2025-11-27 12:33:50.269962,10743484787_8341509537,16.71,14,65
2025-11-27 12:33:50.425643,10965136434_420456595,8.4,6,14
2025-11-27 12:33:50.610908,10965136434_6621078250,29.9,36,299
2025-11-27 12:33:50.762124,10997686363_10296445822,15.68,339,1477
2025-11-27 12:33:50.945749,10997686363_11107112927,21.09,7,41
2025-11-27 12:33:51.128653,11014094287_11014094288,11.08,38,117
2025-11-27 12:33:51.279248,11014094287_1884765802,16.92,170,799
2025-11-27 12:33:51.418767,11014094288_11014094287,10.32,15,43
2025-11-27 12:33:51.544949,11014094288_1495023340,24.87,22,152
2025-11-27 12:33:51.714441,11107112919_438036727,21.6,10,60
2025-11-27 12:33:51.855870,11107112919_12559133535,30.6,2,17
2025-11-27 12:33:52.051988,11107112923_10997686363,29.52,5,41
2025-11-27 12:33:52.196049,11107112923_11107112927,27.26,7,53
2025-11-27 12:33:52.363074,11107112927_11107112935,21.6,5,30
2025-11-27 12:33:52.512523,11107112929_11107112919,0.0,0,0
2025-11-27 12:33:52.640178,11107112935_11107112929,22.95,8,51
2025-11-27 12:33:52.788631,11107112935_6644721587,19.61,382,2081
2025-11-27 12:33:52.999624,11107112958_8242664547,19.25,158,845
2025-11-27 12:33:53.194110,11111175323_11111175326,27.26,7,53
2025-11-27 12:33:53.339383,11111175326_6600206283,30.54,124,1052
2025-11-27 12:33:53.564506,11182265554_4540453378,21.97,39,238
2025-11-27 12:33:53.698449,11182265554_5716807749,32.95,13,119
2025-11-27 12:33:53.831029,11201648616_445970799,15.67,91,396
2025-11-27 12:33:54.012874,11209721500_11209721504,20.16,10,56
2025-11-27 12:33:54.224279,11209721504_13322115744,38.08,45,476
2025-11-27 12:33:54.378690,11700202516_11700202517,21.42,20,119
2025-11-27 12:33:54.511776,11700202516_10087376960,29.7,4,33
2025-11-27 12:33:54.714183,11700202517_11700202516,11.83,14,46
2025-11-27 12:33:54.862231,11700202517_4538405021,29.65,59,486
2025-11-27 12:33:55.005498,11768052436_4538405137,41.4,2,23
2025-11-27 12:33:55.167714,11768052436_11768052437,13.8,12,46
2025-11-27 12:33:55.322047,11768052437_1881949102,33.23,26,240
2025-11-27 12:33:55.550752,11950483412_1884765806,4.11,21,24
2025-11-27 12:33:55.819027,11950483412_11950483417,4.7,36,47
2025-11-27 12:33:56.004367,11950483417_1314209717,18.0,2,10
2025-11-27 12:33:56.231631,12024836052_2274969534,25.83,23,165
2025-11-27 12:33:56.452699,12174413404_8242664547,19.81,367,2020
2025-11-27 12:33:56.653788,12206582473_2570960524,23.92,138,917
2025-11-27 12:33:56.805015,12206582473_6661487944,30.31,55,463
2025-11-27 12:33:56.956999,12357580642_12357580645,10.44,20,58
2025-11-27 12:33:57.131804,12357580642_421080868,5.32,23,34
2025-11-27 12:33:57.297199,12357580645_1497544736,10.8,11,33
2025-11-27 12:33:57.488239,12375164794_12768097335,23.4,2,13
2025-11-27 12:33:57.679403,12375164795_12375164794,13.28,29,107
2025-11-27 12:33:57.808716,12375164795_2302166519,0.0,0,7
2025-11-27 12:33:57.941927,12375164797_1691398148,7.92,5,11
2025-11-27 12:33:58.106706,12375164797_12375164798,11.31,35,110
2025-11-27 12:33:58.226976,12375164798_2302164518,24.05,22,147
2025-11-27 12:33:58.478622,12484632695_12484632696,28.08,55,429
2025-11-27 12:33:58.678801,12484632695_12600043494,28.11,21,164
2025-11-27 12:33:58.893734,12484632696_5831399053,29.93,32,266
2025-11-27 12:33:59.034484,12513272960_10100966682,46.8,1,13
2025-11-27 12:33:59.238112,12513272960_5707407591,9.58,56,149
2025-11-27 12:33:59.439976,12559133535_11107112958,30.4,9,76
2025-11-27 12:33:59.592451,12559133535_8242664547,23.23,31,200
2025-11-27 12:33:59.728544,12600043488_12484632696,28.97,21,169
2025-11-27 12:33:59.870203,12600043494_6688570401,29.4,6,49
2025-11-27 12:33:59.999517,12600043494_12600043488,28.8,12,96
2025-11-27 12:34:00.195757,12606538099_4539684490,36.82,44,450
2025-11-27 12:34:00.406185,12606538104_5710222986,17.17,113,539
2025-11-27 12:34:00.600423,12725862784_4541105059,21.86,195,1184
2025-11-27 12:34:00.729938,12725862785_12725862784,18.9,4,21
2025-11-27 12:34:00.951270,12725862785_10151536198,30.0,6,50
2025-11-27 12:34:01.080184,12768097332_1881927756,6.55,11,20
2025-11-27 12:34:01.218590,12768097332_12768097335,9.53,17,45
2025-11-27 12:34:01.373837,12816414542_5718916293,21.2,9,53
2025-11-27 12:34:01.509395,12816414542_98035472,7.36,113,231
2025-11-27 12:34:01.665486,12816414547_5718916292,10.08,5,14
2025-11-27 12:34:01.858004,12872373345_12872373346,7.2,10,20
2025-11-27 12:34:02.003962,12872373345_10203920310,18.9,40,210
2025-11-27 12:34:02.149146,12872373346_12872373345,9.0,8,20
2025-11-27 12:34:02.284228,12872373346_1219243660,13.42,11,41
2025-11-27 12:34:02.444307,12908782868_10151536198,28.8,7,56
2025-11-27 12:34:02.596888,12908782868_12725862784,36.0,5,50
2025-11-27 12:34:02.729965,13023100784_10542328776,18.41,105,537
2025-11-27 12:34:02.927831,13023100784_13023100793,0.0,3,0
2025-11-27 12:34:03.129327,13023100793_13023100794,0.0,0,1
2025-11-27 12:34:03.269182,13023100793_420456583,16.44,159,726
2025-11-27 12:34:03.396643,13023100794_442993523,17.33,75,361
2025-11-27 12:34:03.549697,13023100794_13023100784,0.0,0,1
2025-11-27 12:34:03.752927,13206202825_4538405017,33.67,96,898
2025-11-27 12:34:03.892717,13206202825_4538405006,27.6,51,391
2025-11-27 12:34:04.041821,13282498392_8295729267,29.52,15,123
2025-11-27 12:34:04.172438,13282498392_13282498396,36.57,44,447
2025-11-27 12:34:04.324616,13282498396_6600206282,19.44,197,1064
2025-11-27 12:34:04.455745,13282498396_6600206283,10.58,16,47
2025-11-27 12:34:04.587728,13282498396_13282511305,28.38,17,134
2025-11-27 12:34:04.722397,13282511304_5710691045,31.95,8,71
2025-11-27 12:34:04.873088,13282511305_5598303159,0.0,0,5
2025-11-27 12:34:05.004710,13282511305_13282511304,38.42,73,779
2025-11-27 12:34:05.151620,13322115743_13322115744,26.27,145,1058
2025-11-27 12:34:05.316581,13322115743_5707262958,26.2,65,473
2025-11-27 12:34:05.474214,13322115744_13322115743,20.33,145,819
2025-11-27 12:34:05.663768,13322115744_1879088106,29.11,35,283
2025-11-27 12:34:05.837577,13327548965_13327548966,34.2,2,19
2025-11-27 12:34:06.036722,13327548966_10202001781,14.86,55,227
2025-11-27 12:34:06.202050,13327548966_13327548968,18.37,77,393
2025-11-27 12:34:06.386754,13327548967_2185731479,27.82,22,170
2025-11-27 12:34:06.607797,13327548967_13327548965,16.71,123,571
2025-11-27 12:34:06.741623,13327548968_13327548967,21.6,4,24
2025-11-27 12:36:01.247074,81805393_11950483412,4.15,13,15
2025-11-27 12:36:01.443936,81805393_1884765798,14.45,231,927
2025-11-27 12:36:01.593520,81806535_1497544749,15.2,9,38
2025-11-27 12:36:01.730712,81806535_5707161153,8.89,117,289
2025-11-27 12:36:01.876606,98026475_6677338241,18.12,122,614
2025-11-27 12:36:02.015803,98027697_4599745018,9.3,12,31
2025-11-27 12:36:02.153017,98027697_7985603138,21.6,6,36
2025-11-27 12:36:02.297350,98027697_10130533953,16.02,162,721
2025-11-27 12:36:02.425956,98031401_6661055810,0.0,14,0
2025-11-27 12:36:02.562488,98031401_8823455179,11.56,85,273
2025-11-27 12:36:02.699281,98035472_309816683,15.75,165,722
2025-11-27 12:36:02.837512,98035472_12816414547,14.76,219,898
2025-11-27 12:36:02.961882,98035472_5718916293,16.4,9,41
2025-11-27 12:36:03.091972,98041254_420456615,11.7,4,13
2025-11-27 12:36:03.220378,98041254_420522002,24.48,5,34
2025-11-27 12:36:03.351398,98041257_98041849,8.7,12,29
2025-11-27 12:36:03.483397,98041257_5710673974,15.84,5,22
2025-11-27 12:36:03.623660,98041257_5710673979,32.4,3,27
2025-11-27 12:36:03.754169,98041849_98041257,11.6,9,29
2025-11-27 12:36:03.948085,98041849_5718871870,18.9,4,21
2025-11-27 12:36:04.083208,98041849_733429120,7.09,33,65
2025-11-27 12:36:04.222600,98041851_98041254,23.41,161,1047
2025-11-27 12:36:04.381332,98041851_2084132002,34.2,4,38
2025-11-27 12:36:04.514084,98042270_309816682,18.54,120,618
2025-11-27 12:36:04.698221,98042270_6677300866,19.37,55,296
2025-11-27 12:36:04.842318,106078638_6587651051,36.0,5,50
2025-11-27 12:36:04.967174,106078638_442990465,22.5,8,50
2025-11-27 12:36:05.090987,106108917_2174649904,8.78,16,39
2025-11-27 12:36:05.224068,106108917_2176926218,24.14,88,590
2025-11-27 12:36:05.367072,106111364_6644672135,21.77,21,127
2025-11-27 12:36:05.570623,106111364_446030797,15.46,217,932
2025-11-27 12:36:05.708053,283139229_444875375,9.0,8,20
2025-11-27 12:36:05.849645,283139229_5718871870,15.32,183,779
2025-11-27 12:36:06.045071,283139229_6650982900,32.4,5,45
2025-11-27 12:36:06.178642,283139237_5206119178,20.18,94,527
2025-11-27 12:36:06.301490,283139237_2188036136,24.27,31,209
2025-11-27 12:36:06.437887,308728680_1314203102,10.2,6,17
2025-11-27 12:36:06.597948,308728680_310729950,14.81,211,868
2025-11-27 12:36:06.723573,308728680_2289997644,19.35,24,129
2025-11-27 12:36:06.866036,309595522_6666479030,11.6,9,29
2025-11-27 12:36:07.049989,309685730_6677300866,14.91,7,29
2025-11-27 12:36:07.270044,309685730_2195296719,17.89,137,681
2025-11-27 12:36:07.396508,309685730_309816682,20.27,54,304
2025-11-27 12:36:07.529008,309816682_98042270,8.51,11,26
2025-11-27 12:36:07.674248,309816682_5718916274,15.19,73,308
2025-11-27 12:36:07.865381,309816683_98035472,9.19,65,166
2025-11-27 12:36:08.007270,309816683_10296445822,13.08,248,901
2025-11-27 12:36:08.140773,309816683_10296445824,15.75,8,35
2025-11-27 12:36:08.338319,310729950_6677364041,7.31,32,65
2025-11-27 12:36:08.491248,310729950_6677300866,6.38,22,39
2025-11-27 12:36:08.627806,317366886_444501629,6.87,11,21
2025-11-27 12:36:08.845754,317366886_4540453399,18.98,147,775
2025-11-27 12:36:08.986307,317778303_427847910,9.0,8,20
2025-11-27 12:36:09.192620,317778303_5716477056,32.3,37,332
2025-11-27 12:36:09.325660,319490613_1104490487,24.51,136,926
2025-11-27 12:36:09.471871,420456583_6621078251,32.4,10,90
2025-11-27 12:36:09.643679,420456583_13023100793,15.48,20,86
2025-11-27 12:36:09.790504,420456595_10965136434,2.4,21,14
2025-11-27 12:36:10.006952,420456595_4541071715,13.46,80,299
2025-11-27 12:36:10.148179,420456615_733429120,15.43,7,30
2025-11-27 12:36:10.287707,420456615_98041257,8.93,27,67
2025-11-27 12:36:10.436386,420456683_5710231827,18.49,110,565
2025-11-27 12:36:10.571725,420456683_5206119178,17.04,15,71
2025-11-27 12:36:10.700844,420456683_1878932244,29.86,17,141
2025-11-27 12:36:10.842196,420457653_11107112923,29.19,37,300
2025-11-27 12:36:11.049704,420460217_1878921396,19.59,329,1790
2025-11-27 12:36:11.182731,420460217_4004297090,4.74,57,75
2025-11-27 12:36:11.324194,420522002_6587550954,26.64,10,74
2025-11-27 12:36:11.452985,421080868_4961341856,10.47,11,32
2025-11-27 12:36:11.581300,421080868_12357580645,13.54,109,410
2025-11-27 12:36:11.704644,427847910_2291072476,18.0,3,15
2025-11-27 12:36:11.825353,427847910_1495030951,21.6,6,36
2025-11-27 12:36:11.954509,428673752_421080868,13.3,85,314
2025-11-27 12:36:12.078206,428673752_2291064324,18.0,10,50
2025-11-27 12:36:12.232836,436383687_5710222987,30.13,19,159
2025-11-27 12:36:12.373837,436388447_2295384939,5.4,10,15
2025-11-27 12:36:12.502002,436388447_309685730,9.57,35,93
2025-11-27 12:36:12.661994,442990465_106078638,17.67,87,427
2025-11-27 12:36:12.804001,442990465_6687964478,13.87,178,686
2025-11-27 12:36:12.939664,442990465_6587651051,15.94,7,31
2025-11-27 12:36:13.082009,442993523_13023100794,19.11,68,361
2025-11-27 12:36:13.231451,444394912_2701184883,16.67,296,1371
2025-11-27 12:36:13.382271,444394912_4538405026,27.26,14,106
2025-11-27 12:36:13.572349,444394912_5716537702,6.17,35,60
2025-11-27 12:36:13.759262,444398125_444393381,16.63,21,97
2025-11-27 12:36:13.940930,444398125_2186671584,4.63,7,9
2025-11-27 12:36:14.063838,444501629_2291073251,12.96,5,18
2025-11-27 12:36:14.199295,444501629_2186671586,14.02,19,74
2025-11-27 12:36:14.333950,444501637_6648227221,46.8,2,26
2025-11-27 12:36:14.453702,444501637_6650982901,26.77,23,171
2025-11-27 12:36:14.587280,444874857_444875374,8.74,7,17
2025-11-27 12:36:14.714502,444874857_6651770210,27.57,47,360
2025-11-27 12:36:14.906075,444874859_6650810650,21.66,112,674
2025-11-27 12:36:15.041346,444874859_5710565212,26.6,18,133
2025-11-27 12:36:15.179378,444875109_448838032,10.8,6,18
2025-11-27 12:36:15.309006,444875109_5709996125,17.01,98,463
2025-11-27 12:36:15.498949,444875130_1613087628,18.0,4,20
2025-11-27 12:36:15.628098,444875130_1758170763,27.9,4,31
2025-11-27 12:36:15.782703,444875374_444875109,11.88,10,33
2025-11-27 12:36:15.918407,444875374_283139229,18.77,14,73
2025-11-27 12:36:16.076721,444875375_283139229,7.2,10,20
2025-11-27 12:36:16.207121,444875375_444875109,10.22,25,71
2025-11-27 12:36:16.428589,444875375_2188036136,20.3,119,671
2025-11-27 12:36:16.561201,445970096_2050902830,13.5,4,15
2025-11-27 12:36:16.702773,445970096_8823455180,10.56,30,88
2025-11-27 12:36:16.846607,445970127_2050902827,11.7,4,13
2025-11-27 12:36:16.986996,445970127_2050902832,25.2,17,119
2025-11-27 12:36:17.151369,445970799_1884776799,14.47,154,619
2025-11-27 12:36:17.325762,445970799_2291064328,15.81,23,101
2025-11-27 12:36:17.479575,446030797_2176926218,15.6,6,26
2025-11-27 12:36:17.605282,446030797_2174649904,20.04,104,579
2025-11-27 12:36:17.747982,446030797_106111364,17.85,48,238
2025-11-27 12:36:17.883092,448838032_444874857,9.77,7,19
2025-11-27 12:36:18.029150,448838032_2175126932,22.5,8,50
2025-11-27 12:36:18.239298,634709500_1613087622,17.35,309,1489
2025-11-27 12:36:18.463082,634709500_6650876740,24.96,15,104
2025-11-27 12:36:18.607298,733429120_98041851,10.2,6,17
2025-11-27 12:36:18.761268,733429120_6651770209,35.43,44,433
2025-11-27 12:36:18.936925,1104490487_319490613,8.1,8,18
2025-11-27 12:36:19.106878,1104490487_12357580642,22.67,171,1077
2025-11-27 12:36:19.241699,1219243636_1220930858,12.96,5,18
2025-11-27 12:36:19.447121,1219243636_1881928280,21.6,7,42
2025-11-27 12:36:19.573647,1219243660_12872373346,10.54,14,41
2025-11-27 12:36:19.769277,1220930858_1221053112,5.6,9,14
2025-11-27 12:36:19.898292,1220930858_10203920325,27.0,6,45
2025-11-27 12:36:20.047969,1220930867_12872373345,18.4,9,46
2025-11-27 12:36:20.188997,1221053112_1748294231,12.96,5,18
2025-11-27 12:36:20.394109,1221053112_1881928008,30.96,5,43
2025-11-27 12:36:20.552671,1221161727_1884747787,15.43,7,30
2025-11-27 12:36:20.694356,1221161727_3779255487,21.88,254,1544
2025-11-27 12:36:20.835676,1221161730_4106937190,18.28,13,66
2025-11-27 12:36:20.969968,1221161730_1221161727,4.93,38,52
2025-11-27 12:36:21.119983,1312645244_1691398148,11.7,4,13
2025-11-27 12:36:21.253525,1312645244_12375164798,19.8,2,11
2025-11-27 12:36:21.399887,1312650077_1838584736,17.1,4,19
2025-11-27 12:36:21.639427,1312650077_1879088108,19.96,167,926
2025-11-27 12:36:21.809981,1312650079_1887751321,14.4,5,20
2025-11-27 12:36:22.020689,1312650079_2185731477,26.55,8,59
2025-11-27 12:36:22.156381,1314185585_4539132165,43.62,104,1260
2025-11-27 12:36:22.303155,1314185648_4539132165,26.19,29,211
2025-11-27 12:36:22.463928,1314185653_2326674288,43.2,1,12
2025-11-27 12:36:22.623108,1314185677_1314191420,23.62,175,1148
2025-11-27 12:36:22.758061,1314185677_6621357112,28.29,148,1163
2025-11-27 12:36:22.891546,1314191398_106070559,32.96,441,4037
2025-11-27 12:36:23.065102,1314191405_5707122750,32.52,427,3857
2025-11-27 12:36:23.200181,1314191405_4538571818,40.2,6,67
2025-11-27 12:36:23.355665,1314191414_436383687,24.48,5,34
2025-11-27 12:36:23.492936,1314191415_1314191414,7.62,77,163
2025-11-27 12:36:23.633190,1314191415_4539674875,4.49,65,81
2025-11-27 12:36:23.784067,1314191417_4930438606,39.6,14,154
2025-11-27 12:36:23.972522,1314191420_4539674875,8.56,45,107
2025-11-27 12:36:24.102953,1314191420_5709923602,10.96,137,417
2025-11-27 12:36:24.238131,1314191436_6621426601,4.75,25,33
2025-11-27 12:36:24.368273,1314191436_5709923601,21.12,30,176
2025-11-27 12:36:24.591985,1314203096_2053894358,22.45,38,237
2025-11-27 12:36:24.808785,1314203102_308728680,17.71,125,615
2025-11-27 12:36:24.947516,1314203102_1314203096,15.6,12,52
2025-11-27 12:36:25.103514,1314209691_1495020912,12.5,282,979
2025-11-27 12:36:25.247893,1314209691_6405794494,7.77,38,82
2025-11-27 12:36:25.377838,1314209698_1884765802,10.8,6,18
2025-11-27 12:36:25.516997,1314209698_11014094288,24.0,6,40
2025-11-27 12:36:25.677748,1314209699_11950483417,18.6,6,31
2025-11-27 12:36:25.833997,1314209699_1884765806,13.79,230,881
2025-11-27 12:36:25.977732,1314209716_6677895172,27.81,29,224
2025-11-27 12:36:26.126720,1314209716_1887748894,20.38,171,968
2025-11-27 12:36:26.317130,1314209717_6659134174,23.62,16,105
2025-11-27 12:36:26.445218,1475295085_1475295086,24.69,7,48
2025-11-27 12:36:26.574389,1475295085_1312645244,19.39,75,404
2025-11-27 12:36:26.731566,1475295086_1475295085,26.08,319,2311
2025-11-27 12:36:26.873301,1475295086_1879091756,35.13,79,771
2025-11-27 12:36:27.008358,1494041345_6677895176,16.8,6,28
2025-11-27 12:36:27.138342,1494041345_4004297090,7.13,52,103
2025-11-27 12:36:27.334130,1494041351_1494041366,31.54,21,184
2025-11-27 12:36:27.462049,1494041352_1494041374,28.08,30,234
2025-11-27 12:36:27.597589,1494041366_1878932244,22.58,88,552
2025-11-27 12:36:27.731508,1494041366_6670444530,28.27,34,267
2025-11-27 12:36:27.886252,1494041374_1758633098,16.28,86,389
2025-11-27 12:36:28.013450,1495020912_1758631175,12.86,7,25
2025-11-27 12:36:28.165160,1495020912_6688503842,16.8,6,28
2025-11-27 12:36:28.352753,1495022225_634709500,20.7,4,23
2025-11-27 12:36:28.501024,1495023340_1314209691,16.14,120,538
2025-11-27 12:36:28.639455,1495025257_6648096525,37.2,3,31
2025-11-27 12:36:28.824210,1495025257_6650810650,20.97,23,134
2025-11-27 12:36:29.009226,1495030950_1495030951,19.44,10,54
2025-11-27 12:36:29.135310,1495030950_427847910,7.4,18,37
2025-11-27 12:36:29.263325,1495030951_317366886,13.89,190,733
2025-11-27 12:36:29.467757,1497544719_428673752,6.48,20,36
2025-11-27 12:36:29.592582,1497544719_1904353550,9.6,21,56
2025-11-27 12:36:29.733525,1497544736_5707161153,15.6,6,26
2025-11-27 12:36:29.866109,1497544736_5707161151,13.85,26,100
2025-11-27 12:36:30.018109,1497544738_5707161163,15.12,5,21
2025-11-27 12:36:30.163098,1497544749_5706891499,19.37,21,113
2025-11-27 12:36:30.302879,1497544764_9980229913,20.84,33,191
2025-11-27 12:36:30.437128,1497544764_5706896622,25.2,12,84
2025-11-27 12:36:30.590746,1497544796_7301485388,23.11,126,809
2025-11-27 12:36:30.811954,1497544796_5704011299,22.48,200,1249
2025-11-27 12:36:31.015898,1497544796_1497544764,26.31,42,307
2025-11-27 12:36:31.147252,1498038039_420457653,8.38,55,128
2025-11-27 12:36:31.339635,1498111685_10180671333,10.8,5,15
2025-11-27 12:36:31.494810,1498111685_5716649671,13.8,12,46
2025-11-27 12:36:31.692336,1613087620_444875130,9.36,5,13
2025-11-27 12:36:31.818458,1613087620_5716616005,13.72,16,61
2025-11-27 12:36:31.963212,1613087622_1613087620,19.88,130,718
2025-11-27 12:36:32.187318,1613087622_444874859,24.0,3,20
2025-11-27 12:36:32.339219,1613087628_1613087622,15.3,4,17
2025-11-27 12:36:32.466180,1613087628_1495022225,20.7,8,46
2025-11-27 12:36:32.628917,1691398148_1881927756,23.48,256,1670
2025-11-27 12:36:32.768992,1692627215_6631796343,25.67,38,271
2025-11-27 12:36:32.900538,1692627215_1919720738,29.7,4,33
2025-11-27 12:36:33.034884,1699561405_1849738362,6.66,20,37
2025-11-27 12:36:33.255022,1699561405_5716544649,33.26,719,6642
2025-11-27 12:36:33.448637,1748294231_1219243636,7.2,7,14
2025-11-27 12:36:33.672796,1748294231_10203920328,21.15,8,47
2025-11-27 12:36:33.820632,1748294250_1748294257,8.4,6,14
2025-11-27 12:36:33.960452,1748294250_10203920324,20.19,23,129
2025-11-27 12:36:34.156127,1748294257_1748294250,8.4,6,14
2025-11-27 12:36:34.284578,1748294257_1919751060,18.67,59,306
2025-11-27 12:36:34.415663,1748294274_5710673974,17.56,122,595
2025-11-27 12:36:34.552132,1748294274_10542328776,3.6,48,48
2025-11-27 12:36:34.686619,1758170763_12024836052,26.16,15,109
2025-11-27 12:36:34.841778,1758170772_6648096523,8.4,6,14
2025-11-27 12:36:35.009450,1758170772_1495022225,9.93,33,91
2025-11-27 12:36:35.133709,1758629824_5683792676,11.7,4,13
2025-11-27 12:36:35.266962,1758631175_1314209699,20.4,3,17
2025-11-27 12:36:35.467412,1758631175_1884769979,18.0,8,40
2025-11-27 12:36:35.608965,1758633098_1758633108,27.6,3,23
2025-11-27 12:36:35.769155,1758633098_81805393,18.97,286,1507
2025-11-27 12:36:35.916845,1758633108_6659134174,31.2,3,26
2025-11-27 12:36:36.073856,1758633108_1758633112,23.0,80,511
2025-11-27 12:36:36.207731,1758633112_6659134172,19.16,220,1171
2025-11-27 12:36:36.379861,1758633112_1758633108,29.5,31,254
2025-11-27 12:36:36.515073,1758651218_6610574244,22.73,16,101
2025-11-27 12:36:36.641275,1758651218_6606566485,22.26,87,538
2025-11-27 12:36:36.768591,1838584736_1312650079,16.04,11,49
2025-11-27 12:36:36.904312,1838584736_1879088105,26.18,11,80
2025-11-27 12:36:37.092781,1849738362_1699561405,3.6,37,37
2025-11-27 12:36:37.234831,1849738362_5898769297,36.9,60,615
2025-11-27 12:36:37.371776,1878921396_6659072489,18.0,1,5
2025-11-27 12:36:37.584357,1878921403_5686426699,32.54,53,479
2025-11-27 12:36:37.731298,1878921403_5686426699,32.54,53,479
2025-11-27 12:36:37.888483,1878921405_1878921403,19.08,20,106
2025-11-27 12:36:38.107145,1878932244_1494041366,11.25,8,25
2025-11-27 12:36:38.251143,1878932244_420460217,16.16,41,184
2025-11-27 12:36:38.377884,1879088105_1879091755,31.57,13,114
2025-11-27 12:36:38.555839,1879088106_1879088105,22.6,18,113
2025-11-27 12:36:38.708770,1879088106_1838584736,13.36,149,553
2025-11-27 12:36:38.895771,1879088107_1879088108,25.44,15,106
2025-11-27 12:36:39.049183,1879088107_1312650077,8.62,33,79
2025-11-27 12:36:39.271075,1879088108_13322115743,34.92,30,291
2025-11-27 12:36:39.401250,1879091753_1879091756,13.89,14,54
2025-11-27 12:36:39.535556,1879091753_1475295085,38.21,70,743
2025-11-27 12:36:39.706774,1879091755_5898769297,13.55,152,572
2025-11-27 12:36:39.842566,1879091755_1699561405,28.99,76,612
2025-11-27 12:36:39.974843,1879091756_1879091753,17.0,169,798
2025-11-27 12:36:40.118842,1879091756_1879088107,27.3,12,91
2025-11-27 12:36:40.340510,1881927756_2302166519,11.52,5,16
2025-11-27 12:36:40.537813,1881927756_12375164794,43.2,1,12
2025-11-27 12:36:40.673748,1881927757_1881928008,6.88,68,130
2025-11-27 12:36:40.804714,1881927757_1881927759,6.69,49,91
2025-11-27 12:36:40.945558,1881927757_1748294231,3.69,40,41
2025-11-27 12:36:41.092314,1881927759_6687964478,19.76,204,1120
2025-11-27 12:36:41.219709,1881928007_1881928008,24.8,9,62
2025-11-27 12:36:41.412579,1881928007_1221053112,4.8,30,40
2025-11-27 12:36:41.531793,1881928008_1881927757,8.28,10,23
2025-11-27 12:36:41.682410,1881928008_13327548968,20.32,124,700
2025-11-27 12:36:41.822648,1881928278_10203920329,0.0,0,6
2025-11-27 12:36:41.954971,1881928278_6672531385,27.82,11,85
2025-11-27 12:36:42.119077,1881928279_1881928280,6.09,78,132
2025-11-27 12:36:42.243808,1881928279_1220930858,3.23,48,43
2025-11-27 12:36:42.460992,1881928280_6672531385,43.2,1,12
2025-11-27 12:36:42.681740,1881949102_1881949103,16.46,14,64
2025-11-27 12:36:42.876341,1881949102_4539675829,31.08,49,423
2025-11-27 12:36:43.025538,1881949103_1881949102,28.05,67,522
2025-11-27 12:36:43.225782,1881949103_11768052436,30.34,28,236
2025-11-27 12:36:43.367162,1884747787_4538405005,15.12,5,21
2025-11-27 12:36:43.532970,1884747789_1884747787,16.71,14,65
2025-11-27 12:36:43.662496,1884747789_3779255487,4.46,25,31
2025-11-27 12:36:43.800310,1884765798_6658429241,19.32,101,542
2025-11-27 12:36:43.931875,1884765802_1758629824,10.29,7,20
2025-11-27 12:36:44.088763,1884765802_5674347102,12.96,5,18
2025-11-27 12:36:44.239507,1884765806_1495020912,5.7,12,19
2025-11-27 12:36:44.380881,1884765806_1884765798,15.69,220,959
2025-11-27 12:36:44.515467,1884768305_1314209717,20.62,11,63
2025-11-27 12:36:44.730530,1884768305_1314209699,3.51,38,37
2025-11-27 12:36:44.894275,1884769977_6688503847,7.71,7,15
2025-11-27 12:36:45.084657,1884769977_1884769979,25.2,9,63
2025-11-27 12:36:45.292087,1884769979_6644672133,20.1,12,67
2025-11-27 12:36:45.473378,1884776799_445970799,17.68,102,501
2025-11-27 12:36:45.614040,1884776799_5954441639,18.43,143,732
2025-11-27 12:36:45.756273,1887748894_5875603186,23.14,7,45
2025-11-27 12:36:45.913842,1887751321_1312650077,19.35,8,43
2025-11-27 12:36:46.049807,1887751321_2185731481,25.2,8,56
2025-11-27 12:36:46.178166,1897734810_1897734813,14.8,9,37
2025-11-27 12:36:46.320546,1897734810_5710222979,8.51,140,331
2025-11-27 12:36:46.448884,1897734813_1897734810,22.2,6,37
2025-11-27 12:36:46.641672,1897734813_5093497429,17.82,20,99
2025-11-27 12:36:46.778352,1901865134_1901865135,19.2,6,32
2025-11-27 12:36:46.921558,1901865134_5710136485,22.4,27,168
2025-11-27 12:36:47.124865,1901865135_1901865134,22.7,170,1072
2025-11-27 12:36:47.315592,1901865135_5710673956,29.06,42,339
2025-11-27 12:36:47.451811,1904353550_1884776799,17.49,21,102
2025-11-27 12:36:47.654121,1904360482_2174649908,11.31,7,22
2025-11-27 12:36:47.806263,1904360482_106108917,20.16,60,336
2025-11-27 12:36:47.946673,1919720738_6641911209,0.0,0,6
2025-11-27 12:36:48.136965,1919750981_6631796343,25.92,5,36
2025-11-27 12:36:48.264408,1919750981_1919720738,23.66,7,46
2025-11-27 12:36:48.438461,1919751043_1919751060,32.4,2,18
2025-11-27 12:36:48.582921,1919751043_1748294250,12.99,87,314
2025-11-27 12:36:48.718432,1919751060_1954877845,32.4,2,18
2025-11-27 12:36:48.946322,1919751060_1919751043,10.8,6,18
2025-11-27 12:36:49.105250,1954877845_1919750981,26.8,9,67
2025-11-27 12:36:49.236973,2050902820_98031401,6.3,12,21
2025-11-27 12:36:49.385318,2050902820_6662639319,16.2,6,27
2025-11-27 12:36:49.576613,2050902827_445970127,5.2,9,13
2025-11-27 12:36:49.772082,2050902827_2050902836,29.76,15,124
2025-11-27 12:36:49.919937,2050902830_445970096,13.5,4,15
2025-11-27 12:36:50.165120,2050902830_2050902833,25.2,18,126
2025-11-27 12:36:50.304086,2050902832_2050902833,3.6,13,13
2025-11-27 12:36:50.439033,2050902832_445970096,22.55,19,119
2025-11-27 12:36:50.572480,2050902833_2050902827,24.4,18,122
2025-11-27 12:36:50.732265,2050902833_2050902832,6.69,7,13
2025-11-27 12:36:50.876590,2050902835_2050902836,9.6,6,16
2025-11-27 12:36:51.031427,2050902835_445970127,28.8,15,120
2025-11-27 12:36:51.220186,2050902836_2050902835,5.76,10,16
2025-11-27 12:36:51.409127,2050902836_5489009621,29.01,17,137
2025-11-27 12:36:51.552123,2053894358_8237661942,10.29,7,20
2025-11-27 12:36:51.759372,2053894358_2290010720,19.41,105,566
2025-11-27 12:36:51.904968,2084132002_5716649671,27.0,2,15
2025-11-27 12:36:52.042237,2084132003_5718871870,9.36,15,39
2025-11-27 12:36:52.182715,2084132003_5710673979,7.77,57,123
2025-11-27 12:36:52.340079,2084132003_98041849,3.02,37,31
2025-11-27 12:36:52.510280,2174649904_106108917,18.73,79,411
2025-11-27 12:36:52.712071,2174649904_2174649908,24.64,51,349
2025-11-27 12:36:52.856703,2174649908_1904360482,14.21,111,438
2025-11-27 12:36:52.988941,2174649908_4961341864,14.09,47,184
2025-11-27 12:36:53.139566,2175126932_6648227223,28.11,21,164
2025-11-27 12:36:53.296641,2175126939_2175126932,7.47,80,166
2025-11-27 12:36:53.449173,2175126939_444874857,4.1,43,49
2025-11-27 12:36:53.611334,2176926218_446030797,14.81,61,251
2025-11-27 12:36:53.814705,2176926218_6662241095,24.98,16,111
2025-11-27 12:36:53.967359,2176926218_5716616005,13.26,114,420
2025-11-27 12:36:54.186262,2185731222_1314191415,3.4,54,51
2025-11-27 12:36:54.319428,2185731222_436383687,5.85,128,208
2025-11-27 12:36:54.469588,2185731475_2185731477,30.24,10,84
2025-11-27 12:36:54.618986,2185731475_1312650079,6.53,32,58
2025-11-27 12:36:54.763322,2185731477_13327548965,28.8,21,168
2025-11-27 12:36:54.906405,2185731479_2185731481,29.16,10,81
2025-11-27 12:36:55.052847,2185731479_1887751321,5.0,41,57
2025-11-27 12:36:55.197238,2185731481_1879091753,32.12,13,116
2025-11-27 12:36:55.352637,2186671583_2186671586,4.05,8,9
2025-11-27 12:36:55.480719,2186671583_2291073251,4.39,50,61
2025-11-27 12:36:55.640296,2186671584_444398125,6.48,5,9
2025-11-27 12:36:55.789673,2186671584_2186671583,21.09,21,123
2025-11-27 12:36:55.989753,2186671585_2186671584,18.72,15,78
2025-11-27 12:36:56.129050,2186671586_2186671583,10.8,3,9
2025-11-27 12:36:56.270332,2186671586_444398125,17.74,28,138
2025-11-27 12:36:56.405900,2188036136_283139237,13.46,160,598
2025-11-27 12:36:56.565671,2188036136_444875375,6.77,67,126
2025-11-27 12:36:56.716423,2195296719_6644721587,0.0,0,4
2025-11-27 12:36:56.903299,2195296719_438036727,22.0,18,110
2025-11-27 12:36:57.044816,2195296719_309685730,16.24,151,681
2025-11-27 12:36:57.175997,2212544448_1314191436,5.4,8,12
2025-11-27 12:36:57.303879,2212544448_1314185648,19.1,46,244
2025-11-27 12:36:57.433503,2274969534_5828495464,4.15,13,15
2025-11-27 12:36:57.567746,2274969534_5718868836,28.05,43,335
2025-11-27 12:36:57.714330,2289976216_5718868836,24.84,99,683
2025-11-27 12:36:57.857694,2289976216_5828495464,24.98,48,333
2025-11-27 12:36:58.028831,2289997642_2289997644,4.4,9,11
2025-11-27 12:36:58.223249,2289997642_1314203102,11.49,42,134
2025-11-27 12:36:58.355896,2289997644_2289997642,13.2,3,11
2025-11-27 12:36:58.513183,2289997644_2289976216,25.02,20,139
2025-11-27 12:36:58.671853,2290010720_2290010722,5.6,9,14
2025-11-27 12:36:58.831945,2290010720_309595522,9.96,56,155
2025-11-27 12:36:58.969194,2290010722_2290010720,10.08,5,14
2025-11-27 12:36:59.108809,2290010722_8237661942,19.32,106,569
2025-11-27 12:36:59.300187,2291064324_319490613,23.2,18,116
2025-11-27 12:36:59.428038,2291064328_2291064324,19.64,11,60
2025-11-27 12:36:59.587000,2291064328_428673752,3.71,32,33
2025-11-27 12:36:59.730374,2291072469_317366886,8.64,5,12
2025-11-27 12:36:59.942057,2291072469_5710136488,16.52,160,734
2025-11-27 12:37:00.076113,2291072476_5710136485,10.8,6,18
2025-11-27 12:37:00.269617,2291072476_5710136487,28.8,4,32
2025-11-27 12:37:00.399819,2291073251_2291072469,9.9,8,22
2025-11-27 12:37:00.576554,2291073251_2291254030,24.73,38,261
2025-11-27 12:37:00.730464,2291254028_2291254030,12.24,10,34
2025-11-27 12:37:00.876078,2291254028_2291072469,12.62,75,263
2025-11-27 12:37:01.032147,2291254030_2291254028,20.68,199,1143
2025-11-27 12:37:01.248208,2291254030_444501637,27.16,46,347
2025-11-27 12:37:01.371509,2295384939_436388447,7.71,7,15
2025-11-27 12:37:01.519528,2295384939_5721511585,24.5,41,279
2025-11-27 12:37:01.651199,2302164518_2302164519,25.24,97,680
2025-11-27 12:37:01.805028,2302164518_5719031414,24.34,71,480
2025-11-27 12:37:01.941089,2302164519_2302164518,6.12,10,17
2025-11-27 12:37:02.160688,2302164519_12375164797,9.66,57,153
2025-11-27 12:37:02.307599,2302166519_1312645244,9.77,14,38
2025-11-27 12:37:02.441889,2302166519_1475295086,28.18,52,407
2025-11-27 12:37:02.572255,2303337176_1498038039,30.49,32,271
2025-11-27 12:37:02.783630,2326674277_5709923606,43.2,2,24
2025-11-27 12:37:02.941701,2326674277_2326674288,34.65,24,231
2025-11-27 12:37:03.110442,2326674281_5709923603,54.0,1,15
2025-11-27 12:37:03.321053,2326674281_1314191417,33.0,24,220
2025-11-27 12:37:03.505545,2326674288_4539674888,35.79,17,169
2025-11-27 12:37:03.668662,2570960524_12206582473,30.34,68,573
2025-11-27 12:37:03.862160,2570960524_5707647500,32.77,29,264
2025-11-27 12:37:04.051984,2584589542_5721511586,29.28,157,1277
2025-11-27 12:37:04.308496,2701058419_5716537675,15.05,44,184
2025-11-27 12:37:04.448802,2701184883_4539682086,22.29,26,161
2025-11-27 12:37:04.644742,3075526390_1919751043,28.8,3,24
2025-11-27 12:37:04.791729,3075526390_1954877845,23.6,9,59
2025-11-27 12:37:04.940319,3075526396_3075526390,27.45,8,61
2025-11-27 12:37:05.085539,3779255487_2701184883,16.84,291,1361
2025-11-27 12:37:05.234353,3779255487_5716537702,6.22,33,57
2025-11-27 12:37:05.399687,3779255494_4538405026,20.88,5,29
2025-11-27 12:37:05.552738,4004297090_1878921396,10.12,16,45
2025-11-27 12:37:05.709412,4004297090_1878921405,14.1,24,94
2025-11-27 12:37:05.913787,4025084971_6666128977,37.44,10,104
2025-11-27 12:37:06.101019,4025084971_4538571805,23.14,7,45
2025-11-27 12:37:06.230043,4025115175_5707407583,6.69,14,26
2025-11-27 12:37:06.393267,4025115175_5709996124,14.12,39,153
2025-11-27 12:37:06.595773,4027449781_6621078261,19.64,46,251
2025-11-27 12:37:06.809992,4106937190_4538404990,0.0,0,5
2025-11-27 12:37:07.033927,4538404990_13282498392,22.2,6,37
2025-11-27 12:37:07.181435,4538404991_4538405005,24.11,242,1621
2025-11-27 12:37:07.317964,4538404991_1221161727,21.97,487,2972
2025-11-27 12:37:07.468764,4538404998_3779255494,17.23,14,67
2025-11-27 12:37:07.625379,4538404998_1221161730,3.6,43,43
2025-11-27 12:37:07.816769,4538405005_4538405024,24.33,54,365
2025-11-27 12:37:08.011381,4538405006_1884747789,4.46,21,26
2025-11-27 12:37:08.188729,4538405006_2701184883,15.0,340,1417
2025-11-27 12:37:08.365370,4538405017_11700202516,32.74,53,482
2025-11-27 12:37:08.493943,4538405021_4538405024,39.78,78,862
2025-11-27 12:37:08.638049,4538405021_4538405061,31.6,425,3730
2025-11-27 12:37:08.792662,4538405024_6689058288,33.63,35,327
2025-11-27 12:37:09.004226,4538405026_4538405017,31.95,420,3728
2025-11-27 12:37:09.141059,4538405061_4538404998,17.28,5,24
2025-11-27 12:37:09.285783,4538405061_4106937190,7.15,155,308
2025-11-27 12:37:09.472870,4538405136_11768052437,27.07,81,609
2025-11-27 12:37:09.628127,4538405136_4538405137,29.4,72,588
2025-11-27 12:37:09.811161,4538405137_4540453395,11.52,30,96
2025-11-27 12:37:09.992581,4538571805_5707122780,36.58,193,1961
2025-11-27 12:37:10.245514,4538571805_4539675798,33.41,96,891
2025-11-27 12:37:10.370200,4538571806_4539675798,29.83,7,58
2025-11-27 12:37:10.510465,4538571806_5707122775,21.6,5,30
2025-11-27 12:37:10.640485,4538571818_1314191398,50.4,3,42
2025-11-27 12:37:10.828986,4539132150_4830545884,47.22,95,1246
2025-11-27 12:37:10.958601,4539132150_2326674277,29.77,26,215
2025-11-27 12:37:11.096000,4539132165_5716477055,18.09,38,191
2025-11-27 12:37:11.221896,4539674875_6621426593,25.2,9,63
2025-11-27 12:37:11.362631,4539674875_4539674879,7.62,34,72
2025-11-27 12:37:11.494901,4539674879_1314185677,20.54,17,97
2025-11-27 12:37:11.696446,4539674879_6628818468,26.74,7,52
2025-11-27 12:37:11.863444,4539674883_5716544649,43.66,31,376
2025-11-27 12:37:12.079698,4539674883_12606538099,61.95,86,1480
2025-11-27 12:37:12.276607,4539674888_1849738362,25.54,85,603
2025-11-27 12:37:12.435547,4539674888_3779255475,31.53,173,1515
2025-11-27 12:37:12.658773,4539675798_4538571805,32.89,417,3810
2025-11-27 12:37:12.786991,4539675798_5707122775,19.44,10,54
2025-11-27 12:37:12.928124,4539675798_10159724112,22.8,6,38
2025-11-27 12:37:13.070536,4539675829_444394912,21.36,30,178
2025-11-27 12:37:13.214240,4539682086_1881949103,26.85,59,440
2025-11-27 12:37:13.359711,4539682086_12606538104,25.26,63,442
2025-11-27 12:37:13.548473,4539684490_4539675829,28.27,54,424
2025-11-27 12:37:13.681976,4539684490_3779242655,53.3,93,1377
2025-11-27 12:37:13.852117,4540453369_4540453370,7.2,9,18
2025-11-27 12:37:13.986761,4540453370_4540453369,8.1,8,18
2025-11-27 12:37:14.201948,4540453370_5707271704,30.2,36,302
2025-11-27 12:37:14.343951,4540453378_5707271696,32.73,22,200
2025-11-27 12:37:14.488239,4540453393_4540453394,18.0,6,30
2025-11-27 12:37:14.673344,4540453393_10076263977,37.8,2,21
2025-11-27 12:37:14.849155,4540453394_5093497431,24.69,7,48
2025-11-27 12:37:15.033047,4540453394_4540453405,16.15,72,323
2025-11-27 12:37:15.297958,4540453395_4540453396,21.27,11,65
2025-11-27 12:37:15.494776,4540453395_4540453393,6.04,28,47
2025-11-27 12:37:15.615923,4540453396_4540453400,40.2,18,201
2025-11-27 12:37:15.760249,4540453399_10076263973,15.36,116,495
2025-11-27 12:37:15.918957,4540453399_5093497430,25.2,27,189
2025-11-27 12:37:16.089278,4540453400_444501629,15.4,317,1356
2025-11-27 12:37:16.260337,4540453404_10076263978,6.75,8,15
2025-11-27 12:37:16.441644,4540453404_4540453406,13.09,137,498
2025-11-27 12:37:16.563245,4540453405_4542621501,11.52,10,32
2025-11-27 12:37:16.769078,4540453405_10076263979,12.7,121,427
2025-11-27 12:37:16.892892,4540453406_4538405136,29.4,12,98
2025-11-27 12:37:17.031343,4541071715_4541071716,6.75,8,15
2025-11-27 12:37:17.158143,4541071715_6587550955,29.9,46,382
2025-11-27 12:37:17.283325,4541071716_4541071715,2.84,19,15
2025-11-27 12:37:17.411357,4541071716_10965136434,15.65,69,300
2025-11-27 12:37:17.582451,4541105058_5707271706,36.0,2,20
2025-11-27 12:37:17.782523,4541105059_4541105058,14.4,3,12
2025-11-27 12:37:17.937426,4541105059_11182265554,27.26,218,1651
2025-11-27 12:37:18.090007,4542621501_4540453393,9.12,15,38
2025-11-27 12:37:18.236155,4542621501_4540453406,24.0,6,40
2025-11-27 12:37:18.362290,4599745018_98027697,14.32,91,362
2025-11-27 12:37:18.566690,4599745018_10130533955,27.0,4,30
2025-11-27 12:37:18.707476,4599745018_7920618648,12.47,226,783
2025-11-27 12:37:18.860529,4600895552_10130533953,16.77,38,177
2025-11-27 12:37:19.064952,4600895552_6617292919,13.6,140,529
2025-11-27 12:37:19.238323,4830545876_6325815718,17.17,26,124
2025-11-27 12:37:19.401058,4830545876_5707122751,44.49,56,692
2025-11-27 12:37:19.624366,4830545884_106070559,57.7,37,593
2025-11-27 12:37:19.764739,4830545884_5707122751,38.03,23,243
2025-11-27 12:37:19.923633,4930425700_4930425704,34.65,24,231
2025-11-27 12:37:20.104547,4930425700_1314185585,52.24,43,624
2025-11-27 12:37:20.235536,4930425704_4025084971,38.4,3,32
2025-11-27 12:37:20.380114,4930438606_4830545876,52.2,2,29
2025-11-27 12:37:20.540442,4961341856_1497544719,11.29,95,298
2025-11-27 12:37:20.687026,4961341856_5707161154,22.68,10,63
2025-11-27 12:37:20.881261,4961341859_4961341860,9.26,126,324
2025-11-27 12:37:21.064523,4961341859_6661055809,4.46,25,31
2025-11-27 12:37:21.276439,4961341860_4961341865,7.46,14,29
2025-11-27 12:37:21.472903,4961341864_4961341859,8.64,10,24
2025-11-27 12:37:21.605676,4961341864_6685236291,25.2,23,161
2025-11-27 12:37:21.736559,4961341865_4961341864,16.1,87,389
2025-11-27 12:37:21.867571,4961341865_1904360482,19.96,33,183
2025-11-27 12:37:22.064001,5093497426_10076263973,27.45,24,183
2025-11-27 12:37:22.250268,5093497429_5093497426,17.4,12,58
2025-11-27 12:37:22.380089,5093497429_4540453405,9.12,15,38
2025-11-27 12:37:22.528316,5093497430_10076263976,2.88,30,24
2025-11-27 12:37:22.675498,5093497430_5093497431,27.6,9,69
2025-11-27 12:37:22.812673,5093497431_1897734810,19.91,17,94
2025-11-27 12:37:22.940221,5206119178_283139237,23.42,81,527
2025-11-27 12:37:23.106416,5206119178_420456683,22.3,181,1121
2025-11-27 12:37:23.233569,5485653490_5875623873,24.0,3,20
2025-11-27 12:37:23.417594,5485653490_6688490814,16.58,81,373
2025-11-27 12:37:23.570445,5485722628_6606566488,17.5,221,1074
2025-11-27 12:37:23.697656,5485722628_8341509537,20.97,69,402
2025-11-27 12:37:23.826439,5485722628_6610228314,9.82,22,60
2025-11-27 12:37:23.957698,5489009621_6677147310,23.4,4,26
2025-11-27 12:37:24.105728,5489009621_6677147301,20.74,25,144
2025-11-27 12:37:24.299497,5598303159_13282511305,0.0,0,5
2025-11-27 12:37:24.492489,5598303159_13282511304,37.65,74,774
2025-11-27 12:37:24.633786,5641890821_5641890822,25.31,191,1343
2025-11-27 12:37:24.764813,5641890821_6661487945,22.69,158,996
2025-11-27 12:37:24.890228,5641890822_5641890821,24.75,8,55
2025-11-27 12:37:25.021380,5641890822_5641890823,30.6,18,153
2025-11-27 12:37:25.206674,5641890823_10087376960,17.69,23,113
2025-11-27 12:37:25.331267,5641890823_11700202517,19.8,6,33
2025-11-27 12:37:25.454815,5645750065_9970440452,17.82,20,99
2025-11-27 12:37:25.599588,5645750065_9970440452,17.82,20,99
2025-11-27 12:37:25.743163,5674347102_1758629824,5.7,12,19
2025-11-27 12:37:25.907420,5674347102_7920618648,6.69,316,587
2025-11-27 12:37:26.058285,5683715143_1494041345,15.41,25,107
2025-11-27 12:37:26.188676,5683792676_1314209698,20.3,127,716
2025-11-27 12:37:26.332151,5683792676_98026475,21.6,8,48
2025-11-27 12:37:26.539509,5686426699_7985603148,35.2,9,88
2025-11-27 12:37:26.735479,5686449780_6688471376,24.84,10,69
2025-11-27 12:37:26.869739,5706891499_5706896622,22.29,131,811
2025-11-27 12:37:27.000372,5706891499_9980229913,22.71,13,82
2025-11-27 12:37:27.125447,5706896622_5706891499,12.86,7,25
2025-11-27 12:37:27.293425,5706896622_1497544738,12.19,44,149
2025-11-27 12:37:27.447460,5707122750_6677687648,31.29,365,3172
2025-11-27 12:37:27.647470,5707122750_1699561412,32.89,22,201
2025-11-27 12:37:27.784345,5707122751_6677687648,64.8,1,18
2025-11-27 12:37:27.916456,5707122775_10159724112,29.47,172,1408
2025-11-27 12:37:28.081647,5707122779_4538571806,35.82,20,199
2025-11-27 12:37:28.249947,5707122782_6677687639,29.1,24,194
2025-11-27 12:37:28.444303,5707161151_81806535,4.0,36,40
2025-11-27 12:37:28.569760,5707161153_1497544738,12.2,85,288
2025-11-27 12:37:28.723073,5707161153_5707161163,12.22,91,309
2025-11-27 12:37:28.880597,5707161153_1497544749,18.0,7,35
2025-11-27 12:37:29.075326,5707161154_8231491411,22.2,12,74
2025-11-27 12:37:29.230889,5707161162_1904353550,7.43,46,95
2025-11-27 12:37:29.352998,5707161162_1497544719,5.2,27,39
2025-11-27 12:37:29.571067,5707161163_5707161154,25.56,10,71
2025-11-27 12:37:29.739281,5707161163_4961341856,11.19,146,454
2025-11-27 12:37:29.928131,5707262958_6685466405,11.86,17,56
2025-11-27 12:37:30.168621,5707271696_4541105058,32.72,57,518
2025-11-27 12:37:30.327883,5707271700_5707271696,24.0,6,40
2025-11-27 12:37:30.527708,5707271703_5707271704,28.29,78,613
2025-11-27 12:37:30.660869,5707271703_4540453369,30.3,36,303
2025-11-27 12:37:30.849882,5707271704_5707271705,19.01,25,132
2025-11-27 12:37:30.974582,5707271705_4541105059,27.6,3,23
2025-11-27 12:37:31.131644,5707271705_12725862785,26.9,159,1188
2025-11-27 12:37:31.330843,5707271706_5707271705,26.21,121,881
2025-11-27 12:37:31.461764,5707271706_5707271703,27.95,17,132
2025-11-27 12:37:31.662618,5707407583_5707407590,22.8,3,19
2025-11-27 12:37:31.791409,5707407590_5707407591,7.2,7,14
2025-11-27 12:37:31.983377,5707407590_6670444529,27.41,44,335
2025-11-27 12:37:32.113751,5707407591_4025115175,12.6,6,21
2025-11-27 12:37:32.343025,5707407591_6685434573,23.33,27,175
2025-11-27 12:37:32.542932,5707647467_5707647500,26.01,200,1445
2025-11-27 12:37:32.679867,5707647467_12206582473,31.68,30,264
2025-11-27 12:37:32.894853,5707647500_5707647467,16.4,9,41
2025-11-27 12:37:33.022661,5707647500_6658364083,34.8,3,29
2025-11-27 12:37:33.204960,5707679597_11201648616,13.44,15,56
2025-11-27 12:37:33.397943,5709923601_1314185648,31.2,6,52
2025-11-27 12:37:33.556087,5709923602_1314191417,32.4,8,72
2025-11-27 12:37:33.727472,5709923603_5709923602,9.91,187,515
2025-11-27 12:37:33.908763,5709923603_6621357115,19.54,7,38
2025-11-27 12:37:34.060605,5709923606_1314185653,35.1,20,195
2025-11-27 12:37:34.284481,5709923606_6628818478,18.76,19,99
2025-11-27 12:37:34.404730,5709996124_5709996125,2.88,15,12
2025-11-27 12:37:34.542619,5709996124_448838032,11.79,178,583
2025-11-27 12:37:34.667351,5709996125_5709996124,6.17,7,12
2025-11-27 12:37:34.812522,5709996125_5707407583,13.94,39,151
2025-11-27 12:37:35.017050,5710098650_5716807750,10.0,9,25
2025-11-27 12:37:35.234235,5710098650_5717115613,35.36,28,275
2025-11-27 12:37:35.364713,5710136485_317778303,46.8,1,13
2025-11-27 12:37:35.504407,5710136487_1901865135,23.76,20,132
2025-11-27 12:37:35.641652,5710136488_5710136487,25.2,7,49
2025-11-27 12:37:35.840588,5710136488_2291072476,4.32,30,36
2025-11-27 12:37:35.975070,5710222979_2212544448,6.83,87,165
2025-11-27 12:37:36.176392,5710222986_5710222979,20.13,66,369
2025-11-27 12:37:36.319747,5710222986_3779255475,50.98,100,1416
2025-11-27 12:37:36.447063,5710222987_12606538099,21.65,75,451
2025-11-27 12:37:36.594291,5710222987_1897734813,23.61,413,2709
2025-11-27 12:37:36.724313,5710231827_1887748894,23.4,2,13
2025-11-27 12:37:36.992623,5710538391_5710538395,19.44,10,54
2025-11-27 12:37:37.140113,5710538391_11111175326,19.35,8,43
2025-11-27 12:37:37.347213,5710538395_5710691038,15.6,6,26
2025-11-27 12:37:37.531677,5710538395_5710691056,25.2,17,119
2025-11-27 12:37:37.707516,5710565212_5828999543,22.92,30,191
2025-11-27 12:37:37.968272,5710673956_5716670119,27.0,6,45
2025-11-27 12:37:38.133175,5710673956_2084132003,13.25,50,184
2025-11-27 12:37:38.273726,5710673974_5710673979,17.1,8,38
2025-11-27 12:37:38.409977,5710673974_98041257,8.8,9,22
2025-11-27 12:37:38.565098,5710673974_1748294274,17.85,120,595
2025-11-27 12:37:38.749611,5710673979_5710673992,30.6,22,187
2025-11-27 12:37:38.904735,5710673992_106078638,34.2,4,38
2025-11-27 12:37:39.036907,5710691038_5710538391,8.5,25,59
2025-11-27 12:37:39.232185,5710691038_5710691043,28.59,17,135
2025-11-27 12:37:39.405426,5710691044_5710691043,29.2,18,146
2025-11-27 12:37:39.635236,5710691044_5710691038,22.67,228,1436
2025-11-27 12:37:39.842852,5710691045_5710538395,8.96,49,122
2025-11-27 12:37:39.992954,5710691045_5710691056,34.63,21,202
2025-11-27 12:37:40.125701,5710691056_8462966000,29.52,5,41
2025-11-27 12:37:40.320235,5716241016_5716241017,26.23,7,51
2025-11-27 12:37:40.451317,5716241017_1881928278,22.97,166,1059
2025-11-27 12:37:40.607014,5716408768_1494035973,5.21,38,55
2025-11-27 12:37:40.768573,5716408768_6659134177,19.14,495,2632
2025-11-27 12:37:40.963982,5716408772_6659134177,19.35,8,43
2025-11-27 12:37:41.119668,5716477055_5716477056,23.47,110,717
2025-11-27 12:37:41.254116,5716477055_1495030950,25.03,43,299
2025-11-27 12:37:41.392515,5716477056_5716477055,7.65,16,34
2025-11-27 12:37:41.601409,5716477056_4539132150,18.38,38,194
2025-11-27 12:37:41.749892,5716537675_4538404990,9.6,18,48
2025-11-27 12:37:41.911264,5716537675_4538404991,14.91,7,29
2025-11-27 12:37:42.053611,5716537702_3779255494,22.63,7,44
2025-11-27 12:37:42.191670,5716537702_1221161730,7.56,20,42
2025-11-27 12:37:42.327715,5716544649_2326674281,34.94,17,165
2025-11-27 12:37:42.452290,5716616005_444875130,6.4,36,64
2025-11-27 12:37:42.616571,5716616005_2176926218,12.57,120,419
2025-11-27 12:37:42.786662,5716649671_5716670117,28.45,326,2576
2025-11-27 12:37:42.973045,5716670117_5718916301,30.54,31,263
2025-11-27 12:37:43.152321,5716670118_5716670117,30.07,215,1796
2025-11-27 12:37:43.277611,5716670118_5716670119,35.62,48,475
2025-11-27 12:37:43.503090,5716670119_5710673992,17.49,232,1127
2025-11-27 12:37:43.647283,5716670119_5716670118,24.95,157,1088
2025-11-27 12:37:43.791358,5716670621_5716670118,24.86,148,1022
2025-11-27 12:37:44.005519,5716670621_1498111685,29.55,24,197
2025-11-27 12:37:44.224983,5716670628_2084132002,8.61,23,55
2025-11-27 12:37:44.362212,5716670628_98041851,20.51,198,1128
2025-11-27 12:37:44.502661,5716807749_5717115613,28.7,70,558
2025-11-27 12:37:44.699425,5716807749_5716807750,36.8,27,276
2025-11-27 12:37:44.845820,5716807750_5710098650,26.14,180,1307
2025-11-27 12:37:45.063884,5716807750_6684737819,27.75,124,956
2025-11-27 12:37:45.211439,5717115613_5716807749,20.16,5,28
2025-11-27 12:37:45.344715,5717115613_4540453378,30.6,14,119
2025-11-27 12:37:45.553634,5718868836_2289976216,5.76,10,16
2025-11-27 12:37:45.698509,5718868836_2289997642,21.45,24,143
2025-11-27 12:37:45.868836,5718871870_283139229,14.76,190,779
2025-11-27 12:37:45.995017,5718871870_98041849,3.02,25,21
2025-11-27 12:37:46.174251,5718886024_1748294257,11.45,39,124
2025-11-27 12:37:46.381055,5718916274_5718916294,9.78,95,258
2025-11-27 12:37:46.517509,5718916274_10296445823,6.3,4,7
2025-11-27 12:37:46.702404,5718916291_12816414547,16.92,10,47
2025-11-27 12:37:46.826253,5718916291_98035472,6.34,21,37
2025-11-27 12:37:46.970028,5718916292_6650876736,14.51,284,1145
2025-11-27 12:37:47.143251,5718916292_12816414542,5.14,7,10
2025-11-27 12:37:47.273930,5718916293_5718916294,18.0,1,5
2025-11-27 12:37:47.463924,5718916294_98042270,23.95,46,306
2025-11-27 12:37:47.601050,5718916301_5718916302,14.23,218,862
2025-11-27 12:37:47.729189,5718916301_5718916291,8.49,14,33
2025-11-27 12:37:47.917697,5718916302_5718916301,7.48,13,27
2025-11-27 12:37:48.051258,5718916302_5716670621,28.91,33,265
2025-11-27 12:37:48.241177,5718946093_1748294274,6.35,17,30
2025-11-27 12:37:48.424551,5719031413_5719031414,16.97,7,33
2025-11-27 12:37:48.575781,5719031413_2302164519,24.0,72,480
2025-11-27 12:37:48.703559,5719031414_5719031413,27.4,72,548
2025-11-27 12:37:48.895920,5719031414_3075526396,27.98,22,171
2025-11-27 12:37:49.085041,5719125659_6648096524,33.3,4,37
2025-11-27 12:37:49.269910,5719125659_1758170772,22.94,70,446
2025-11-27 12:37:49.453546,5721511585_2584589542,40.32,5,56
2025-11-27 12:37:49.617134,5721511586_436388447,26.15,38,276
2025-11-27 12:37:49.758428,5828495464_2274969534,7.71,7,15
2025-11-27 12:37:49.882818,5828495464_5719125659,28.97,21,169
2025-11-27 12:37:50.031148,5828999542_5828999543,19.54,138,749
2025-11-27 12:37:50.163563,5828999542_1495025257,23.83,29,192
2025-11-27 12:37:50.348874,5828999543_5828999542,13.2,6,22
2025-11-27 12:37:50.475315,5828999543_6648227222,18.98,33,174
2025-11-27 12:37:50.668279,5831399053_6603014206,25.76,347,2483
2025-11-27 12:37:50.794356,5831399053_1494041374,34.28,67,638
2025-11-27 12:37:50.947982,5875603186_5645750065,24.09,13,87
2025-11-27 12:37:51.069632,5875603186_5206119178,22.49,65,406
2025-11-27 12:37:51.190926,5875623873_6677147301,22.5,4,25
2025-11-27 12:37:51.326498,5875623873_6677147310,17.15,17,81
2025-11-27 12:37:51.457721,5898769297_2185731475,33.94,14,132
2025-11-27 12:37:51.641515,5954441639_5954441640,3.6,8,8
2025-11-27 12:37:51.766313,5954441639_6659134171,27.0,14,105
2025-11-27 12:37:51.968992,5954441640_5954441639,2.06,14,8
2025-11-27 12:37:52.110586,5954441640_11201648616,19.83,61,336
2025-11-27 12:37:52.293994,5962836764_6325815718,42.41,64,754
2025-11-27 12:37:52.448271,5962836764_1314185585,36.86,25,256
2025-11-27 12:37:52.645880,6044465949_2701058419,14.92,103,427
2025-11-27 12:37:52.790750,6044465949_12606538104,16.18,310,1393
2025-11-27 12:37:52.962157,6325815718_6325815720,54.0,2,30
2025-11-27 12:37:53.118929,6325815720_4930438606,10.25,295,840
2025-11-27 12:37:53.247126,6325815720_2185731222,10.68,58,172
2025-11-27 12:37:53.400968,6405794494_6659134172,19.3,280,1501
2025-11-27 12:37:53.547159,6413551907_8341509537,25.2,2,14
2025-11-27 12:37:53.675918,6413551907_8341509535,17.49,14,68
2025-11-27 12:37:53.855624,6441639163_6689057478,24.44,33,224
2025-11-27 12:37:53.988171,6587550954_6587550955,5.85,8,13
2025-11-27 12:37:54.117014,6587550954_4541071716,30.4,45,380
2025-11-27 12:37:54.239580,6587550955_6587550954,3.12,15,13
2025-11-27 12:37:54.370423,6587550955_420456615,8.16,49,111
2025-11-27 12:37:54.514208,6587651051_1901865134,30.0,30,250
2025-11-27 12:37:54.662106,6600206282_13282498396,20.81,186,1075
2025-11-27 12:37:54.801733,6600206282_5598303159,26.8,18,134
2025-11-27 12:37:54.994831,6600206283_13282498396,22.58,162,1016
2025-11-27 12:37:55.130259,6600206283_2701058419,25.54,42,298
2025-11-27 12:37:55.269130,6601012241_6688570393,57.6,1,16
2025-11-27 12:37:55.433779,6601012241_6441639163,22.2,12,74
2025-11-27 12:37:55.629610,6603014206_10682258584,25.38,102,719
2025-11-27 12:37:55.784902,6603014206_6603014207,26.23,7,51
2025-11-27 12:37:55.950637,6603014207_6659072491,13.89,7,27
2025-11-27 12:37:56.157170,6603014207_6659072492,46.8,1,13
2025-11-27 12:37:56.345508,6606566485_10682258584,16.46,14,64
2025-11-27 12:37:56.540953,6606566485_6606566487,43.2,1,12
2025-11-27 12:37:56.741963,6606566485_1758651218,23.91,81,538
2025-11-27 12:37:56.878492,6606566487_6610228314,18.65,195,1010
2025-11-27 12:37:57.008298,6606566487_6606566485,43.2,1,12
2025-11-27 12:37:57.155951,6606566488_6606566487,18.0,12,60
2025-11-27 12:37:57.302847,6606566488_10682258584,24.0,3,20
2025-11-27 12:37:57.444961,6606566488_5485722628,18.86,205,1074
2025-11-27 12:37:57.579836,6610228314_10743484787,19.22,71,379
2025-11-27 12:37:57.720858,6610228314_6606566487,19.34,188,1010
2025-11-27 12:37:57.856898,6610228314_5485722628,7.59,28,59
2025-11-27 12:37:58.074158,6610574244_6659072491,20.02,25,139
2025-11-27 12:37:58.229067,6610574244_1758651218,23.52,15,98
2025-11-27 12:37:58.357062,6617292919_4600895552,16.76,55,256
2025-11-27 12:37:58.499029,6617292919_7985603136,4.65,31,40
2025-11-27 12:37:58.635732,6621078250_6621078251,7.8,6,13
2025-11-27 12:37:58.769621,6621078250_6621078260,30.38,32,270
2025-11-27 12:37:58.905580,6621078251_6621078250,7.8,6,13
2025-11-27 12:37:59.028886,6621078251_420456595,33.3,32,296
2025-11-27 12:37:59.161921,6621078260_6621078261,6.96,15,29
2025-11-27 12:37:59.313174,6621078260_2303337176,18.38,48,245
2025-11-27 12:37:59.511260,6621078261_6621078260,28.31,73,574
2025-11-27 12:37:59.718811,6621078261_420456583,31.3,23,200
2025-11-27 12:37:59.844546,6621357112_1314185653,36.0,3,30
2025-11-27 12:37:59.989536,6621357115_1314191420,4.52,47,59
2025-11-27 12:38:00.117300,6621357115_6621357112,16.65,16,74
2025-11-27 12:38:00.302506,6621426593_1314191414,32.4,2,18
2025-11-27 12:38:00.440926,6621426601_6621426593,9.53,145,384
2025-11-27 12:38:00.588386,6621426601_4539674879,5.16,37,53
2025-11-27 12:38:00.769909,6628818468_5709923601,31.05,8,69
2025-11-27 12:38:00.944058,6628818478_1314185677,4.6,36,46
2025-11-27 12:38:01.138802,6628818478_6628818468,8.53,144,341
2025-11-27 12:38:01.302035,6631796343_1692627215,31.2,3,26
2025-11-27 12:38:01.450332,6641911209_5719031413,31.5,20,175
2025-11-27 12:38:01.600265,6641911209_3075526396,25.71,7,50
2025-11-27 12:38:01.816420,6644672133_6644672135,19.02,53,280
2025-11-27 12:38:01.979624,6644672133_1884768305,10.8,24,72
2025-11-27 12:38:02.106344,6644672135_6644672133,18.33,55,280
2025-11-27 12:38:02.256696,6644672135_106111364,20.66,23,132
2025-11-27 12:38:02.392654,6644721587_2195296719,23.7,36,237
2025-11-27 12:38:02.538679,6644721587_11107112929,23.66,7,46
2025-11-27 12:38:02.678673,6647118933_2290010722,22.42,22,137
2025-11-27 12:38:02.896195,6647145130_8598733283,6.48,15,27
2025-11-27 12:38:03.098516,6647145130_5701309369,10.3,29,83
2025-11-27 12:38:03.243596,6648096523_1758170763,3.13,23,20
2025-11-27 12:38:03.460865,6648096523_1613087628,7.2,16,32
2025-11-27 12:38:03.597542,6648096524_6648096525,32.8,27,246
2025-11-27 12:38:03.755421,6648096524_12024836052,19.45,132,713
2025-11-27 12:38:03.876318,6648096525_6648096524,32.8,27,246
2025-11-27 12:38:04.063609,6648096525_5710565212,37.2,3,31
2025-11-27 12:38:04.266756,6648227219_2291254028,24.84,50,345
2025-11-27 12:38:04.393852,6648227221_6648227219,23.4,4,26
2025-11-27 12:38:04.520057,6648227221_6648227224,33.26,50,462
2025-11-27 12:38:04.706919,6648227222_6648227224,34.8,3,29
2025-11-27 12:38:04.871045,6648227222_2175126939,18.34,32,163
2025-11-27 12:38:05.004682,6648227223_5828999542,18.32,34,173
2025-11-27 12:38:05.150637,6648227224_6648227223,36.0,3,30
2025-11-27 12:38:05.315299,6648227224_6648227221,30.8,54,462
2025-11-27 12:38:05.518994,6650810650_444874859,9.87,35,96
2025-11-27 12:38:05.672188,6650810650_1613087620,5.66,14,22
2025-11-27 12:38:05.830418,6650876736_5718916292,5.78,220,353
2025-11-27 12:38:05.997247,6650876736_6650876740,10.05,562,1569
2025-11-27 12:38:06.119077,6650876740_6650876736,11.57,61,196
2025-11-27 12:38:06.270631,6650876740_634709500,18.1,281,1413
2025-11-27 12:38:06.406490,6650982900_6650982901,25.08,153,1066
2025-11-27 12:38:06.541075,6650982900_6648227219,26.45,23,169
2025-11-27 12:38:06.676608,6650982901_6650982900,7.84,51,111
2025-11-27 12:38:06.823073,6650982901_444875375,4.87,34,46
2025-11-27 12:38:06.958467,6651770209_6651770210,4.87,17,23
2025-11-27 12:38:07.098753,6651770209_444875374,10.65,186,550
2025-11-27 12:38:07.229694,6651770210_6651770209,16.72,202,938
2025-11-27 12:38:07.358808,6651770210_5716670628,14.22,101,399
2025-11-27 12:38:07.496192,6658429241_10130533935,24.92,156,1080
2025-11-27 12:38:07.627214,6658429241_11014094287,19.54,28,152
2025-11-27 12:38:07.752253,6659072489_5710231827,19.63,31,169
2025-11-27 12:38:07.945100,6659072490_6659072489,7.04,23,45
2025-11-27 12:38:08.069984,6659072490_1878921405,22.8,18,114
2025-11-27 12:38:08.189774,6659072491_6659072492,21.6,6,36
2025-11-27 12:38:08.318046,6659072491_6610574244,21.76,23,139
2025-11-27 12:38:08.448300,6659072492_6659072490,28.15,22,172
2025-11-27 12:38:08.641691,6659134171_1758633112,17.3,103,495
2025-11-27 12:38:08.839437,6659134171_1884769977,27.9,12,93
2025-11-27 12:38:08.973276,6659134172_5954441640,25.2,15,105
2025-11-27 12:38:09.140250,6659134174_5716408768,11.95,72,239
2025-11-27 12:38:09.273490,6659134177_1314209716,18.0,17,85
2025-11-27 12:38:09.392369,6661055809_2050902820,28.8,1,8
2025-11-27 12:38:09.527726,6661055810_6661055809,5.52,90,138
2025-11-27 12:38:09.658224,6661055810_4961341860,4.41,31,38
2025-11-27 12:38:09.847226,6661055813_6662639319,8.26,17,39
2025-11-27 12:38:09.976179,6661487944_6661487945,19.72,128,701
2025-11-27 12:38:10.124866,6661487944_5641890822,25.72,139,993
2025-11-27 12:38:10.272116,6661487945_6661487944,19.08,10,53
2025-11-27 12:38:10.398319,6661487945_12908782868,25.96,19,137
2025-11-27 12:38:10.542168,6662241086_6662241087,20.0,9,50
2025-11-27 12:38:10.689031,6662241086_4025115175,16.75,213,991
2025-11-27 12:38:10.842331,6662241087_6662241086,17.68,91,447
2025-11-27 12:38:11.051255,6662241087_6662241094,16.45,79,361
2025-11-27 12:38:11.212879,6662241094_6662241095,15.41,57,244
2025-11-27 12:38:11.416891,6662241094_446030797,11.78,33,108
2025-11-27 12:38:11.557688,6662241095_6662241094,13.89,7,27
2025-11-27 12:38:11.705445,6662241095_6662241086,17.76,74,365
2025-11-27 12:38:11.834167,6662639319_2050902830,18.64,17,88
2025-11-27 12:38:11.979405,6666128977_5962836764,61.2,1,17
2025-11-27 12:38:12.107914,6666479030_8598733283,0.0,0,4
2025-11-27 12:38:12.237434,6670444529_6670444530,25.8,78,559
2025-11-27 12:38:12.377590,6670444529_420456683,28.57,16,127
2025-11-27 12:38:12.515588,6670444530_6670444529,2.7,20,15
2025-11-27 12:38:12.660825,6670444530_12513272960,31.25,22,191
2025-11-27 12:38:12.809214,6672531385_12872373346,20.37,38,215
2025-11-27 12:38:12.938007,6677147301_5489009621,13.8,6,23
2025-11-27 12:38:13.093556,6677147301_2050902835,23.66,21,138
2025-11-27 12:38:13.245267,6677147310_5485653490,21.9,12,73
2025-11-27 12:38:13.372570,6677300866_309685730,14.98,100,416
2025-11-27 12:38:13.496650,6677300866_6677364041,18.0,10,50
2025-11-27 12:38:13.646469,6677338241_98026475,14.59,37,150
2025-11-27 12:38:13.804018,6677338241_1314209698,17.02,11,52
2025-11-27 12:38:13.936874,6677364041_2295384939,24.3,8,54
2025-11-27 12:38:14.072625,6677687639_5707122750,16.56,10,46
2025-11-27 12:38:14.242370,6677687639_4538571818,33.22,419,3866
2025-11-27 12:38:14.388286,6677687648_1314191405,0.0,0,10
2025-11-27 12:38:14.563680,6677687648_5707122750,25.71,7,50
2025-11-27 12:38:14.707235,6677895172_1494041352,21.89,360,2189
2025-11-27 12:38:14.852298,6677895172_1494041351,26.26,17,124
2025-11-27 12:38:14.978327,6677895176_1494041352,34.8,3,29
2025-11-27 12:38:15.154409,6677895176_1494041351,20.24,148,832
2025-11-27 12:38:15.292314,6684737819_4540453404,24.53,27,184
2025-11-27 12:38:15.428516,6684737819_4540453400,41.78,43,499
2025-11-27 12:38:15.647390,6685236291_6685236292,18.44,73,374
2025-11-27 12:38:15.775049,6685236291_8231491408,26.55,24,177
2025-11-27 12:38:15.937289,6685236292_6685236291,10.0,9,25
2025-11-27 12:38:16.070738,6685236292_4961341859,12.83,46,164
2025-11-27 12:38:16.199744,6685434573_6662241087,27.36,10,76
2025-11-27 12:38:16.362161,6687964478_442990465,14.97,165,686
2025-11-27 12:38:16.490130,6687964478_5716241017,19.35,8,43
2025-11-27 12:38:16.643066,6688471376_5686449780,14.2,252,994
2025-11-27 12:38:16.834716,6688471376_7920618647,9.63,108,289
2025-11-27 12:38:17.050765,6688490814_6647145130,4.98,26,36
2025-11-27 12:38:17.280005,6688490814_5485653490,25.09,32,223
2025-11-27 12:38:17.491462,6688503842_6405794494,24.0,3,20
2025-11-27 12:38:17.698513,6688503847_1758631175,9.16,11,28
2025-11-27 12:38:17.840821,6688503847_6688503842,6.66,20,37
2025-11-27 12:38:18.016299,6688570392_6441639163,21.6,3,18
2025-11-27 12:38:18.218670,6688570392_6688570393,25.84,73,524
2025-11-27 12:38:18.396343,6688570393_6688570397,31.64,38,334
2025-11-27 12:38:18.533380,6688570397_6688570401,16.04,11,49
2025-11-27 12:38:18.718183,6688570397_12600043488,30.24,5,42
2025-11-27 12:38:18.855234,6688570401_6688570392,27.08,44,331
2025-11-27 12:38:19.040868,6689057478_6689057484,36.0,3,30
2025-11-27 12:38:19.260765,6689057478_6689057482,14.4,9,36
2025-11-27 12:38:19.385114,6689057482_6601012241,32.98,25,229
2025-11-27 12:38:19.594108,6689057484_13206202825,27.83,37,286
2025-11-27 12:38:19.791098,6689058288_6689057482,32.4,2,18
2025-11-27 12:38:19.966406,6689058288_6689057484,24.12,10,67
2025-11-27 12:38:20.094552,7301485388_1497544796,6.94,14,27
2025-11-27 12:38:20.281189,7920618640_5683715143,27.17,62,468
2025-11-27 12:38:20.447644,7920618640_5683715143,27.17,62,468
2025-11-27 12:38:20.577162,7920618647_4599745018,22.5,4,25
2025-11-27 12:38:20.732358,7920618647_7920618648,3.42,41,39
2025-11-27 12:38:20.885498,7920618648_5674347102,6.5,325,587
2025-11-27 12:38:21.110948,7920618648_10130533955,12.18,13,44
2025-11-27 12:38:21.269635,7920618648_4599745018,13.46,206,770
2025-11-27 12:38:21.483002,7985603136_98027697,18.6,6,31
2025-11-27 12:38:21.635735,7985603136_10130533953,17.34,284,1368
2025-11-27 12:38:21.790774,7985603138_5686449780,28.1,36,281
2025-11-27 12:38:21.959821,7985603147_7985603148,21.24,347,2047
2025-11-27 12:38:22.121425,7985603147_7920618640,26.61,712,5263
2025-11-27 12:38:22.275807,7985603148_7985603147,31.44,15,131
2025-11-27 12:38:22.401977,7985603148_6617292919,22.58,22,138
2025-11-27 12:38:22.593234,8231491408_8231491411,10.49,126,367
2025-11-27 12:38:22.747625,8231491408_5707161162,20.75,17,98
2025-11-27 12:38:22.878244,8231491411_8231491408,4.45,17,21
2025-11-27 12:38:23.034436,8231491411_6685236292,25.06,26,181
2025-11-27 12:38:23.170622,8237661942_2053894358,6.55,11,20
2025-11-27 12:38:23.310528,8237661942_308728680,16.2,66,297
2025-11-27 12:38:23.491047,8242664547_11107112958,20.52,375,2138
2025-11-27 12:38:23.647068,8242664547_12174413404,25.2,8,56
2025-11-27 12:38:23.781635,8242664547_12559133535,20.25,366,2059
2025-11-27 12:38:23.930903,8295729267_3779242655,45.1,36,451
2025-11-27 12:38:24.056008,8295729267_6600206282,25.67,46,328
2025-11-27 12:38:24.185493,8341509535_10743484787,25.2,2,14
2025-11-27 12:38:24.321951,8341509537_5485722628,20.67,70,402
2025-11-27 12:38:24.486319,8341509537_6413551907,25.2,2,14
2025-11-27 12:38:24.678685,8462967636_5710691044,54.0,1,15
2025-11-27 12:38:24.811588,8598733283_6666479030,7.2,2,4
2025-11-27 12:38:24.952756,8598733283_6688490814,21.6,11,66
2025-11-27 12:38:25.214196,8823455179_6661055810,13.67,417,1584
2025-11-27 12:38:25.344572,8823455180_8823455179,9.2,9,23
2025-11-27 12:38:25.467668,8823455180_98031401,9.77,7,19
2025-11-27 12:38:25.633281,8921282801_10202001781,7.7,36,77
2025-11-27 12:38:25.857509,9576908879_1314203096,10.38,17,49
2025-11-27 12:38:26.008524,9970440452_12484632695,25.6,18,128
2025-11-27 12:38:26.154305,9980229913_1497544764,21.8,106,642
2025-11-27 12:38:26.282056,9980229913_7301485388,23.59,47,308
2025-11-27 12:38:26.442532,10076263973_5710098650,28.01,123,957
2025-11-27 12:38:26.599604,10076263976_10076263977,10.16,51,144
2025-11-27 12:38:26.741726,10076263976_4540453394,12.48,124,430
2025-11-27 12:38:26.877619,10076263977_4540453396,30.6,2,17
2025-11-27 12:38:27.024408,10076263978_10076263979,3.1,29,25
2025-11-27 12:38:27.148018,10076263978_4542621501,5.14,14,20
2025-11-27 12:38:27.327842,10076263979_5093497426,27.0,2,15
2025-11-27 12:38:27.496421,10087376960_5641890823,18.72,10,52
2025-11-27 12:38:27.631715,10087376960_5641890821,34.2,16,152
2025-11-27 12:38:27.814579,10100966682_12513272960,17.98,147,734
2025-11-27 12:38:27.948886,10100966682_6685434573,17.42,62,300
2025-11-27 12:38:28.115370,10130533935_1495023340,15.96,375,1662
2025-11-27 12:38:28.249279,10130533953_4600895552,14.12,155,608
2025-11-27 12:38:28.403604,10130533953_7985603138,11.91,13,43
2025-11-27 12:38:28.582824,10130533953_98027697,4.06,31,35
2025-11-27 12:38:28.721462,10130533955_7985603147,30.11,22,184
2025-11-27 12:38:28.872337,10151536198_2570960524,26.9,36,269
2025-11-27 12:38:29.023487,10159724112_6666128977,54.0,1,15
2025-11-27 12:38:29.162548,10180671333_420522002,32.4,6,54
2025-11-27 12:38:29.328961,10180671333_98041254,7.6,18,38
2025-11-27 12:38:29.528928,10202001781_1881927757,19.05,89,471
2025-11-27 12:38:29.668308,10203920310_1881928279,25.2,2,14
2025-11-27 12:38:29.836841,10203920310_5718886024,19.54,14,76
2025-11-27 12:38:29.970868,10203920324_10203920325,14.4,3,12
2025-11-27 12:38:30.126768,10203920324_1881928007,0.0,12,0
2025-11-27 12:38:30.316513,10203920325_5718886024,10.8,1,3
2025-11-27 12:38:30.489276,10203920328_1881927759,0.0,0,0
2025-11-27 12:38:30.672362,10203920329_10203920328,17.6,63,308
2025-11-27 12:38:30.817576,10203920329_1219243636,5.29,32,47
2025-11-27 12:38:31.008788,10296445822_10997686363,22.65,195,1227
2025-11-27 12:38:31.214013,10296445822_10296445824,14.79,422,1734
2025-11-27 12:38:31.382441,10296445822_309816683,14.74,415,1699
2025-11-27 12:38:31.528180,10296445823_309816683,8.26,17,39
2025-11-27 12:38:31.701665,10296445823_10296445822,4.48,41,51
2025-11-27 12:38:31.843015,10296445824_5718916302,21.0,6,35
2025-11-27 12:38:32.023957,10542328776_6685605986,21.6,6,36
2025-11-27 12:38:32.172764,10542328776_1748294274,5.76,30,48
2025-11-27 12:38:32.336171,10542328776_13023100784,19.73,98,537
2025-11-27 12:38:32.470445,10682258584_6603014206,24.42,106,719
2025-11-27 12:38:32.686166,10682258584_6606566488,24.0,3,20
2025-11-27 12:38:32.833755,10743484787_8341509535,25.2,2,14
2025-11-27 12:38:32.965852,10743484787_6610228314,19.22,71,379
2025-11-27 12:38:33.121757,10743484787_8341509537,16.71,14,65
2025-11-27 12:38:33.253452,10965136434_420456595,8.4,6,14
2025-11-27 12:38:33.396736,10965136434_6621078250,29.9,36,299
2025-11-27 12:38:33.541032,10997686363_10296445822,15.37,346,1477
2025-11-27 12:38:33.687979,10997686363_11107112927,21.09,7,41
2025-11-27 12:38:33.869540,11014094287_11014094288,11.7,36,117
2025-11-27 12:38:34.011951,11014094287_1884765802,16.72,172,799
2025-11-27 12:38:34.170908,11014094288_11014094287,10.32,15,43
2025-11-27 12:38:34.297562,11014094288_1495023340,26.06,21,152
2025-11-27 12:38:34.468866,11107112919_438036727,21.6,10,60
2025-11-27 12:38:34.604210,11107112919_12559133535,30.6,2,17
2025-11-27 12:38:34.817648,11107112923_10997686363,29.52,5,41
2025-11-27 12:38:34.961146,11107112923_11107112927,27.26,7,53
2025-11-27 12:38:35.090595,11107112927_11107112935,27.0,4,30
2025-11-27 12:38:35.221998,11107112929_11107112919,0.0,0,0
2025-11-27 12:38:35.370934,11107112935_11107112929,22.95,8,51
2025-11-27 12:38:35.518111,11107112935_6644721587,20.36,368,2081
2025-11-27 12:38:35.737342,11107112958_8242664547,19.88,153,845
2025-11-27 12:38:35.977259,11111175323_11111175326,27.26,7,53
2025-11-27 12:38:36.107810,11111175326_6600206283,31.83,119,1052
2025-11-27 12:38:36.296209,11182265554_4540453378,21.97,39,238
2025-11-27 12:38:36.423396,11182265554_5716807749,32.95,13,119
2025-11-27 12:38:36.573920,11201648616_445970799,17.18,83,396
2025-11-27 12:38:36.771485,11209721500_11209721504,20.16,10,56
2025-11-27 12:38:37.007466,11209721504_13322115744,38.95,44,476
2025-11-27 12:38:37.144369,11700202516_11700202517,21.42,20,119
2025-11-27 12:38:37.297645,11700202516_10087376960,39.6,3,33
2025-11-27 12:38:37.445071,11700202517_11700202516,11.83,14,46
2025-11-27 12:38:37.581488,11700202517_4538405021,29.65,59,486
2025-11-27 12:38:37.778153,11768052436_4538405137,27.6,3,23
2025-11-27 12:38:37.903827,11768052436_11768052437,13.8,12,46
2025-11-27 12:38:38.100592,11768052437_1881949102,34.56,25,240
2025-11-27 12:38:38.227023,11950483412_1884765806,4.11,21,24
2025-11-27 12:38:38.372138,11950483412_11950483417,4.83,35,47
2025-11-27 12:38:38.533151,11950483417_1314209717,18.0,2,10
2025-11-27 12:38:38.673127,12024836052_2274969534,25.83,23,165
2025-11-27 12:38:38.825031,12174413404_8242664547,20.31,358,2020
2025-11-27 12:38:39.048729,12206582473_2570960524,24.45,135,917
2025-11-27 12:38:39.183615,12206582473_6661487944,30.87,54,463
2025-11-27 12:38:39.321794,12357580642_12357580645,9.08,23,58
2025-11-27 12:38:39.485125,12357580642_421080868,6.12,20,34
2025-11-27 12:38:39.623216,12357580645_1497544736,9.9,12,33
2025-11-27 12:38:39.793731,12375164794_12768097335,23.4,2,13
2025-11-27 12:38:39.970391,12375164795_12375164794,10.7,36,107
2025-11-27 12:38:40.095415,12375164795_2302166519,0.0,0,7
2025-11-27 12:38:40.256291,12375164797_1691398148,6.6,6,11
2025-11-27 12:38:40.402869,12375164797_12375164798,9.21,43,110
2025-11-27 12:38:40.537971,12375164798_2302164518,26.46,20,147
2025-11-27 12:38:40.722906,12484632695_12484632696,28.08,55,429
2025-11-27 12:38:40.907331,12484632695_12600043494,26.84,22,164
2025-11-27 12:38:41.038399,12484632696_5831399053,29.93,32,266
2025-11-27 12:38:41.160377,12513272960_10100966682,46.8,1,13
2025-11-27 12:38:41.307358,12513272960_5707407591,10.52,51,149
2025-11-27 12:38:41.450653,12559133535_11107112958,34.2,8,76
2025-11-27 12:38:41.606793,12559133535_8242664547,23.23,31,200
2025-11-27 12:38:41.741859,12600043488_12484632696,28.97,21,169
2025-11-27 12:38:41.893117,12600043494_6688570401,29.4,6,49
2025-11-27 12:38:42.058637,12600043494_12600043488,28.8,12,96
2025-11-27 12:38:42.204042,12606538099_4539684490,39.51,41,450
2025-11-27 12:38:42.366147,12606538104_5710222986,13.96,139,539
2025-11-27 12:38:42.581725,12725862784_4541105059,21.97,194,1184
2025-11-27 12:38:42.712808,12725862785_12725862784,18.9,4,21
2025-11-27 12:38:42.928883,12725862785_10151536198,30.0,6,50
2025-11-27 12:38:43.179996,12768097332_1881927756,6.0,12,20
2025-11-27 12:38:43.350445,12768097332_12768097335,9.0,18,45
2025-11-27 12:38:43.494581,12816414542_5718916293,21.2,9,53
2025-11-27 12:38:43.627699,12816414542_98035472,7.17,116,231
2025-11-27 12:38:43.782180,12816414547_5718916292,10.08,5,14
2025-11-27 12:38:43.919827,12872373345_12872373346,8.0,9,20
2025-11-27 12:38:44.060587,12872373345_10203920310,18.0,42,210
2025-11-27 12:38:44.266270,12872373346_12872373345,9.0,8,20
2025-11-27 12:38:44.393685,12872373346_1219243660,13.42,11,41
2025-11-27 12:38:44.528487,12908782868_10151536198,28.8,7,56
2025-11-27 12:38:44.689231,12908782868_12725862784,36.0,5,50
2025-11-27 12:38:44.919788,13023100784_10542328776,18.41,105,537
2025-11-27 12:38:45.091274,13023100784_13023100793,0.0,3,0
2025-11-27 12:38:45.233890,13023100793_13023100794,0.0,0,1
2025-11-27 12:38:45.384745,13023100793_420456583,15.47,169,726
2025-11-27 12:38:45.528360,13023100794_442993523,14.94,87,361
2025-11-27 12:38:45.737157,13023100794_13023100784,0.0,0,1
2025-11-27 12:38:45.870273,13206202825_4538405017,36.32,89,898
2025-11-27 12:38:46.064691,13206202825_4538405006,27.6,51,391
2025-11-27 12:38:46.201699,13282498392_8295729267,27.68,16,123
2025-11-27 12:38:46.353789,13282498392_13282498396,36.57,44,447
2025-11-27 12:38:46.503078,13282498396_6600206282,20.16,190,1064
2025-11-27 12:38:46.667870,13282498396_6600206283,11.28,15,47
2025-11-27 12:38:46.813761,13282498396_13282511305,28.38,17,134
2025-11-27 12:38:46.976722,13282511304_5710691045,36.51,7,71
2025-11-27 12:38:47.127876,13282511305_5598303159,0.0,0,5
2025-11-27 12:38:47.330557,13282511305_13282511304,37.9,74,779
2025-11-27 12:38:47.491847,13322115743_13322115744,27.8,137,1058
2025-11-27 12:38:47.649844,13322115743_5707262958,27.91,61,473
2025-11-27 12:38:47.815442,13322115744_13322115743,20.62,143,819
2025-11-27 12:38:47.966681,13322115744_1879088106,30.87,33,283
2025-11-27 12:38:48.149490,13327548965_13327548966,34.2,2,19
2025-11-27 12:38:48.280634,13327548966_10202001781,15.72,52,227
2025-11-27 12:38:48.446688,13327548966_13327548968,18.86,75,393
2025-11-27 12:38:48.586325,13327548967_2185731479,24.48,25,170
2025-11-27 12:38:48.783739,13327548967_13327548965,16.99,121,571
2025-11-27 12:38:48.920124,13327548968_13327548967,28.8,3,24
2025-11-27 12:41:01.262608,81805393_11950483412,4.15,13,15
2025-11-27 12:41:01.422298,81805393_1884765798,13.73,243,927
2025-11-27 12:41:01.545158,81806535_1497544749,12.44,11,38
2025-11-27 12:41:01.686784,81806535_5707161153,9.37,111,289
2025-11-27 12:41:01.823403,98026475_6677338241,17.27,128,614
2025-11-27 12:41:01.994186,98027697_4599745018,10.15,11,31
2025-11-27 12:41:02.129064,98027697_7985603138,21.6,6,36
2025-11-27 12:41:02.345389,98027697_10130533953,16.96,153,721
2025-11-27 12:41:02.470716,98031401_6661055810,0.0,13,0
2025-11-27 12:41:02.627210,98031401_8823455179,12.13,81,273
2025-11-27 12:41:02.758621,98035472_309816683,16.77,155,722
2025-11-27 12:41:02.902683,98035472_12816414547,15.62,207,898
2025-11-27 12:41:03.045130,98035472_5718916293,16.4,9,41
2025-11-27 12:41:03.192170,98041254_420456615,9.36,5,13
2025-11-27 12:41:03.334598,98041254_420522002,24.48,5,34
2025-11-27 12:41:03.476967,98041257_98041849,14.91,7,29
2025-11-27 12:41:03.616927,98041257_5710673974,15.84,5,22
2025-11-27 12:41:03.761051,98041257_5710673979,32.4,3,27
2025-11-27 12:41:03.903274,98041849_98041257,10.44,10,29
2025-11-27 12:41:04.039693,98041849_5718871870,18.9,4,21
2025-11-27 12:41:04.193205,98041849_733429120,6.5,36,65
2025-11-27 12:41:04.323256,98041851_98041254,23.71,159,1047
2025-11-27 12:41:04.465398,98041851_2084132002,34.2,4,38
2025-11-27 12:41:04.592706,98042270_309816682,19.18,116,618
2025-11-27 12:41:04.757033,98042270_6677300866,18.37,58,296
2025-11-27 12:41:04.896249,106078638_6587651051,36.0,5,50
2025-11-27 12:41:05.051342,106078638_442990465,25.71,7,50
2025-11-27 12:41:05.213920,106108917_2174649904,8.78,16,39
2025-11-27 12:41:05.354180,106108917_2176926218,22.6,94,590
2025-11-27 12:41:05.512062,106111364_6644672135,21.77,21,127
2025-11-27 12:41:05.650903,106111364_446030797,15.83,212,932
2025-11-27 12:41:05.791317,283139229_444875375,9.0,8,20
2025-11-27 12:41:05.936235,283139229_5718871870,15.93,176,779
2025-11-27 12:41:06.091273,283139229_6650982900,27.0,6,45
2025-11-27 12:41:06.226359,283139237_5206119178,21.56,88,527
2025-11-27 12:41:06.354391,283139237_2188036136,25.08,30,209
2025-11-27 12:41:06.499601,308728680_1314203102,10.2,6,17
2025-11-27 12:41:06.665275,308728680_310729950,14.67,213,868
2025-11-27 12:41:06.805338,308728680_2289997644,18.58,25,129
2025-11-27 12:41:06.960865,309595522_6666479030,10.44,10,29
2025-11-27 12:41:07.115913,309685730_6677300866,14.91,7,29
2025-11-27 12:41:07.249765,309685730_2195296719,18.3,134,681
2025-11-27 12:41:07.438289,309685730_309816682,21.46,51,304
2025-11-27 12:41:07.576124,309816682_98042270,8.51,11,26
2025-11-27 12:41:07.775732,309816682_5718916274,17.32,64,308
2025-11-27 12:41:07.986584,309816683_98035472,9.49,63,166
2025-11-27 12:41:08.139158,309816683_10296445822,13.57,239,901
2025-11-27 12:41:08.301209,309816683_10296445824,15.75,8,35
2025-11-27 12:41:08.441386,310729950_6677364041,9.71,33,89
2025-11-27 12:41:08.577003,310729950_6677300866,6.38,22,39
2025-11-27 12:41:08.719842,317366886_444501629,6.87,11,21
2025-11-27 12:41:08.884769,317366886_4540453399,19.11,146,775
2025-11-27 12:41:09.015550,317778303_427847910,9.0,8,20
2025-11-27 12:41:09.149968,317778303_5716477056,33.2,36,332
2025-11-27 12:41:09.311514,319490613_1104490487,24.51,136,926
2025-11-27 12:41:09.461663,420456583_6621078251,29.45,11,90
2025-11-27 12:41:09.619084,420456583_13023100793,16.29,19,86
2025-11-27 12:41:09.748413,420456595_10965136434,2.52,20,14
2025-11-27 12:41:09.882504,420456595_4541071715,13.8,78,299
2025-11-27 12:41:10.028110,420456615_733429120,15.43,7,30
2025-11-27 12:41:10.232066,420456615_98041257,9.65,25,67
2025-11-27 12:41:10.403293,420456683_5710231827,17.84,114,565
2025-11-27 12:41:10.541843,420456683_5206119178,15.97,16,71
2025-11-27 12:41:10.735809,420456683_1878932244,29.86,17,141
2025-11-27 12:41:10.925664,420457653_11107112923,28.42,38,300
2025-11-27 12:41:11.093517,420460217_1878921396,19.95,323,1790
2025-11-27 12:41:11.228198,420460217_4004297090,4.5,60,75
2025-11-27 12:41:11.422467,420522002_6587550954,26.64,10,74
2025-11-27 12:41:11.640552,421080868_4961341856,11.52,10,32
2025-11-27 12:41:11.788255,421080868_12357580645,13.92,106,410
2025-11-27 12:41:11.923142,427847910_2291072476,18.0,3,15
2025-11-27 12:41:12.124155,427847910_1495030951,21.6,6,36
2025-11-27 12:41:12.288194,428673752_421080868,13.62,83,314
2025-11-27 12:41:12.425739,428673752_2291064324,16.36,11,50
2025-11-27 12:41:12.601943,436383687_5710222987,30.13,19,159
2025-11-27 12:41:12.728190,436388447_2295384939,4.91,11,15
2025-11-27 12:41:12.878804,436388447_309685730,11.16,30,93
2025-11-27 12:41:13.024863,442990465_106078638,17.67,87,427
2025-11-27 12:41:13.178948,442990465_6687964478,13.42,184,686
2025-11-27 12:41:13.337892,442990465_6587651051,15.94,7,31
2025-11-27 12:41:13.541119,442993523_13023100794,18.3,71,361
2025-11-27 12:41:13.708043,444394912_2701184883,16.45,300,1371
2025-11-27 12:41:13.832018,444394912_4538405026,27.26,14,106
2025-11-27 12:41:13.962641,444394912_5716537702,6.35,34,60
2025-11-27 12:41:14.091442,444398125_444393381,17.46,20,97
2025-11-27 12:41:14.227810,444398125_2186671584,5.4,6,9
2025-11-27 12:41:14.376729,444501629_2291073251,12.96,5,18
2025-11-27 12:41:14.563000,444501629_2186671586,15.67,17,74
2025-11-27 12:41:14.692136,444501637_6648227221,46.8,2,26
2025-11-27 12:41:14.824911,444501637_6650982901,26.77,23,171
2025-11-27 12:41:14.951087,444874857_444875374,8.74,7,17
2025-11-27 12:41:15.098078,444874857_6651770210,28.8,45,360
2025-11-27 12:41:15.238058,444874859_6650810650,22.89,106,674
2025-11-27 12:41:15.368862,444874859_5710565212,29.93,16,133
2025-11-27 12:41:15.555435,444875109_448838032,9.26,7,18
2025-11-27 12:41:15.690657,444875109_5709996125,17.01,98,463
2025-11-27 12:41:15.826298,444875130_1613087628,18.0,4,20
2025-11-27 12:41:15.954430,444875130_1758170763,27.9,4,31
2025-11-27 12:41:16.078104,444875374_444875109,11.98,49,163
2025-11-27 12:41:16.203111,444875374_283139229,20.22,13,73
2025-11-27 12:41:16.343366,444875375_283139229,8.0,9,20
2025-11-27 12:41:16.471656,444875375_444875109,9.83,26,71
2025-11-27 12:41:16.673455,444875375_2188036136,20.65,117,671
2025-11-27 12:41:16.810298,445970096_2050902830,13.5,4,15
2025-11-27 12:41:17.006695,445970096_8823455180,11.31,28,88
2025-11-27 12:41:17.142702,445970127_2050902827,11.7,4,13
2025-11-27 12:41:17.348610,445970127_2050902832,26.78,16,119
2025-11-27 12:41:17.495790,445970799_1884776799,14.76,151,619
2025-11-27 12:41:17.699142,445970799_2291064328,15.15,24,101
2025-11-27 12:41:17.838731,446030797_2176926218,13.37,7,26
2025-11-27 12:41:18.061466,446030797_2174649904,21.27,98,579
2025-11-27 12:41:18.192407,446030797_106111364,17.85,48,238
2025-11-27 12:41:18.319469,448838032_444874857,11.4,6,19
2025-11-27 12:41:18.452507,448838032_2175126932,22.5,8,50
2025-11-27 12:41:18.661605,634709500_1613087622,17.69,303,1489
2025-11-27 12:41:18.789625,634709500_6650876740,24.96,15,104
2025-11-27 12:41:18.915413,733429120_98041851,10.2,6,17
2025-11-27 12:41:19.062655,733429120_6651770209,36.25,43,433
2025-11-27 12:41:19.184201,1104490487_319490613,8.1,8,18
2025-11-27 12:41:19.311469,1104490487_12357580642,23.64,164,1077
2025-11-27 12:41:19.440700,1219243636_1220930858,12.96,5,18
2025-11-27 12:41:19.565081,1219243636_1881928280,21.6,7,42
2025-11-27 12:41:19.761476,1219243660_12872373346,10.54,14,41
2025-11-27 12:41:19.973181,1220930858_1221053112,5.6,9,14
2025-11-27 12:41:20.115703,1220930858_10203920325,23.14,7,45
2025-11-27 12:41:20.325480,1220930867_12872373345,13.8,12,46
2025-11-27 12:41:20.471952,1221053112_1748294231,10.8,6,18
2025-11-27 12:41:20.624435,1221053112_1881928008,30.96,5,43
2025-11-27 12:41:20.756233,1221161727_1884747787,15.43,7,30
2025-11-27 12:41:20.905451,1221161727_3779255487,21.97,253,1544
2025-11-27 12:41:21.037003,1221161730_4106937190,19.8,12,66
2025-11-27 12:41:21.167094,1221161730_1221161727,5.06,37,52
2025-11-27 12:41:21.326891,1312645244_1691398148,11.7,4,13
2025-11-27 12:41:21.459439,1312645244_12375164798,19.8,2,11
2025-11-27 12:41:21.592382,1312650077_1838584736,17.1,4,19
2025-11-27 12:41:21.732543,1312650077_1879088108,19.84,168,926
2025-11-27 12:41:21.876561,1312650079_1887751321,14.4,5,20
2025-11-27 12:41:22.033879,1312650079_2185731477,26.55,8,59
2025-11-27 12:41:22.175485,1314185585_4539132165,44.04,103,1260
2025-11-27 12:41:22.336439,1314185648_4539132165,26.19,29,211
2025-11-27 12:41:22.465303,1314185653_2326674288,43.2,1,12
2025-11-27 12:41:22.605094,1314185677_1314191420,24.45,169,1148
2025-11-27 12:41:22.768648,1314185677_6621357112,28.68,146,1163
2025-11-27 12:41:22.916456,1314191398_106070559,33.88,429,4037
2025-11-27 12:41:23.070304,1314191405_5707122750,33.46,415,3857
2025-11-27 12:41:23.212434,1314191405_4538571818,40.2,6,67
2025-11-27 12:41:23.350954,1314191414_436383687,24.48,5,34
2025-11-27 12:41:23.481465,1314191415_1314191414,8.76,67,163
2025-11-27 12:41:23.614904,1314191415_4539674875,5.21,56,81
2025-11-27 12:41:23.746260,1314191417_4930438606,39.6,14,154
2025-11-27 12:41:23.871848,1314191420_4539674875,8.75,44,107
2025-11-27 12:41:24.001250,1314191420_5709923602,10.88,138,417
2025-11-27 12:41:24.124529,1314191436_6621426601,5.17,23,33
2025-11-27 12:41:24.252513,1314191436_5709923601,19.8,32,176
2025-11-27 12:41:24.380277,1314203096_2053894358,22.45,38,237
2025-11-27 12:41:24.514402,1314203102_308728680,16.77,132,615
2025-11-27 12:41:24.645425,1314203102_1314203096,17.02,11,52
2025-11-27 12:41:24.787359,1314209691_1495020912,14.84,140,577
2025-11-27 12:41:24.919490,1314209691_6405794494,8.95,33,82
2025-11-27 12:41:25.052122,1314209698_1884765802,10.8,6,18
2025-11-27 12:41:25.238958,1314209698_11014094288,24.0,6,40
2025-11-27 12:41:25.604702,1314209699_11950483417,18.6,6,31
2025-11-27 12:41:25.733429,1314209699_1884765806,14.42,220,881
2025-11-27 12:41:25.866183,1314209716_6677895172,27.81,29,224
2025-11-27 12:41:26.023536,1314209716_1887748894,19.58,178,968
2025-11-27 12:41:26.156847,1314209717_6659134174,23.62,16,105
2025-11-27 12:41:26.290711,1475295085_1475295086,21.6,8,48
2025-11-27 12:41:26.422991,1475295085_1312645244,19.39,75,404
2025-11-27 12:41:26.589637,1475295086_1475295085,25.92,321,2311
2025-11-27 12:41:26.710598,1475295086_1879091756,36.05,77,771
2025-11-27 12:41:26.858780,1494041345_6677895176,20.16,5,28
2025-11-27 12:41:26.987333,1494041345_4004297090,9.51,39,103
2025-11-27 12:41:27.122299,1494041351_1494041366,31.54,21,184
2025-11-27 12:41:27.256987,1494041352_1494041374,29.05,29,234
2025-11-27 12:41:27.403148,1494041366_1878932244,22.58,88,552
2025-11-27 12:41:27.528870,1494041366_6670444530,28.27,34,267
2025-11-27 12:41:27.671962,1494041374_1758633098,17.5,80,389
2025-11-27 12:41:27.790162,1495020912_1758631175,12.86,7,25
2025-11-27 12:41:27.927095,1495020912_6688503842,16.8,6,28
2025-11-27 12:41:28.072253,1495022225_634709500,20.7,4,23
2025-11-27 12:41:28.205531,1495023340_1314209691,18.1,107,538
2025-11-27 12:41:28.328686,1495025257_6648096525,37.2,3,31
2025-11-27 12:41:28.465481,1495025257_6650810650,20.1,24,134
2025-11-27 12:41:28.587532,1495030950_1495030951,17.67,11,54
2025-11-27 12:41:28.716915,1495030950_427847910,8.33,16,37
2025-11-27 12:41:28.841928,1495030951_317366886,14.5,182,733
2025-11-27 12:41:28.962738,1497544719_428673752,6.82,19,36
2025-11-27 12:41:29.102411,1497544719_1904353550,9.6,21,56
2025-11-27 12:41:29.227282,1497544736_5707161153,15.6,6,26
2025-11-27 12:41:29.350968,1497544736_5707161151,13.85,26,100
2025-11-27 12:41:29.484129,1497544738_5707161163,15.12,5,21
2025-11-27 12:41:29.616818,1497544749_5706891499,19.37,21,113
2025-11-27 12:41:29.746932,1497544764_9980229913,20.84,33,191
2025-11-27 12:41:29.884791,1497544764_5706896622,25.2,12,84
2025-11-27 12:41:30.038002,1497544796_7301485388,22.23,131,809
2025-11-27 12:41:30.169457,1497544796_5704011299,21.72,207,1249
2025-11-27 12:41:30.303788,1497544796_1497544764,22.56,49,307
2025-11-27 12:41:30.438925,1498038039_420457653,9.04,51,128
2025-11-27 12:41:30.570785,1498111685_10180671333,10.8,5,15
2025-11-27 12:41:30.705469,1498111685_5716649671,13.8,12,46
2025-11-27 12:41:30.829014,1613087620_444875130,9.36,5,13
2025-11-27 12:41:30.953947,1613087620_5716616005,14.64,15,61
2025-11-27 12:41:31.082846,1613087622_1613087620,20.19,128,718
2025-11-27 12:41:31.209821,1613087622_444874859,24.0,3,20
2025-11-27 12:41:31.403361,1613087628_1613087622,15.3,4,17
2025-11-27 12:41:31.555868,1613087628_1495022225,20.7,8,46
2025-11-27 12:41:31.697332,1691398148_1881927756,23.58,255,1670
2025-11-27 12:41:31.824645,1692627215_6631796343,25.02,39,271
2025-11-27 12:41:31.955633,1692627215_1919720738,29.7,4,33
2025-11-27 12:41:32.086811,1699561405_1849738362,6.34,21,37
2025-11-27 12:41:32.247853,1699561405_5716544649,33.63,711,6642
2025-11-27 12:41:32.380475,1748294231_1219243636,7.2,7,14
2025-11-27 12:41:32.521500,1748294231_10203920328,21.15,8,47
2025-11-27 12:41:32.662991,1748294250_1748294257,8.4,6,14
2025-11-27 12:41:32.827806,1748294250_10203920324,17.86,26,129
2025-11-27 12:41:32.951817,1748294257_1748294250,8.4,6,14
2025-11-27 12:41:33.097864,1748294257_1919751060,19.67,56,306
2025-11-27 12:41:33.243853,1748294274_5710673974,18.47,116,595
2025-11-27 12:41:33.377492,1748294274_10542328776,3.39,51,48
2025-11-27 12:41:33.510633,1758170763_12024836052,26.16,15,109
2025-11-27 12:41:33.639153,1758170772_6648096523,8.4,6,14
2025-11-27 12:41:33.769906,1758170772_1495022225,9.93,33,91
2025-11-27 12:41:33.892423,1758629824_5683792676,11.7,4,13
2025-11-27 12:41:34.023275,1758631175_1314209699,20.4,3,17
2025-11-27 12:41:34.153116,1758631175_1884769979,18.0,8,40
2025-11-27 12:41:34.294783,1758633098_1758633108,27.6,3,23
2025-11-27 12:41:34.448747,1758633098_81805393,19.45,279,1507
2025-11-27 12:41:34.573348,1758633108_6659134174,31.2,3,26
2025-11-27 12:41:34.710505,1758633108_1758633112,23.0,80,511
2025-11-27 12:41:34.839469,1758633112_6659134172,19.7,214,1171
2025-11-27 12:41:34.960194,1758633112_1758633108,29.5,31,254
2025-11-27 12:41:35.093970,1758651218_6610574244,21.39,17,101
2025-11-27 12:41:35.219828,1758651218_6606566485,23.33,83,538
2025-11-27 12:41:35.365965,1838584736_1312650079,19.6,9,49
2025-11-27 12:41:35.490191,1838584736_1879088105,26.18,11,80
2025-11-27 12:41:35.618666,1849738362_1699561405,3.81,35,37
2025-11-27 12:41:35.753091,1849738362_5898769297,38.84,57,615
2025-11-27 12:41:35.879787,1878921396_6659072489,9.0,2,5
2025-11-27 12:41:36.062099,1878921403_5686426699,31.93,54,479
2025-11-27 12:41:36.204770,1878921403_5686426699,32.95,52,476
2025-11-27 12:41:36.351201,1878921405_1878921403,19.08,20,106
2025-11-27 12:41:36.496109,1878932244_1494041366,10.0,9,25
2025-11-27 12:41:36.685834,1878932244_420460217,16.98,39,184
2025-11-27 12:41:36.901491,1879088105_1879091755,29.31,14,114
2025-11-27 12:41:37.093675,1879088106_1879088105,25.43,16,113
2025-11-27 12:41:37.249983,1879088106_1838584736,14.12,141,553
2025-11-27 12:41:37.374893,1879088107_1879088108,23.85,16,106
2025-11-27 12:41:37.505393,1879088107_1312650077,8.36,34,79
2025-11-27 12:41:37.634398,1879088108_13322115743,34.92,30,291
2025-11-27 12:41:37.761061,1879091753_1879091756,13.89,14,54
2025-11-27 12:41:37.955171,1879091753_1475295085,36.64,73,743
2025-11-27 12:41:38.087927,1879091755_5898769297,13.03,158,572
2025-11-27 12:41:38.235463,1879091755_1699561405,28.99,76,612
2025-11-27 12:41:38.387193,1879091756_1879091753,16.9,170,798
2025-11-27 12:41:38.606470,1879091756_1879088107,29.78,11,91
2025-11-27 12:41:38.730149,1881927756_2302166519,14.4,4,16
2025-11-27 12:41:38.852142,1881927756_12375164794,43.2,1,12
2025-11-27 12:41:39.055873,1881927757_1881928008,7.55,62,130
2025-11-27 12:41:39.188851,1881927757_1881927759,7.62,43,91
2025-11-27 12:41:39.336075,1881927757_1748294231,4.34,34,41
2025-11-27 12:41:39.505736,1881927759_6687964478,20.16,200,1120
2025-11-27 12:41:39.634610,1881928007_1881928008,24.8,9,62
2025-11-27 12:41:39.851211,1881928007_1221053112,4.8,30,40
2025-11-27 12:41:40.054600,1881928008_1881927757,9.2,9,23
2025-11-27 12:41:40.193822,1881928008_13327548968,21.0,120,700
2025-11-27 12:41:40.351352,1881928278_10203920329,0.0,0,6
2025-11-27 12:41:40.559169,1881928278_6672531385,27.82,11,85
2025-11-27 12:41:40.768860,1881928279_1881928280,5.94,80,132
2025-11-27 12:41:40.912863,1881928279_1220930858,3.16,49,43
2025-11-27 12:41:41.129098,1881928280_6672531385,43.2,1,12
2025-11-27 12:41:41.325446,1881949102_1881949103,28.8,8,64
2025-11-27 12:41:41.454946,1881949102_4539675829,33.1,46,423
2025-11-27 12:41:41.652176,1881949103_1881949102,29.36,64,522
2025-11-27 12:41:41.856207,1881949103_11768052436,31.47,27,236
2025-11-27 12:41:41.985271,1884747787_4538405005,15.12,5,21
2025-11-27 12:41:42.125770,1884747789_1884747787,15.6,15,65
2025-11-27 12:41:42.254158,1884747789_3779255487,4.85,23,31
2025-11-27 12:41:42.407259,1884765798_6658429241,20.54,95,542
2025-11-27 12:41:42.530041,1884765802_1758629824,10.29,7,20
2025-11-27 12:41:42.730263,1884765802_5674347102,12.96,5,18
2025-11-27 12:41:42.861646,1884765806_1495020912,5.7,12,19
2025-11-27 12:41:43.066158,1884765806_1884765798,16.13,214,959
2025-11-27 12:41:43.251728,1884768305_1314209717,22.68,10,63
2025-11-27 12:41:43.386774,1884768305_1314209699,3.81,35,37
2025-11-27 12:41:43.527988,1884769977_6688503847,7.71,7,15
2025-11-27 12:41:43.665385,1884769977_1884769979,25.2,9,63
2025-11-27 12:41:43.868518,1884769979_6644672133,20.1,12,67
2025-11-27 12:41:44.020818,1884776799_445970799,18.22,99,501
2025-11-27 12:41:44.208237,1884776799_5954441639,18.43,143,732
2025-11-27 12:41:44.357571,1887748894_5875603186,16.2,10,45
2025-11-27 12:41:44.557996,1887751321_1312650077,17.2,9,43
2025-11-27 12:41:44.699452,1887751321_2185731481,25.2,8,56
2025-11-27 12:41:44.885165,1897734810_1897734813,14.8,9,37
2025-11-27 12:41:45.101318,1897734810_5710222979,8.28,144,331
2025-11-27 12:41:45.318267,1897734813_1897734810,19.03,7,37
2025-11-27 12:41:45.460283,1897734813_5093497429,17.82,20,99
2025-11-27 12:41:45.652846,1901865134_1901865135,23.04,5,32
2025-11-27 12:41:45.787387,1901865134_5710136485,21.6,28,168
2025-11-27 12:41:45.926979,1901865135_1901865134,22.97,168,1072
2025-11-27 12:41:46.128029,1901865135_5710673956,29.06,42,339
2025-11-27 12:41:46.405305,1904353550_1884776799,17.49,21,102
2025-11-27 12:41:46.531223,1904360482_2174649908,8.8,9,22
2025-11-27 12:41:46.673947,1904360482_106108917,20.5,59,336
2025-11-27 12:41:46.866152,1919720738_6641911209,0.0,0,6
2025-11-27 12:41:47.006851,1919750981_6631796343,25.92,5,36
2025-11-27 12:41:47.143302,1919750981_1919720738,23.66,7,46
2025-11-27 12:41:47.296107,1919751043_1919751060,32.4,2,18
2025-11-27 12:41:47.493688,1919751043_1748294250,12.99,87,314
2025-11-27 12:41:47.644369,1919751060_1954877845,32.4,2,18
2025-11-27 12:41:47.863968,1919751060_1919751043,10.8,6,18
2025-11-27 12:41:48.041558,1954877845_1919750981,26.8,9,67
2025-11-27 12:41:48.253703,2050902820_98031401,8.4,9,21
2025-11-27 12:41:48.395865,2050902820_6662639319,16.2,6,27
2025-11-27 12:41:48.528015,2050902827_445970127,5.2,9,13
2025-11-27 12:41:48.658547,2050902827_2050902836,29.76,15,124
2025-11-27 12:41:48.800674,2050902830_445970096,13.5,4,15
2025-11-27 12:41:48.998672,2050902830_2050902833,25.2,18,126
2025-11-27 12:41:49.124045,2050902832_2050902833,3.6,13,13
2025-11-27 12:41:49.290174,2050902832_445970096,21.78,20,121
2025-11-27 12:41:49.448390,2050902833_2050902827,24.4,18,122
2025-11-27 12:41:49.662382,2050902833_2050902832,6.69,7,13
2025-11-27 12:41:49.789500,2050902835_2050902836,9.6,6,16
2025-11-27 12:41:49.980167,2050902835_445970127,28.8,15,120
2025-11-27 12:41:50.117800,2050902836_2050902835,5.76,10,16
2025-11-27 12:41:50.265251,2050902836_5489009621,29.01,17,137
2025-11-27 12:41:50.400800,2053894358_8237661942,10.29,7,20
2025-11-27 12:41:50.539900,2053894358_2290010720,20.58,99,566
2025-11-27 12:41:50.745281,2084132002_5716649671,27.0,2,15
2025-11-27 12:41:50.944494,2084132003_5718871870,5.85,24,39
2025-11-27 12:41:51.080195,2084132003_5710673979,6.42,69,123
2025-11-27 12:41:51.202841,2084132003_98041849,2.94,38,31
2025-11-27 12:41:51.417739,2174649904_106108917,18.97,78,411
2025-11-27 12:41:51.545529,2174649904_2174649908,25.13,50,349
2025-11-27 12:41:51.692858,2174649908_1904360482,14.88,106,438
2025-11-27 12:41:51.818936,2174649908_4961341864,15.4,43,184
2025-11-27 12:41:51.947882,2175126932_6648227223,28.11,21,164
2025-11-27 12:41:52.149987,2175126939_2175126932,7.86,76,166
2025-11-27 12:41:52.335016,2175126939_444874857,4.2,42,49
2025-11-27 12:41:52.463336,2176926218_446030797,15.32,59,251
2025-11-27 12:41:52.612100,2176926218_6662241095,23.51,17,111
2025-11-27 12:41:52.825660,2176926218_5716616005,14.13,107,420
2025-11-27 12:41:53.028986,2185731222_1314191415,3.91,47,51
2025-11-27 12:41:53.245697,2185731222_436383687,5.67,132,208
2025-11-27 12:41:53.368712,2185731475_2185731477,27.49,11,84
2025-11-27 12:41:53.621803,2185731475_1312650079,6.14,34,58
2025-11-27 12:41:53.797472,2185731477_13327548965,28.8,21,168
2025-11-27 12:41:53.930771,2185731479_2185731481,32.4,9,81
2025-11-27 12:41:54.065257,2185731479_1887751321,5.26,39,57
2025-11-27 12:41:54.191718,2185731481_1879091753,32.12,13,116
2025-11-27 12:41:54.384599,2186671583_2186671586,3.6,9,9
2025-11-27 12:41:54.522878,2186671583_2291073251,4.99,44,61
2025-11-27 12:41:54.671190,2186671584_444398125,6.48,5,9
2025-11-27 12:41:54.803451,2186671584_2186671583,23.31,19,123
2025-11-27 12:41:54.996807,2186671585_2186671584,18.72,15,78
2025-11-27 12:41:55.122993,2186671586_2186671583,10.8,3,9
2025-11-27 12:41:55.245051,2186671586_444398125,17.13,29,138
2025-11-27 12:41:55.366622,2188036136_283139237,14.07,153,598
2025-11-27 12:41:55.500992,2188036136_444875375,6.87,66,126
2025-11-27 12:41:55.651600,2195296719_6644721587,0.0,0,4
2025-11-27 12:41:55.844206,2195296719_438036727,22.0,18,110
2025-11-27 12:41:55.989099,2195296719_309685730,15.52,158,681
2025-11-27 12:41:56.117904,2212544448_1314191436,8.64,5,12
2025-11-27 12:41:56.313698,2212544448_1314185648,19.96,44,244
2025-11-27 12:41:56.444754,2274969534_5828495464,4.15,13,15
2025-11-27 12:41:56.576853,2274969534_5718868836,28.05,43,335
2025-11-27 12:41:56.719611,2289976216_5718868836,25.88,95,683
2025-11-27 12:41:56.848305,2289976216_5828495464,26.64,45,333
2025-11-27 12:41:57.000556,2289997642_2289997644,4.4,9,11
2025-11-27 12:41:57.198047,2289997642_1314203102,11.49,42,134
2025-11-27 12:41:57.323376,2289997644_2289997642,9.9,4,11
2025-11-27 12:41:57.449819,2289997644_2289976216,25.02,20,139
2025-11-27 12:41:57.576561,2290010720_2290010722,6.3,8,14
2025-11-27 12:41:57.713540,2290010720_309595522,9.79,57,155
2025-11-27 12:41:57.838187,2290010722_2290010720,8.4,6,14
2025-11-27 12:41:57.964826,2290010722_8237661942,18.62,110,569
2025-11-27 12:41:58.087171,2291064324_319490613,20.88,20,116
2025-11-27 12:41:58.212257,2291064328_2291064324,19.64,11,60
2025-11-27 12:41:58.353931,2291064328_428673752,3.83,31,33
2025-11-27 12:41:58.501467,2291072469_317366886,8.64,5,12
2025-11-27 12:41:58.691086,2291072469_5710136488,16.31,162,734
2025-11-27 12:41:58.832350,2291072476_5710136485,10.8,6,18
2025-11-27 12:41:58.957481,2291072476_5710136487,28.8,4,32
2025-11-27 12:41:59.223862,2291073251_2291072469,11.31,7,22
2025-11-27 12:41:59.415500,2291073251_2291254030,24.73,38,261
2025-11-27 12:41:59.542684,2291254028_2291254030,12.24,10,34
2025-11-27 12:41:59.726505,2291254028_2291072469,12.46,76,263
2025-11-27 12:41:59.866017,2291254030_2291254028,21.77,189,1143
2025-11-27 12:42:00.051131,2291254030_444501637,27.76,45,347
2025-11-27 12:42:00.237456,2295384939_436388447,7.71,7,15
2025-11-27 12:42:00.434929,2295384939_5721511585,25.11,40,279
2025-11-27 12:42:00.557721,2302164518_2302164519,25.24,97,680
2025-11-27 12:42:00.680554,2302164518_5719031414,25.41,68,480
2025-11-27 12:42:00.870366,2302164519_2302164518,5.56,11,17
2025-11-27 12:42:01.000914,2302164519_12375164797,9.18,60,153
2025-11-27 12:42:01.125040,2302166519_1312645244,9.77,14,38
2025-11-27 12:42:01.321124,2302166519_1475295086,28.73,51,407
2025-11-27 12:42:01.449808,2303337176_1498038039,29.56,33,271
2025-11-27 12:42:01.580746,2326674277_5709923606,43.2,2,24
2025-11-27 12:42:01.705016,2326674277_2326674288,34.65,24,231
2025-11-27 12:42:01.828124,2326674281_5709923603,54.0,1,15
2025-11-27 12:42:01.960726,2326674281_1314191417,33.0,24,220
2025-11-27 12:42:02.097548,2326674288_4539674888,35.79,17,169
2025-11-27 12:42:02.295486,2570960524_12206582473,30.34,68,573
2025-11-27 12:42:02.418395,2570960524_5707647500,32.77,29,264
2025-11-27 12:42:02.581557,2584589542_5721511586,30.24,152,1277
2025-11-27 12:42:02.784332,2701058419_5716537675,14.72,45,184
2025-11-27 12:42:02.929735,2701184883_4539682086,20.7,28,161
2025-11-27 12:42:03.068277,3075526390_1919751043,28.8,3,24
2025-11-27 12:42:03.291531,3075526390_1954877845,23.6,9,59
2025-11-27 12:42:03.445084,3075526396_3075526390,27.45,8,61
2025-11-27 12:42:03.662569,3779255487_2701184883,16.9,290,1361
2025-11-27 12:42:03.795851,3779255487_5716537702,6.04,34,57
2025-11-27 12:42:04.005073,3779255494_4538405026,20.88,5,29
2025-11-27 12:42:04.143677,4004297090_1878921396,9.53,17,45
2025-11-27 12:42:04.301502,4004297090_1878921405,14.1,24,94
2025-11-27 12:42:04.430760,4025084971_6666128977,37.44,10,104
2025-11-27 12:42:04.586309,4025084971_4538571805,23.14,7,45
2025-11-27 12:42:04.724700,4025115175_5707407583,6.69,14,26
2025-11-27 12:42:04.852240,4025115175_5709996124,17.77,31,153
2025-11-27 12:42:05.090524,4027449781_6621078261,20.54,44,251
2025-11-27 12:42:05.230520,4106937190_4538404990,0.0,0,5
2025-11-27 12:42:05.374382,4538404990_13282498392,22.2,6,37
2025-11-27 12:42:05.513232,4538404991_4538405005,23.92,244,1621
2025-11-27 12:42:05.673882,4538404991_1221161727,22.34,479,2972
2025-11-27 12:42:05.884327,4538404998_3779255494,12.69,19,67
2025-11-27 12:42:06.022537,4538404998_1221161730,4.07,38,43
2025-11-27 12:42:06.148969,4538405005_4538405024,23.89,55,365
2025-11-27 12:42:06.308367,4538405006_1884747789,4.07,23,26
2025-11-27 12:42:06.458577,4538405006_2701184883,15.05,339,1417
2025-11-27 12:42:06.629263,4538405017_11700202516,32.74,53,482
2025-11-27 12:42:06.754413,4538405021_4538405024,40.3,77,862
2025-11-27 12:42:06.901781,4538405021_4538405061,31.08,432,3730
2025-11-27 12:42:07.058327,4538405024_6689058288,33.63,35,327
2025-11-27 12:42:07.258910,4538405026_4538405017,31.5,426,3728
2025-11-27 12:42:07.397448,4538405061_4538404998,14.4,6,24
2025-11-27 12:42:07.555692,4538405061_4106937190,7.2,154,308
2025-11-27 12:42:07.752718,4538405136_11768052437,29.23,75,609
2025-11-27 12:42:07.907289,4538405136_4538405137,31.13,68,588
2025-11-27 12:42:08.070676,4538405137_4540453395,13.29,26,96
2025-11-27 12:42:08.214997,4538571805_5707122780,36.02,196,1961
2025-11-27 12:42:08.353441,4538571805_4539675798,32.73,98,891
2025-11-27 12:42:08.549479,4538571806_4539675798,26.1,8,58
2025-11-27 12:42:08.678380,4538571806_5707122775,21.6,5,30
2025-11-27 12:42:08.875077,4538571818_1314191398,50.4,3,42
2025-11-27 12:42:09.095546,4539132150_4830545884,47.72,94,1246
2025-11-27 12:42:09.297278,4539132150_2326674277,29.77,26,215
2025-11-27 12:42:09.458342,4539132165_5716477055,18.58,37,191
2025-11-27 12:42:09.610387,4539674875_6621426593,28.35,8,63
2025-11-27 12:42:09.729558,4539674875_4539674879,7.01,37,72
2025-11-27 12:42:09.872541,4539674879_1314185677,23.28,15,97
2025-11-27 12:42:10.086635,4539674879_6628818468,26.74,7,52
2025-11-27 12:42:10.296891,4539674883_5716544649,43.66,31,376
2025-11-27 12:42:10.451423,4539674883_12606538099,57.91,92,1480
2025-11-27 12:42:10.616105,4539674888_1849738362,25.24,86,603
2025-11-27 12:42:10.808890,4539674888_3779255475,31.89,171,1515
2025-11-27 12:42:10.988487,4539675798_4538571805,33.45,410,3810
2025-11-27 12:42:11.201792,4539675798_5707122775,19.44,10,54
2025-11-27 12:42:11.350624,4539675798_10159724112,22.8,6,38
2025-11-27 12:42:11.537569,4539675829_444394912,22.1,29,178
2025-11-27 12:42:11.690488,4539682086_1881949103,28.29,56,440
2025-11-27 12:42:11.821070,4539682086_12606538104,26.52,60,442
2025-11-27 12:42:11.950914,4539684490_4539675829,30.53,50,424
2025-11-27 12:42:12.098777,4539684490_3779242655,55.08,90,1377
2025-11-27 12:42:12.227705,4540453369_4540453370,6.48,10,18
2025-11-27 12:42:12.350959,4540453370_4540453369,8.1,8,18
2025-11-27 12:42:12.496073,4540453370_5707271704,30.2,36,302
2025-11-27 12:42:12.780462,4540453378_5707271696,31.3,23,200
2025-11-27 12:42:12.903145,4540453393_4540453394,18.0,6,30
2025-11-27 12:42:13.049188,4540453393_10076263977,37.8,2,21
2025-11-27 12:42:13.173494,4540453394_5093497431,24.69,7,48
2025-11-27 12:42:13.306139,4540453394_4540453405,16.85,69,323
2025-11-27 12:42:13.435519,4540453395_4540453396,23.4,10,65
2025-11-27 12:42:13.563712,4540453395_4540453393,6.27,27,47
2025-11-27 12:42:13.695698,4540453396_4540453400,40.2,18,201
2025-11-27 12:42:13.901501,4540453399_10076263973,15.5,115,495
2025-11-27 12:42:14.096802,4540453399_5093497430,26.17,26,189
2025-11-27 12:42:14.252484,4540453400_444501629,15.25,320,1356
2025-11-27 12:42:14.396072,4540453404_10076263978,7.71,7,15
2025-11-27 12:42:14.552862,4540453404_4540453406,14.82,121,498
2025-11-27 12:42:14.681267,4540453405_4542621501,12.8,9,32
2025-11-27 12:42:14.811523,4540453405_10076263979,13.48,114,427
2025-11-27 12:42:14.941402,4540453406_4538405136,29.4,12,98
2025-11-27 12:42:15.152898,4541071715_4541071716,6.75,8,15
2025-11-27 12:42:15.366712,4541071715_6587550955,30.56,45,382
2025-11-27 12:42:15.521591,4541071716_4541071715,4.15,13,15
2025-11-27 12:42:15.642957,4541071716_10965136434,13.33,81,300
2025-11-27 12:42:15.833365,4541105058_5707271706,36.0,2,20
2025-11-27 12:42:15.977889,4541105059_4541105058,14.4,3,12
2025-11-27 12:42:16.207540,4541105059_11182265554,27.26,218,1651
2025-11-27 12:42:16.345950,4542621501_4540453393,13.68,10,38
2025-11-27 12:42:16.540985,4542621501_4540453406,24.0,6,40
2025-11-27 12:42:16.727022,4599745018_98027697,14.17,92,362
2025-11-27 12:42:16.885749,4599745018_10130533955,27.0,4,30
2025-11-27 12:42:17.051567,4599745018_7920618648,13.05,216,783
2025-11-27 12:42:17.297955,4600895552_10130533953,16.77,38,177
2025-11-27 12:42:17.482372,4600895552_6617292919,14.0,136,529
2025-11-27 12:42:17.614451,4830545876_6325815718,17.17,26,124
2025-11-27 12:42:17.744203,4830545876_5707122751,45.29,55,692
2025-11-27 12:42:17.892937,4830545884_106070559,57.7,37,593
2025-11-27 12:42:18.034925,4830545884_5707122751,39.76,22,243
2025-11-27 12:42:18.162793,4930425700_4930425704,36.16,23,231
2025-11-27 12:42:18.321491,4930425700_1314185585,52.24,43,624
2025-11-27 12:42:18.453147,4930425704_4025084971,57.6,2,32
2025-11-27 12:42:18.603047,4930438606_4830545876,52.2,2,29
2025-11-27 12:42:18.803745,4961341856_1497544719,10.73,100,298
2025-11-27 12:42:19.008625,4961341856_5707161154,20.62,11,63
2025-11-27 12:42:19.206474,4961341859_4961341860,9.33,125,324
2025-11-27 12:42:19.338403,4961341859_6661055809,4.85,23,31
2025-11-27 12:42:19.535219,4961341860_4961341865,7.46,14,29
2025-11-27 12:42:19.682065,4961341864_4961341859,8.64,10,24
2025-11-27 12:42:19.821827,4961341864_6685236291,25.2,23,161
2025-11-27 12:42:19.966871,4961341865_4961341864,16.67,84,389
2025-11-27 12:42:20.122554,4961341865_1904360482,20.59,32,183
2025-11-27 12:42:20.250491,5093497426_10076263973,27.45,24,183
2025-11-27 12:42:20.418454,5093497429_5093497426,18.98,11,58
2025-11-27 12:42:20.564314,5093497429_4540453405,9.12,15,38
2025-11-27 12:42:20.721485,5093497430_10076263976,2.88,30,24
2025-11-27 12:42:20.879029,5093497430_5093497431,27.6,9,69
2025-11-27 12:42:21.076473,5093497431_1897734810,21.15,16,94
2025-11-27 12:42:21.281988,5206119178_283139237,22.59,84,527
2025-11-27 12:42:21.511728,5206119178_420456683,22.17,182,1121
2025-11-27 12:42:21.659731,5485653490_5875623873,24.0,3,20
2025-11-27 12:42:21.804810,5485653490_6688490814,16.79,80,373
2025-11-27 12:42:21.951914,5485722628_6606566488,17.34,223,1074
2025-11-27 12:42:22.108064,5485722628_8341509537,20.97,69,402
2025-11-27 12:42:22.321341,5485722628_6610228314,9.82,22,60
2025-11-27 12:42:22.453833,5489009621_6677147310,23.4,4,26
2025-11-27 12:42:22.609644,5489009621_6677147301,20.74,25,144
2025-11-27 12:42:22.744330,5598303159_13282511305,0.0,0,5
2025-11-27 12:42:22.893538,5598303159_13282511304,36.66,76,774
2025-11-27 12:42:23.034044,5641890821_5641890822,25.58,189,1343
2025-11-27 12:42:23.203257,5641890821_6661487945,23.13,155,996
2025-11-27 12:42:23.362003,5641890822_5641890821,24.75,8,55
2025-11-27 12:42:23.485137,5641890822_5641890823,28.99,19,153
2025-11-27 12:42:23.645481,5641890823_10087376960,16.95,24,113
2025-11-27 12:42:23.774079,5641890823_11700202517,19.8,6,33
2025-11-27 12:42:23.984249,5645750065_9970440452,17.82,20,99
2025-11-27 12:42:24.109141,5645750065_9970440452,17.82,20,99
2025-11-27 12:42:24.233880,5674347102_1758629824,7.6,9,19
2025-11-27 12:42:24.391037,5674347102_7920618648,7.44,284,587
2025-11-27 12:42:24.586653,5683715143_1494041345,18.34,21,107
2025-11-27 12:42:24.719321,5683792676_1314209698,19.83,130,716
2025-11-27 12:42:24.866250,5683792676_98026475,21.6,8,48
2025-11-27 12:42:24.996649,5686426699_7985603148,35.2,9,88
2025-11-27 12:42:25.148212,5686449780_6688471376,27.6,9,69
2025-11-27 12:42:25.286619,5706891499_5706896622,22.29,131,811
2025-11-27 12:42:25.485697,5706891499_9980229913,21.09,14,82
2025-11-27 12:42:25.700178,5706896622_5706891499,12.86,7,25
2025-11-27 12:42:25.837088,5706896622_1497544738,12.77,42,149
2025-11-27 12:42:26.003174,5707122750_6677687648,31.46,363,3172
2025-11-27 12:42:26.161287,5707122750_1699561412,32.89,22,201
2025-11-27 12:42:26.282727,5707122751_6677687648,64.8,1,18
2025-11-27 12:42:26.437652,5707122775_10159724112,29.47,172,1408
2025-11-27 12:42:26.623252,5707122779_4538571806,35.82,20,199
2025-11-27 12:42:26.777599,5707122782_6677687639,29.1,24,194
2025-11-27 12:42:26.910661,5707161151_81806535,5.14,28,40
2025-11-27 12:42:27.070916,5707161153_1497544738,12.8,81,288
2025-11-27 12:42:27.267445,5707161153_5707161163,12.93,86,309
2025-11-27 12:42:27.421307,5707161153_1497544749,18.0,7,35
2025-11-27 12:42:27.550672,5707161154_8231491411,22.2,12,74
2025-11-27 12:42:27.827912,5707161162_1904353550,6.33,54,95
2025-11-27 12:42:28.012644,5707161162_1497544719,4.39,32,39
2025-11-27 12:42:28.224377,5707161163_5707161154,28.4,9,71
2025-11-27 12:42:28.412438,5707161163_4961341856,11.59,141,454
2025-11-27 12:42:28.589804,5707262958_6685466405,15.51,13,56
2025-11-27 12:42:28.738950,5707271696_4541105058,33.3,56,518
2025-11-27 12:42:28.949035,5707271700_5707271696,24.0,6,40
2025-11-27 12:42:29.100565,5707271703_5707271704,27.59,80,613
2025-11-27 12:42:29.228950,5707271703_4540453369,30.3,36,303
2025-11-27 12:42:29.348566,5707271704_5707271705,20.66,23,132
2025-11-27 12:42:29.547971,5707271705_4541105059,27.6,3,23
2025-11-27 12:42:29.706136,5707271705_12725862785,27.24,157,1188
2025-11-27 12:42:29.842938,5707271706_5707271705,26.21,121,881
2025-11-27 12:42:29.979680,5707271706_5707271703,26.4,18,132
2025-11-27 12:42:30.138359,5707407583_5707407590,22.8,3,19
2025-11-27 12:42:30.282119,5707407590_5707407591,8.4,6,14
2025-11-27 12:42:30.473178,5707407590_6670444529,27.41,44,335
2025-11-27 12:42:30.602548,5707407591_4025115175,15.12,5,21
2025-11-27 12:42:30.725529,5707407591_6685434573,23.33,27,175
2025-11-27 12:42:30.876811,5707647467_5707647500,26.41,197,1445
2025-11-27 12:42:31.002744,5707647467_12206582473,29.7,32,264
2025-11-27 12:42:31.138319,5707647500_5707647467,18.45,8,41
2025-11-27 12:42:31.282813,5707647500_6658364083,34.8,3,29
2025-11-27 12:42:31.420049,5707679597_11201648616,13.44,15,56
2025-11-27 12:42:31.626235,5709923601_1314185648,31.2,6,52
2025-11-27 12:42:31.783010,5709923602_1314191417,32.4,8,72
2025-11-27 12:42:31.922599,5709923603_5709923602,10.3,180,515
2025-11-27 12:42:32.073377,5709923603_6621357115,17.1,8,38
2025-11-27 12:42:32.241714,5709923606_1314185653,35.1,20,195
2025-11-27 12:42:32.394006,5709923606_6628818478,16.97,21,99
2025-11-27 12:42:32.550281,5709996124_5709996125,2.88,15,12
2025-11-27 12:42:32.688121,5709996124_448838032,4.37,205,249
2025-11-27 12:42:32.834055,5709996125_5709996124,6.17,7,12
2025-11-27 12:42:32.979894,5709996125_5707407583,13.26,41,151
2025-11-27 12:42:33.170928,5710098650_5716807750,12.86,7,25
2025-11-27 12:42:33.302522,5710098650_5717115613,35.36,28,275
2025-11-27 12:42:33.428770,5710136485_317778303,46.8,1,13
2025-11-27 12:42:33.689895,5710136487_1901865135,22.63,21,132
2025-11-27 12:42:33.818262,5710136488_5710136487,25.2,7,49
2025-11-27 12:42:34.039215,5710136488_2291072476,4.32,30,36
2025-11-27 12:42:34.170156,5710222979_2212544448,5.02,119,166
2025-11-27 12:42:34.297847,5710222986_5710222979,21.78,61,369
2025-11-27 12:42:34.449180,5710222986_3779255475,52.55,97,1416
2025-11-27 12:42:34.609386,5710222987_12606538099,26.62,61,451
2025-11-27 12:42:34.752999,5710222987_1897734813,24.5,398,2709
2025-11-27 12:42:34.880639,5710231827_1887748894,23.4,2,13
2025-11-27 12:42:35.034070,5710538391_5710538395,27.77,7,54
2025-11-27 12:42:35.163810,5710538391_11111175326,25.8,6,43
2025-11-27 12:42:35.303171,5710538395_5710691038,15.6,6,26
2025-11-27 12:42:35.447766,5710538395_5710691056,25.2,17,119
2025-11-27 12:42:35.666523,5710565212_5828999543,23.71,29,191
2025-11-27 12:42:35.823920,5710673956_5716670119,32.4,5,45
2025-11-27 12:42:35.962831,5710673956_2084132003,13.8,48,184
2025-11-27 12:42:36.147493,5710673974_5710673979,17.1,8,38
2025-11-27 12:42:36.289042,5710673974_98041257,8.8,9,22
2025-11-27 12:42:36.433583,5710673974_1748294274,18.15,118,595
2025-11-27 12:42:36.577315,5710673979_5710673992,30.6,22,187
2025-11-27 12:42:36.778374,5710673992_106078638,34.2,4,38
2025-11-27 12:42:36.936311,5710691038_5710538391,10.62,20,59
2025-11-27 12:42:37.125163,5710691038_5710691043,28.59,17,135
2025-11-27 12:42:37.330575,5710691044_5710691043,30.92,17,146
2025-11-27 12:42:37.458411,5710691044_5710691038,25.22,205,1436
2025-11-27 12:42:37.602181,5710691045_5710538395,9.34,47,122
2025-11-27 12:42:37.812600,5710691045_5710691056,34.63,21,202
2025-11-27 12:42:37.948599,5710691056_8462966000,29.52,5,41
2025-11-27 12:42:38.081659,5716241016_5716241017,26.23,7,51
2025-11-27 12:42:38.207718,5716241017_1881928278,22.97,166,1059
2025-11-27 12:42:38.347449,5716408768_1494035973,5.82,34,55
2025-11-27 12:42:38.493467,5716408768_6659134177,19.03,498,2632
2025-11-27 12:42:38.650372,5716408772_6659134177,19.35,8,43
2025-11-27 12:42:38.871628,5716477055_5716477056,23.25,111,717
2025-11-27 12:42:38.996563,5716477055_1495030950,23.4,46,299
2025-11-27 12:42:39.139083,5716477056_5716477055,7.65,16,34
2025-11-27 12:42:39.268513,5716477056_4539132150,18.88,37,194
2025-11-27 12:42:39.412441,5716537675_4538404990,10.16,17,48
2025-11-27 12:42:39.536614,5716537675_4538404991,14.91,7,29
2025-11-27 12:42:39.665488,5716537702_3779255494,19.8,8,44
2025-11-27 12:42:39.903681,5716537702_1221161730,8.89,17,42
2025-11-27 12:42:40.028830,5716544649_2326674281,34.94,17,165
2025-11-27 12:42:40.220185,5716616005_444875130,5.76,40,64
2025-11-27 12:42:40.453749,5716616005_2176926218,14.64,103,419
2025-11-27 12:42:40.711033,5716649671_5716670117,29.25,317,2576
2025-11-27 12:42:40.945384,5716670117_5718916301,29.59,32,263
2025-11-27 12:42:41.070421,5716670118_5716670117,31.69,204,1796
2025-11-27 12:42:41.199009,5716670118_5716670119,34.2,50,475
2025-11-27 12:42:41.366926,5716670119_5710673992,18.36,221,1127
2025-11-27 12:42:41.503222,5716670119_5716670118,27.2,144,1088
2025-11-27 12:42:41.666706,5716670621_5716670118,24.69,149,1022
2025-11-27 12:42:41.816594,5716670621_1498111685,29.55,24,197
2025-11-27 12:42:42.062127,5716670628_2084132002,10.42,19,55
2025-11-27 12:42:42.288555,5716670628_98041851,20.93,194,1128
2025-11-27 12:42:42.431715,5716807749_5717115613,29.98,67,558
2025-11-27 12:42:42.626926,5716807749_5716807750,35.49,28,276
2025-11-27 12:42:42.803336,5716807750_5710098650,26.14,180,1307
2025-11-27 12:42:42.934162,5716807750_6684737819,28.44,121,956
2025-11-27 12:42:43.064398,5717115613_5716807749,25.2,4,28
2025-11-27 12:42:43.249359,5717115613_4540453378,30.6,14,119
2025-11-27 12:42:43.381832,5718868836_2289976216,5.76,10,16
2025-11-27 12:42:43.504930,5718868836_2289997642,22.38,23,143
2025-11-27 12:42:43.702562,5718871870_283139229,14.16,198,779
2025-11-27 12:42:43.915665,5718871870_98041849,3.29,23,21
2025-11-27 12:42:44.054800,5718886024_1748294257,11.16,40,124
2025-11-27 12:42:44.190977,5718916274_5718916294,9.88,94,258
2025-11-27 12:42:44.322232,5718916274_10296445823,5.04,5,7
2025-11-27 12:42:44.519424,5718916291_12816414547,16.92,10,47
2025-11-27 12:42:44.650972,5718916291_98035472,7.01,19,37
2025-11-27 12:42:44.875674,5718916292_6650876736,14.67,281,1145
2025-11-27 12:42:45.001589,5718916292_12816414542,7.2,5,10
2025-11-27 12:42:45.129041,5718916293_5718916294,18.0,1,5
2025-11-27 12:42:45.273687,5718916294_98042270,24.48,45,306
2025-11-27 12:42:45.407447,5718916301_5718916302,14.04,221,862
2025-11-27 12:42:45.531618,5718916301_5718916291,7.92,15,33
2025-11-27 12:42:45.669971,5718916302_5718916301,8.84,11,27
2025-11-27 12:42:45.791367,5718916302_5716670621,29.81,32,265
2025-11-27 12:42:45.987350,5718946093_1748294274,7.71,14,30
2025-11-27 12:42:46.185656,5719031413_5719031414,16.97,7,33
2025-11-27 12:42:46.328769,5719031413_2302164519,24.0,72,480
2025-11-27 12:42:46.465100,5719031414_5719031413,27.4,72,548
2025-11-27 12:42:46.668192,5719031414_3075526396,27.98,22,171
2025-11-27 12:42:46.868926,5719125659_6648096524,33.3,4,37
2025-11-27 12:42:47.020288,5719125659_1758170772,22.94,70,446
2025-11-27 12:42:47.157653,5721511585_2584589542,40.32,5,56
2025-11-27 12:42:47.362060,5721511586_436388447,26.15,38,276
2025-11-27 12:42:47.520186,5828495464_2274969534,10.8,5,15
2025-11-27 12:42:47.669728,5828495464_5719125659,28.97,21,169
2025-11-27 12:42:47.809643,5828999542_5828999543,19.54,138,749
2025-11-27 12:42:47.992549,5828999542_1495025257,23.04,30,192
2025-11-27 12:42:48.149964,5828999543_5828999542,11.31,7,22
2025-11-27 12:42:48.343779,5828999543_6648227222,18.98,33,174
2025-11-27 12:42:48.497124,5831399053_6603014206,25.54,350,2483
2025-11-27 12:42:48.623220,5831399053_1494041374,34.28,67,638
2025-11-27 12:42:48.885580,5875603186_5645750065,24.09,13,87
2025-11-27 12:42:49.092816,5875603186_5206119178,22.15,66,406
2025-11-27 12:42:49.239192,5875623873_6677147301,22.5,4,25
2025-11-27 12:42:49.366483,5875623873_6677147310,17.15,17,81
2025-11-27 12:42:49.492874,5898769297_2185731475,33.94,14,132
2025-11-27 12:42:49.627767,5954441639_5954441640,3.6,8,8
2025-11-27 12:42:49.754986,5954441639_6659134171,27.0,14,105
2025-11-27 12:42:49.960794,5954441640_5954441639,2.06,14,8
2025-11-27 12:42:50.089950,5954441640_11201648616,20.16,60,336
2025-11-27 12:42:50.221072,5962836764_6325815718,43.78,62,754
2025-11-27 12:42:50.421579,5962836764_1314185585,38.4,24,256
2025-11-27 12:42:50.642320,6044465949_2701058419,16.89,91,427
2025-11-27 12:42:50.814536,6044465949_12606538104,16.55,303,1393
2025-11-27 12:42:50.944491,6325815718_6325815720,54.0,2,30
2025-11-27 12:42:51.136650,6325815720_4930438606,9.91,305,840
2025-11-27 12:42:51.270513,6325815720_2185731222,7.84,79,172
2025-11-27 12:42:51.497496,6405794494_6659134172,19.94,271,1501
2025-11-27 12:42:51.644972,6413551907_8341509537,25.2,2,14
2025-11-27 12:42:51.869602,6413551907_8341509535,17.49,14,68
2025-11-27 12:42:51.993096,6441639163_6689057478,24.44,33,224
2025-11-27 12:42:52.153398,6587550954_6587550955,5.2,9,13
2025-11-27 12:42:52.287576,6587550954_4541071716,27.36,50,380
2025-11-27 12:42:52.454834,6587550955_6587550954,3.12,15,13
2025-11-27 12:42:52.586634,6587550955_420456615,8.16,49,111
2025-11-27 12:42:52.712927,6587651051_1901865134,29.03,31,250
2025-11-27 12:42:52.917040,6600206282_13282498396,20.37,190,1075
2025-11-27 12:42:53.104267,6600206282_5598303159,28.38,17,134
2025-11-27 12:42:53.261105,6600206283_13282498396,22.17,165,1016
2025-11-27 12:42:53.477166,6600206283_2701058419,26.17,41,298
2025-11-27 12:42:53.631136,6601012241_6688570393,57.6,1,16
2025-11-27 12:42:53.754121,6601012241_6441639163,22.2,12,74
2025-11-27 12:42:53.977431,6603014206_10682258584,25.13,103,719
2025-11-27 12:42:54.115121,6603014206_6603014207,30.6,6,51
2025-11-27 12:42:54.280304,6603014207_6659072491,13.89,7,27
2025-11-27 12:42:54.404445,6603014207_6659072492,46.8,1,13
2025-11-27 12:42:54.552083,6606566485_10682258584,16.46,14,64
2025-11-27 12:42:54.732354,6606566485_6606566487,43.2,1,12
2025-11-27 12:42:54.887961,6606566485_1758651218,23.91,81,538
2025-11-27 12:42:55.023206,6606566487_6610228314,17.74,205,1010
2025-11-27 12:42:55.142602,6606566487_6606566485,21.6,2,12
2025-11-27 12:42:55.268295,6606566488_6606566487,19.64,11,60
2025-11-27 12:42:55.392936,6606566488_10682258584,24.0,3,20
2025-11-27 12:42:55.535626,6606566488_5485722628,18.59,208,1074
2025-11-27 12:42:55.669098,6610228314_10743484787,20.67,66,379
2025-11-27 12:42:55.872276,6610228314_6606566487,19.24,189,1010
2025-11-27 12:42:56.002670,6610228314_5485722628,7.08,30,59
2025-11-27 12:42:56.128097,6610574244_6659072491,20.02,25,139
2025-11-27 12:42:56.267490,6610574244_1758651218,23.52,15,98
2025-11-27 12:42:56.403151,6617292919_4600895552,18.43,50,256
2025-11-27 12:42:56.536155,6617292919_7985603136,3.79,38,40
2025-11-27 12:42:56.680474,6621078250_6621078251,7.8,6,13
2025-11-27 12:42:56.870392,6621078250_6621078260,32.4,30,270
2025-11-27 12:42:57.052884,6621078251_6621078250,5.85,8,13
2025-11-27 12:42:57.185018,6621078251_420456595,33.3,32,296
2025-11-27 12:42:57.337335,6621078260_6621078261,6.96,15,29
2025-11-27 12:42:57.473896,6621078260_2303337176,17.64,50,245
2025-11-27 12:42:57.604469,6621078261_6621078260,27.55,75,574
2025-11-27 12:42:57.764416,6621078261_420456583,30.0,24,200
2025-11-27 12:42:57.916311,6621357112_1314185653,36.0,3,30
2025-11-27 12:42:58.044846,6621357115_1314191420,5.06,42,59
2025-11-27 12:42:58.186223,6621357115_6621357112,15.67,17,74
2025-11-27 12:42:58.377896,6621426593_1314191414,32.4,2,18
2025-11-27 12:42:58.517720,6621426601_6621426593,11.15,124,384
2025-11-27 12:42:58.722933,6621426601_4539674879,5.45,35,53
2025-11-27 12:42:58.869446,6628818468_5709923601,31.05,8,69
2025-11-27 12:42:59.047384,6628818478_1314185677,3.25,51,46
2025-11-27 12:42:59.179252,6628818478_6628818468,7.77,158,341
2025-11-27 12:42:59.324162,6631796343_1692627215,31.2,3,26
2025-11-27 12:42:59.462844,6641911209_5719031413,31.5,20,175
2025-11-27 12:42:59.609914,6641911209_3075526396,25.71,7,50
2025-11-27 12:42:59.736910,6644672133_6644672135,18.33,55,280
2025-11-27 12:42:59.917032,6644672133_1884768305,10.37,25,72
2025-11-27 12:43:00.068112,6644672135_6644672133,18.33,55,280
2025-11-27 12:43:00.207004,6644672135_106111364,20.66,23,132
2025-11-27 12:43:00.330071,6644721587_2195296719,24.38,35,237
2025-11-27 12:43:00.483874,6644721587_11107112929,23.66,7,46
2025-11-27 12:43:00.679225,6647118933_2290010722,21.44,23,137
2025-11-27 12:43:00.808304,6647145130_8598733283,8.1,12,27
2025-11-27 12:43:00.935201,6647145130_5701309369,12.99,23,83
2025-11-27 12:43:01.118882,6648096523_1758170763,3.13,23,20
2025-11-27 12:43:01.276135,6648096523_1613087628,6.78,17,32
2025-11-27 12:43:01.475667,6648096524_6648096525,32.8,27,246
2025-11-27 12:43:01.610721,6648096524_12024836052,19.16,134,713
2025-11-27 12:43:01.753635,6648096525_6648096524,30.54,29,246
2025-11-27 12:43:01.950121,6648096525_5710565212,37.2,3,31
2025-11-27 12:43:02.094123,6648227219_2291254028,25.35,49,345
2025-11-27 12:43:02.228691,6648227221_6648227219,23.4,4,26
2025-11-27 12:43:02.425609,6648227221_6648227224,33.94,49,462
2025-11-27 12:43:02.565473,6648227222_6648227224,34.8,3,29
2025-11-27 12:43:02.706491,6648227222_2175126939,18.34,32,163
2025-11-27 12:43:02.851984,6648227223_5828999542,19.46,32,173
2025-11-27 12:43:03.005087,6648227224_6648227223,36.0,3,30
2025-11-27 12:43:03.125713,6648227224_6648227221,31.38,53,462
2025-11-27 12:43:03.274086,6650810650_444874859,10.16,34,96
2025-11-27 12:43:03.402873,6650810650_1613087620,5.66,14,22
2025-11-27 12:43:03.602262,6650876736_5718916292,5.62,226,353
2025-11-27 12:43:03.745483,6650876736_6650876740,9.89,571,1569
2025-11-27 12:43:03.926334,6650876740_6650876736,10.53,67,196
2025-11-27 12:43:04.063758,6650876740_634709500,17.79,286,1413
2025-11-27 12:43:04.211049,6650982900_6650982901,25.08,153,1066
2025-11-27 12:43:04.339551,6650982900_6648227219,26.45,23,169
2025-11-27 12:43:04.478412,6650982901_6650982900,8.16,49,111
2025-11-27 12:43:04.620702,6650982901_444875375,5.17,32,46
2025-11-27 12:43:04.765979,6651770209_6651770210,4.87,17,23
2025-11-27 12:43:04.912579,6651770209_444875374,11.51,172,550
2025-11-27 12:43:05.111146,6651770210_6651770209,18.35,184,938
2025-11-27 12:43:05.257819,6651770210_5716670628,16.7,86,399
2025-11-27 12:43:05.402901,6658429241_10130533935,24.92,156,1080
2025-11-27 12:43:05.525542,6658429241_11014094287,19.54,28,152
2025-11-27 12:43:05.715054,6659072489_5710231827,17.89,34,169
2025-11-27 12:43:05.858125,6659072490_6659072489,7.36,22,45
2025-11-27 12:43:05.994190,6659072490_1878921405,22.8,18,114
2025-11-27 12:43:06.122433,6659072491_6659072492,21.6,6,36
2025-11-27 12:43:06.252248,6659072491_6610574244,22.75,22,139
2025-11-27 12:43:06.415528,6659072492_6659072490,28.15,22,172
2025-11-27 12:43:06.574666,6659134171_1758633112,16.81,106,495
2025-11-27 12:43:06.723445,6659134171_1884769977,27.9,12,93
2025-11-27 12:43:07.001821,6659134172_5954441640,25.2,15,105
2025-11-27 12:43:07.119959,6659134174_5716408768,13.66,63,239
2025-11-27 12:43:07.250995,6659134177_1314209716,16.11,19,85
2025-11-27 12:43:07.388827,6661055809_2050902820,28.8,1,8
2025-11-27 12:43:07.544163,6661055810_6661055809,5.65,88,138
2025-11-27 12:43:07.697761,6661055810_4961341860,4.56,30,38
2025-11-27 12:43:07.908737,6661055813_6662639319,12.76,11,39
2025-11-27 12:43:08.047017,6661487944_6661487945,20.03,126,701
2025-11-27 12:43:08.174752,6661487944_5641890822,25.72,139,993
2025-11-27 12:43:08.301150,6661487945_6661487944,19.08,10,53
2025-11-27 12:43:08.505706,6661487945_12908782868,27.4,18,137
2025-11-27 12:43:08.704389,6662241086_6662241087,20.0,9,50
2025-11-27 12:43:08.842276,6662241086_4025115175,16.22,220,991
2025-11-27 12:43:08.972907,6662241087_6662241086,18.29,88,447
2025-11-27 12:43:09.098229,6662241087_6662241094,16.45,79,361
2025-11-27 12:43:09.231274,6662241094_6662241095,15.69,56,244
2025-11-27 12:43:09.430357,6662241094_446030797,11.78,33,108
2025-11-27 12:43:09.634064,6662241095_6662241094,13.89,7,27
2025-11-27 12:43:09.785341,6662241095_6662241086,18.25,72,365
2025-11-27 12:43:09.924945,6662639319_2050902830,18.64,17,88
2025-11-27 12:43:10.056295,6666128977_5962836764,61.2,1,17
2025-11-27 12:43:10.179974,6666479030_8598733283,0.0,0,4
2025-11-27 12:43:10.305638,6670444529_6670444530,26.48,76,559
2025-11-27 12:43:10.537908,6670444529_420456683,30.48,15,127
2025-11-27 12:43:10.695978,6670444530_6670444529,3.0,18,15
2025-11-27 12:43:10.902484,6670444530_12513272960,31.25,22,191
2025-11-27 12:43:11.030455,6672531385_12872373346,19.35,40,215
2025-11-27 12:43:11.232218,6677147301_5489009621,13.8,6,23
2025-11-27 12:43:11.377610,6677147301_2050902835,22.58,22,138
2025-11-27 12:43:11.570954,6677147310_5485653490,21.9,12,73
2025-11-27 12:43:11.789320,6677300866_309685730,16.1,93,416
2025-11-27 12:43:11.920120,6677300866_6677364041,20.0,9,50
2025-11-27 12:43:12.072886,6677338241_98026475,15.88,34,150
2025-11-27 12:43:12.273151,6677338241_1314209698,18.72,10,52
2025-11-27 12:43:12.397197,6677364041_2295384939,24.3,8,54
2025-11-27 12:43:12.639548,6677687639_5707122750,18.4,9,46
2025-11-27 12:43:12.884641,6677687639_4538571818,33.62,414,3866
2025-11-27 12:43:13.007249,6677687648_1314191405,0.0,0,10
2025-11-27 12:43:13.150674,6677687648_5707122750,25.71,7,50
2025-11-27 12:43:13.290426,6677895172_1494041352,22.45,351,2189
2025-11-27 12:43:13.429987,6677895172_1494041351,27.9,16,124
2025-11-27 12:43:13.554228,6677895176_1494041352,34.8,3,29
2025-11-27 12:43:13.697069,6677895176_1494041351,19.84,151,832
2025-11-27 12:43:13.826015,6684737819_4540453404,24.53,27,184
2025-11-27 12:43:13.982820,6684737819_4540453400,39.05,46,499
2025-11-27 12:43:14.119266,6685236291_6685236292,18.96,71,374
2025-11-27 12:43:14.267835,6685236291_8231491408,27.7,23,177
2025-11-27 12:43:14.423711,6685236292_6685236291,10.0,9,25
2025-11-27 12:43:14.560364,6685236292_4961341859,11.58,51,164
2025-11-27 12:43:14.752692,6685434573_6662241087,27.36,10,76
2025-11-27 12:43:14.933443,6687964478_442990465,15.24,162,686
2025-11-27 12:43:15.064582,6687964478_5716241017,19.35,8,43
2025-11-27 12:43:15.207251,6688471376_5686449780,15.23,235,994
2025-11-27 12:43:15.325774,6688471376_7920618647,10.51,99,289
2025-11-27 12:43:15.513949,6688490814_6647145130,5.18,25,36
2025-11-27 12:43:15.638402,6688490814_5485653490,20.58,39,223
2025-11-27 12:43:15.835289,6688503842_6405794494,24.0,3,20
2025-11-27 12:43:15.974900,6688503847_1758631175,10.08,10,28
2025-11-27 12:43:16.120195,6688503847_6688503842,6.66,20,37
2025-11-27 12:43:16.247778,6688570392_6441639163,21.6,3,18
2025-11-27 12:43:16.395585,6688570392_6688570393,26.2,72,524
2025-11-27 12:43:16.522719,6688570393_6688570397,31.64,38,334
2025-11-27 12:43:16.665651,6688570397_6688570401,14.7,12,49
2025-11-27 12:43:16.788588,6688570397_12600043488,30.24,5,42
2025-11-27 12:43:16.922101,6688570401_6688570392,26.48,45,331
2025-11-27 12:43:17.046857,6689057478_6689057484,27.0,4,30
2025-11-27 12:43:17.233021,6689057478_6689057482,16.2,8,36
2025-11-27 12:43:17.395240,6689057482_6601012241,32.98,25,229
2025-11-27 12:43:17.528796,6689057484_13206202825,27.09,38,286
2025-11-27 12:43:17.679087,6689058288_6689057482,32.4,2,18
2025-11-27 12:43:17.814947,6689058288_6689057484,21.93,11,67
2025-11-27 12:43:17.947308,7301485388_1497544796,7.48,13,27
2025-11-27 12:43:18.077991,7920618640_5683715143,30.63,55,468
2025-11-27 12:43:18.211493,7920618640_5683715143,30.63,55,468
2025-11-27 12:43:18.347569,7920618647_4599745018,22.5,4,25
2025-11-27 12:43:18.605781,7920618647_7920618648,14.04,10,39
2025-11-27 12:43:18.747504,7920618648_5674347102,7.6,278,587
2025-11-27 12:43:18.876867,7920618648_10130533955,12.18,13,44
2025-11-27 12:43:19.076656,7920618648_4599745018,13.59,204,770
2025-11-27 12:43:19.245118,7985603136_98027697,22.32,5,31
2025-11-27 12:43:19.456809,7985603136_10130533953,17.28,285,1368
2025-11-27 12:43:19.586559,7985603138_5686449780,30.65,33,281
2025-11-27 12:43:19.775329,7985603147_7985603148,21.74,339,2047
2025-11-27 12:43:19.924926,7985603147_7920618640,26.24,722,5263
2025-11-27 12:43:20.063252,7985603148_7985603147,36.28,13,131
2025-11-27 12:43:20.221101,7985603148_6617292919,23.66,21,138
2025-11-27 12:43:20.359560,8231491408_8231491411,12.12,109,367
2025-11-27 12:43:20.522508,8231491408_5707161162,22.05,16,98
2025-11-27 12:43:20.658439,8231491411_8231491408,4.73,16,21
2025-11-27 12:43:20.816613,8231491411_6685236292,25.06,26,181
2025-11-27 12:43:21.063638,8237661942_2053894358,6.55,11,20
2025-11-27 12:43:21.269168,8237661942_308728680,15.96,67,297
2025-11-27 12:43:21.480364,8242664547_11107112958,21.03,366,2138
2025-11-27 12:43:21.619059,8242664547_12174413404,25.2,8,56
2025-11-27 12:43:21.749241,8242664547_12559133535,20.76,357,2059
2025-11-27 12:43:21.966024,8295729267_3779242655,46.39,35,451
2025-11-27 12:43:22.093584,8295729267_6600206282,26.24,45,328
2025-11-27 12:43:22.215580,8341509535_10743484787,16.8,3,14
2025-11-27 12:43:22.365474,8341509537_5485722628,21.28,68,402
2025-11-27 12:43:22.491044,8341509537_6413551907,25.2,2,14
2025-11-27 12:43:22.723098,8462967636_5710691044,54.0,1,15
2025-11-27 12:43:22.851254,8598733283_6666479030,14.4,1,4
2025-11-27 12:43:22.990305,8598733283_6688490814,21.6,11,66
2025-11-27 12:43:23.145322,8823455179_6661055810,14.55,392,1584
2025-11-27 12:43:23.273824,8823455180_8823455179,9.2,9,23
2025-11-27 12:43:23.416168,8823455180_98031401,8.55,8,19
2025-11-27 12:43:23.553804,8921282801_10202001781,7.7,36,77
2025-11-27 12:43:23.783709,9576908879_1314203096,11.03,16,49
2025-11-27 12:43:23.914618,9970440452_12484632695,25.6,18,128
2025-11-27 12:43:24.073746,9980229913_1497544764,22.44,103,642
2025-11-27 12:43:24.227870,9980229913_7301485388,24.1,46,308
2025-11-27 12:43:24.433956,10076263973_5710098650,28.24,122,957
2025-11-27 12:43:24.588637,10076263976_10076263977,11.52,45,144
2025-11-27 12:43:24.811747,10076263976_4540453394,12.09,128,430
2025-11-27 12:43:24.995187,10076263977_4540453396,30.6,2,17
2025-11-27 12:43:25.150711,10076263978_10076263979,2.81,32,25
2025-11-27 12:43:25.294603,10076263978_4542621501,5.14,14,20
2025-11-27 12:43:25.507930,10076263979_5093497426,27.0,2,15
2025-11-27 12:43:25.655376,10087376960_5641890823,18.72,10,52
2025-11-27 12:43:25.796410,10087376960_5641890821,34.2,16,152
2025-11-27 12:43:25.930604,10100966682_12513272960,17.85,148,734
2025-11-27 12:43:26.061222,10100966682_6685434573,16.88,64,300
2025-11-27 12:43:26.210996,10130533935_1495023340,17.57,315,1537
2025-11-27 12:43:26.422662,10130533953_4600895552,14.89,147,608
2025-11-27 12:43:26.640013,10130533953_7985603138,11.91,13,43
2025-11-27 12:43:26.801006,10130533953_98027697,3.71,34,35
2025-11-27 12:43:26.952488,10130533955_7985603147,30.11,22,184
2025-11-27 12:43:27.233449,10151536198_2570960524,27.67,35,269
2025-11-27 12:43:27.405259,10159724112_6666128977,54.0,1,15
2025-11-27 12:43:27.561224,10180671333_420522002,32.4,6,54
2025-11-27 12:43:27.786217,10180671333_98041254,8.05,17,38
2025-11-27 12:43:27.940005,10202001781_1881927757,19.72,86,471
2025-11-27 12:43:28.139764,10203920310_1881928279,25.2,2,14
2025-11-27 12:43:28.357989,10203920310_5718886024,21.05,13,76
2025-11-27 12:43:28.496999,10203920324_10203920325,14.4,3,12
2025-11-27 12:43:28.652006,10203920324_1881928007,0.0,12,0
2025-11-27 12:43:28.781363,10203920325_5718886024,10.8,1,3
2025-11-27 12:43:28.906631,10203920328_1881927759,0.0,0,0
2025-11-27 12:43:29.073172,10203920329_10203920328,18.18,61,308
2025-11-27 12:43:29.210581,10203920329_1219243636,5.13,33,47
2025-11-27 12:43:29.463171,10296445822_10997686363,23.25,190,1227
2025-11-27 12:43:29.610965,10296445822_10296445824,14.42,433,1734
2025-11-27 12:43:29.760311,10296445822_309816683,14.43,424,1699
2025-11-27 12:43:29.899634,10296445823_309816683,7.39,19,39
2025-11-27 12:43:30.057109,10296445823_10296445822,4.37,42,51
2025-11-27 12:43:30.212363,10296445824_5718916302,21.0,6,35
2025-11-27 12:43:30.348284,10542328776_6685605986,21.6,6,36
2025-11-27 12:43:30.509431,10542328776_1748294274,6.17,28,48
2025-11-27 12:43:30.653787,10542328776_13023100784,20.35,95,537
2025-11-27 12:43:30.802210,10682258584_6603014206,23.32,111,719
2025-11-27 12:43:30.940192,10682258584_6606566488,24.0,3,20
2025-11-27 12:43:31.137181,10743484787_8341509535,25.2,2,14
2025-11-27 12:43:31.353281,10743484787_6610228314,18.95,72,379
2025-11-27 12:43:31.496603,10743484787_8341509537,16.71,14,65
2025-11-27 12:43:31.715481,10965136434_420456595,8.4,6,14
2025-11-27 12:43:31.870930,10965136434_6621078250,30.75,35,299
2025-11-27 12:43:32.039122,10997686363_10296445822,15.41,345,1477
2025-11-27 12:43:32.169214,10997686363_11107112927,21.09,7,41
2025-11-27 12:43:32.306643,11014094287_11014094288,12.39,34,117
2025-11-27 12:43:32.487813,11014094287_1884765802,17.02,169,799
2025-11-27 12:43:32.639858,11014094288_11014094287,11.06,14,43
2025-11-27 12:43:32.778485,11014094288_1495023340,26.06,21,152
2025-11-27 12:43:32.916799,11107112919_438036727,21.6,10,60
2025-11-27 12:43:33.078448,11107112919_12559133535,30.6,2,17
2025-11-27 12:43:33.222547,11107112923_10997686363,29.52,5,41
2025-11-27 12:43:33.341400,11107112923_11107112927,27.26,7,53
2025-11-27 12:43:33.471795,11107112927_11107112935,27.0,4,30
2025-11-27 12:43:33.626631,11107112929_11107112919,0.0,0,0
2025-11-27 12:43:33.767530,11107112935_11107112929,22.95,8,51
2025-11-27 12:43:33.984877,11107112935_6644721587,20.75,361,2081
2025-11-27 12:43:34.155914,11107112958_8242664547,20.55,148,845
2025-11-27 12:43:34.287645,11111175323_11111175326,27.26,7,53
2025-11-27 12:43:34.458008,11111175326_6600206283,31.56,120,1052
2025-11-27 12:43:34.673775,11182265554_4540453378,20.9,41,238
2025-11-27 12:43:34.813900,11182265554_5716807749,30.6,14,119
2025-11-27 12:43:35.038743,11201648616_445970799,16.97,84,396
2025-11-27 12:43:35.186906,11209721500_11209721504,20.16,10,56
2025-11-27 12:43:35.356420,11209721504_13322115744,39.85,43,476
2025-11-27 12:43:35.490121,11700202516_11700202517,21.42,20,119
2025-11-27 12:43:35.676413,11700202516_10087376960,39.6,3,33
2025-11-27 12:43:35.813283,11700202517_11700202516,11.83,14,46
2025-11-27 12:43:35.985815,11700202517_4538405021,29.65,59,486
2025-11-27 12:43:36.122578,11768052436_4538405137,27.6,3,23
2025-11-27 12:43:36.308700,11768052436_11768052437,15.05,11,46
2025-11-27 12:43:36.445646,11768052437_1881949102,33.23,26,240
2025-11-27 12:43:36.652995,11950483412_1884765806,4.32,20,24
2025-11-27 12:43:36.788696,11950483412_11950483417,4.83,35,47
2025-11-27 12:43:36.948828,11950483417_1314209717,36.0,1,10
2025-11-27 12:43:37.166677,12024836052_2274969534,25.83,23,165
2025-11-27 12:43:37.392116,12174413404_8242664547,20.72,351,2020
2025-11-27 12:43:37.532536,12206582473_2570960524,24.45,135,917
2025-11-27 12:43:37.728980,12206582473_6661487944,31.45,53,463
2025-11-27 12:43:37.931653,12357580642_12357580645,9.08,23,58
2025-11-27 12:43:38.078781,12357580642_421080868,5.56,22,34
2025-11-27 12:43:38.251123,12357580645_1497544736,9.14,13,33
2025-11-27 12:43:38.468927,12375164794_12768097335,23.4,2,13
2025-11-27 12:43:38.619950,12375164795_12375164794,9.63,40,107
2025-11-27 12:43:38.820892,12375164795_2302166519,0.0,0,7
2025-11-27 12:43:38.950457,12375164797_1691398148,6.6,6,11
2025-11-27 12:43:39.163816,12375164797_12375164798,8.43,47,110
2025-11-27 12:43:39.364731,12375164798_2302164518,26.46,20,147
2025-11-27 12:43:39.511765,12484632695_12484632696,28.6,54,429
2025-11-27 12:43:39.652448,12484632695_12600043494,28.11,21,164
2025-11-27 12:43:39.772950,12484632696_5831399053,30.89,31,266
2025-11-27 12:43:39.904134,12513272960_10100966682,46.8,1,13
2025-11-27 12:43:40.036128,12513272960_5707407591,9.09,59,149
2025-11-27 12:43:40.165096,12559133535_11107112958,34.2,8,76
2025-11-27 12:43:40.362173,12559133535_8242664547,24.0,30,200
2025-11-27 12:43:40.489465,12600043488_12484632696,30.42,20,169
2025-11-27 12:43:40.621170,12600043494_6688570401,29.4,6,49
2025-11-27 12:43:40.775390,12600043494_12600043488,28.8,12,96
2025-11-27 12:43:40.905806,12606538099_4539684490,36.82,44,450
2025-11-27 12:43:41.173996,12606538104_5710222986,15.04,129,539
2025-11-27 12:43:41.319822,12725862784_4541105059,20.39,209,1184
2025-11-27 12:43:41.446185,12725862785_12725862784,18.9,4,21
2025-11-27 12:43:41.625700,12725862785_10151536198,25.71,7,50
2025-11-27 12:43:41.791281,12768097332_1881927756,6.0,12,20
2025-11-27 12:43:41.915017,12768097332_12768097335,8.53,19,45
2025-11-27 12:43:42.057068,12816414542_5718916293,27.26,7,53
2025-11-27 12:43:42.265665,12816414542_98035472,7.17,116,231
2025-11-27 12:43:42.435230,12816414547_5718916292,12.6,4,14
2025-11-27 12:43:42.617818,12872373345_12872373346,8.0,9,20
2025-11-27 12:43:42.771296,12872373345_10203920310,17.18,44,210
2025-11-27 12:43:42.894530,12872373346_12872373345,10.29,7,20
2025-11-27 12:43:43.043794,12872373346_1219243660,13.42,11,41
2025-11-27 12:43:43.168899,12908782868_10151536198,28.8,7,56
2025-11-27 12:43:43.333337,12908782868_12725862784,36.0,5,50
2025-11-27 12:43:43.484323,13023100784_10542328776,18.07,107,537
2025-11-27 12:43:43.639201,13023100784_13023100793,0.0,3,0
2025-11-27 12:43:43.764501,13023100793_13023100794,0.0,0,1
2025-11-27 12:43:43.948381,13023100793_420456583,16.03,163,726
2025-11-27 12:43:44.152087,13023100794_442993523,16.25,80,361
2025-11-27 12:43:44.280525,13023100794_13023100784,0.0,0,1
2025-11-27 12:43:44.414627,13206202825_4538405017,33.67,96,898
2025-11-27 12:43:44.544296,13206202825_4538405006,28.15,50,391
2025-11-27 12:43:44.667393,13282498392_8295729267,27.68,16,123
2025-11-27 12:43:44.888480,13282498392_13282498396,38.31,42,447
2025-11-27 12:43:45.018627,13282498396_6600206282,19.06,201,1064
2025-11-27 12:43:45.160183,13282498396_6600206283,10.58,16,47
2025-11-27 12:43:45.290601,13282498396_13282511305,28.38,17,134
2025-11-27 12:43:45.416403,13282511304_5710691045,36.51,7,71
2025-11-27 12:43:45.610663,13282511305_5598303159,0.0,0,5
2025-11-27 12:43:45.752715,13282511305_13282511304,37.39,75,779
2025-11-27 12:43:45.946726,13322115743_13322115744,28.21,135,1058
2025-11-27 12:43:46.097919,13322115743_5707262958,27.91,61,473
2025-11-27 12:43:46.223974,13322115744_13322115743,21.52,137,819
2025-11-27 12:43:46.358775,13322115744_1879088106,32.86,31,283
2025-11-27 12:43:46.490215,13327548965_13327548966,34.2,2,19
2025-11-27 12:43:46.609132,13327548966_10202001781,14.59,56,227
2025-11-27 12:43:46.762581,13327548966_13327548968,18.14,78,393
2025-11-27 12:43:46.902700,13327548967_2185731479,29.14,21,170
2025-11-27 12:43:47.043613,13327548967_13327548965,17.27,119,571
2025-11-27 12:43:47.171329,13327548968_13327548967,28.8,3,24
2025-11-27 12:46:01.309838,81805393_11950483412,4.5,12,15
2025-11-27 12:46:01.520643,81805393_1884765798,15.31,218,927
2025-11-27 12:46:01.654793,81806535_1497544749,13.68,10,38
2025-11-27 12:46:01.850486,81806535_5707161153,9.54,109,289
2025-11-27 12:46:02.047010,98026475_6677338241,18.42,120,614
2025-11-27 12:46:02.244713,98027697_4599745018,10.15,11,31
2025-11-27 12:46:02.403045,98027697_7985603138,21.6,6,36
2025-11-27 12:46:02.610568,98027697_10130533953,16.85,154,721
2025-11-27 12:46:02.758266,98031401_6661055810,0.0,12,0
2025-11-27 12:46:02.896725,98031401_8823455179,12.6,78,273
2025-11-27 12:46:03.042379,98035472_309816683,16.25,160,722
2025-11-27 12:46:03.243877,98035472_12816414547,15.25,212,898
2025-11-27 12:46:03.397284,98035472_5718916293,16.4,9,41
2025-11-27 12:46:03.609936,98041254_420456615,11.7,4,13
2025-11-27 12:46:03.742208,98041254_420522002,24.48,5,34
2025-11-27 12:46:03.980466,98041257_98041849,9.49,11,29
2025-11-27 12:46:04.114786,98041257_5710673974,15.84,5,22
2025-11-27 12:46:04.240051,98041257_5710673979,32.4,3,27
2025-11-27 12:46:04.387844,98041849_98041257,11.6,9,29
2025-11-27 12:46:04.584882,98041849_5718871870,18.9,4,21
2025-11-27 12:46:04.783568,98041849_733429120,6.69,35,65
2025-11-27 12:46:04.972919,98041851_98041254,23.27,162,1047
2025-11-27 12:46:05.171975,98041851_2084132002,34.2,4,38
2025-11-27 12:46:05.381841,98042270_309816682,19.52,114,618
2025-11-27 12:46:05.606678,98042270_6677300866,19.73,54,296
2025-11-27 12:46:05.816095,106078638_6587651051,36.0,5,50
2025-11-27 12:46:06.010040,106078638_442990465,25.71,7,50
2025-11-27 12:46:06.293007,106108917_2174649904,8.26,17,39
2025-11-27 12:46:06.489088,106108917_2176926218,22.84,93,590
2025-11-27 12:46:06.700450,106111364_6644672135,21.77,21,127
2025-11-27 12:46:06.855938,106111364_446030797,15.75,213,932
2025-11-27 12:46:07.102944,283139229_444875375,8.0,9,20
2025-11-27 12:46:07.232997,283139229_5718871870,17.42,161,779
2025-11-27 12:46:07.450933,283139229_6650982900,27.0,6,45
2025-11-27 12:46:07.665922,283139237_5206119178,21.08,90,527
2025-11-27 12:46:07.859866,283139237_2188036136,22.8,33,209
2025-11-27 12:46:08.078474,308728680_1314203102,10.2,6,17
2025-11-27 12:46:08.300943,308728680_310729950,15.7,199,868
2025-11-27 12:46:08.521424,308728680_2289997644,19.35,24,129
2025-11-27 12:46:08.708563,309595522_6666479030,13.05,8,29
2025-11-27 12:46:08.927285,309685730_6677300866,14.91,7,29
2025-11-27 12:46:09.146357,309685730_2195296719,18.16,135,681
2025-11-27 12:46:09.277624,309685730_309816682,21.46,51,304
2025-11-27 12:46:09.428756,309816682_98042270,8.51,11,26
2025-11-27 12:46:09.605006,309816682_5718916274,17.06,65,308
2025-11-27 12:46:09.804377,309816683_98035472,9.34,64,166
2025-11-27 12:46:10.011502,309816683_10296445822,13.13,247,901
2025-11-27 12:46:10.280247,309816683_10296445824,15.75,8,35
2025-11-27 12:46:10.413956,310729950_6677364041,6.69,35,65
2025-11-27 12:46:10.551296,310729950_6677300866,6.1,23,39
2025-11-27 12:46:10.747281,317366886_444501629,6.87,11,21
2025-11-27 12:46:10.957656,317366886_4540453399,18.6,150,775
2025-11-27 12:46:11.217252,317778303_427847910,9.0,8,20
2025-11-27 12:46:11.446810,317778303_5716477056,32.3,37,332
2025-11-27 12:46:11.648794,319490613_1104490487,24.88,134,926
2025-11-27 12:46:11.791346,420456583_6621078251,27.0,12,90
2025-11-27 12:46:11.985361,420456583_13023100793,14.74,21,86
2025-11-27 12:46:12.162932,420456595_10965136434,2.65,19,14
2025-11-27 12:46:12.390270,420456595_4541071715,13.98,77,299
2025-11-27 12:46:12.604889,420456615_733429120,18.0,6,30
2025-11-27 12:46:12.749702,420456615_98041257,9.28,26,67
2025-11-27 12:46:12.975715,420456683_5710231827,20.34,100,565
2025-11-27 12:46:13.183928,420456683_5206119178,15.97,16,71
2025-11-27 12:46:13.354670,420456683_1878932244,29.86,17,141
2025-11-27 12:46:13.622183,420457653_11107112923,30.0,36,300
2025-11-27 12:46:13.790246,420460217_1878921396,19.41,332,1790
2025-11-27 12:46:14.068479,420460217_4004297090,3.86,70,75
2025-11-27 12:46:14.273312,420522002_6587550954,26.64,10,74
2025-11-27 12:46:14.457742,421080868_4961341856,10.47,11,32
2025-11-27 12:46:14.646977,421080868_12357580645,14.33,103,410
2025-11-27 12:46:14.785271,427847910_2291072476,18.0,3,15
2025-11-27 12:46:14.991735,427847910_1495030951,21.6,6,36
2025-11-27 12:46:15.172347,428673752_421080868,13.96,81,314
2025-11-27 12:46:15.392552,428673752_2291064324,18.0,10,50
2025-11-27 12:46:15.587036,436383687_5710222987,31.8,18,159
2025-11-27 12:46:15.758766,436388447_2295384939,4.91,11,15
2025-11-27 12:46:15.905463,436388447_309685730,11.16,30,93
2025-11-27 12:46:16.100461,442990465_106078638,17.47,88,427
2025-11-27 12:46:16.239013,442990465_6687964478,14.28,173,686
2025-11-27 12:46:16.378919,442990465_6587651051,15.94,7,31
2025-11-27 12:46:16.564173,442993523_13023100794,19.4,67,361
2025-11-27 12:46:16.784386,444394912_2701184883,16.24,304,1371
2025-11-27 12:46:17.051350,444394912_4538405026,29.35,13,106
2025-11-27 12:46:17.253658,444394912_5716537702,6.35,34,60
2025-11-27 12:46:17.466608,444398125_444393381,17.46,20,97
2025-11-27 12:46:17.684601,444398125_2186671584,5.4,6,9
2025-11-27 12:46:17.817369,444501629_2291073251,9.26,7,18
2025-11-27 12:46:17.975955,444501629_2186671586,15.67,17,74
2025-11-27 12:46:18.192992,444501637_6648227221,46.8,2,26
2025-11-27 12:46:18.338381,444501637_6650982901,27.98,22,171
2025-11-27 12:46:18.523529,444874857_444875374,8.74,7,17
2025-11-27 12:46:18.725363,444874857_6651770210,28.17,46,360
2025-11-27 12:46:18.850519,444874859_6650810650,22.68,107,674
2025-11-27 12:46:19.056285,444874859_5710565212,26.6,18,133
2025-11-27 12:46:19.263836,444875109_448838032,10.8,6,18
2025-11-27 12:46:19.459050,444875109_5709996125,12.4,128,441
2025-11-27 12:46:19.664595,444875130_1613087628,18.0,4,20
2025-11-27 12:46:19.919665,444875130_1758170763,27.9,4,31
2025-11-27 12:46:20.067664,444875374_444875109,13.04,45,163
2025-11-27 12:46:20.220239,444875374_283139229,16.43,16,73
2025-11-27 12:46:20.434064,444875375_283139229,7.2,10,20
2025-11-27 12:46:20.589579,444875375_444875109,12.78,20,71
2025-11-27 12:46:20.744603,444875375_2188036136,21.96,110,671
2025-11-27 12:46:20.960447,445970096_2050902830,13.5,4,15
2025-11-27 12:46:21.159413,445970096_8823455180,12.18,26,88
2025-11-27 12:46:21.289447,445970127_2050902827,11.7,4,13
2025-11-27 12:46:21.503769,445970127_2050902832,28.56,15,119
2025-11-27 12:46:21.707089,445970799_1884776799,15.06,148,619
2025-11-27 12:46:21.917556,445970799_2291064328,17.31,21,101
2025-11-27 12:46:22.063385,446030797_2176926218,13.37,7,26
2025-11-27 12:46:22.203993,446030797_2174649904,20.44,102,579
2025-11-27 12:46:22.341749,446030797_106111364,17.85,48,238
2025-11-27 12:46:22.473597,448838032_444874857,11.4,6,19
2025-11-27 12:46:22.666125,448838032_2175126932,22.5,8,50
2025-11-27 12:46:22.951592,634709500_1613087622,17.29,310,1489
2025-11-27 12:46:23.162865,634709500_6650876740,22.02,17,104
2025-11-27 12:46:23.328037,733429120_98041851,10.2,6,17
2025-11-27 12:46:23.535993,733429120_6651770209,35.43,44,433
2025-11-27 12:46:23.742596,1104490487_319490613,8.1,8,18
2025-11-27 12:46:23.933519,1104490487_12357580642,23.22,167,1077
2025-11-27 12:46:24.146978,1219243636_1220930858,12.96,5,18
2025-11-27 12:46:24.300452,1219243636_1881928280,25.2,6,42
2025-11-27 12:46:24.507853,1219243660_12872373346,10.54,14,41
2025-11-27 12:46:24.696949,1220930858_1221053112,5.6,9,14
2025-11-27 12:46:24.905836,1220930858_10203920325,23.14,7,45
2025-11-27 12:46:25.095069,1220930867_12872373345,15.05,11,46
2025-11-27 12:46:25.319747,1221053112_1748294231,12.96,5,18
2025-11-27 12:46:25.484344,1221053112_1881928008,30.96,5,43
2025-11-27 12:46:25.621035,1221161727_1884747787,18.0,6,30
2025-11-27 12:46:25.831749,1221161727_3779255487,21.97,253,1544
2025-11-27 12:46:25.981518,1221161730_4106937190,18.28,13,66
2025-11-27 12:46:26.143538,1221161730_1221161727,5.85,32,52
2025-11-27 12:46:26.292569,1312645244_1691398148,11.7,4,13
2025-11-27 12:46:26.491181,1312645244_12375164798,13.2,3,11
2025-11-27 12:46:26.706317,1312650077_1838584736,17.1,4,19
2025-11-27 12:46:26.912822,1312650077_1879088108,19.96,167,926
2025-11-27 12:46:27.071165,1312650079_1887751321,14.4,5,20
2025-11-27 12:46:27.313969,1312650079_2185731477,26.55,8,59
2025-11-27 12:46:27.512074,1314185585_4539132165,44.47,102,1260
2025-11-27 12:46:27.698300,1314185648_4539132165,28.13,27,211
2025-11-27 12:46:27.881816,1314185653_2326674288,43.2,1,12
2025-11-27 12:46:28.076269,1314185677_1314191420,23.62,175,1148
2025-11-27 12:46:28.249862,1314185677_6621357112,28.29,148,1163
2025-11-27 12:46:28.433648,1314191398_106070559,34.12,426,4037
2025-11-27 12:46:28.562695,1314191405_5707122750,33.7,412,3857
2025-11-27 12:46:28.752306,1314191405_4538571818,40.2,6,67
2025-11-27 12:46:28.950729,1314191414_436383687,24.48,5,34
2025-11-27 12:46:29.120884,1314191415_1314191414,9.17,64,163
2025-11-27 12:46:29.370760,1314191415_4539674875,7.48,39,81
2025-11-27 12:46:29.510185,1314191417_4930438606,39.6,14,154
2025-11-27 12:46:29.635624,1314191420_4539674875,8.75,44,107
2025-11-27 12:46:29.802153,1314191420_5709923602,11.73,128,417
2025-11-27 12:46:29.999189,1314191436_6621426601,3.96,30,33
2025-11-27 12:46:30.171595,1314191436_5709923601,18.1,35,176
2025-11-27 12:46:30.355558,1314203096_2053894358,23.06,37,237
2025-11-27 12:46:30.513100,1314203102_308728680,17.85,124,615
2025-11-27 12:46:30.663809,1314203102_1314203096,17.02,11,52
2025-11-27 12:46:30.867592,1314209691_1495020912,13.82,255,979
2025-11-27 12:46:31.098844,1314209691_6405794494,8.95,33,82
2025-11-27 12:46:31.228874,1314209698_1884765802,10.8,6,18
2025-11-27 12:46:31.488517,1314209698_11014094288,24.0,6,40
2025-11-27 12:46:31.692246,1314209699_11950483417,18.6,6,31
2025-11-27 12:46:31.893837,1314209699_1884765806,15.25,208,881
2025-11-27 12:46:32.091415,1314209716_6677895172,27.81,29,224
2025-11-27 12:46:32.278475,1314209716_1887748894,20.74,168,968
2025-11-27 12:46:32.487469,1314209717_6659134174,25.2,15,105
2025-11-27 12:46:32.688821,1475295085_1475295086,21.6,8,48
2025-11-27 12:46:32.830022,1475295085_1312645244,20.78,70,404
2025-11-27 12:46:33.070421,1475295086_1475295085,26.41,315,2311
2025-11-27 12:46:33.272166,1475295086_1879091756,36.05,77,771
2025-11-27 12:46:33.474072,1494041345_6677895176,20.16,5,28
2025-11-27 12:46:33.631322,1494041345_4004297090,8.83,42,103
2025-11-27 12:46:33.835397,1494041351_1494041366,31.54,21,184
2025-11-27 12:46:34.022266,1494041352_1494041374,28.08,30,234
2025-11-27 12:46:34.164283,1494041366_1878932244,22.84,87,552
2025-11-27 12:46:34.420650,1494041366_6670444530,29.13,33,267
2025-11-27 12:46:34.592046,1494041374_1758633098,17.73,79,389
2025-11-27 12:46:34.781811,1495020912_1758631175,12.86,7,25
2025-11-27 12:46:34.979986,1495020912_6688503842,16.8,6,28
2025-11-27 12:46:35.127702,1495022225_634709500,20.7,4,23
2025-11-27 12:46:35.312357,1495023340_1314209691,18.99,102,538
2025-11-27 12:46:35.497153,1495025257_6648096525,37.2,3,31
2025-11-27 12:46:35.710337,1495025257_6650810650,21.93,22,134
2025-11-27 12:46:35.856223,1495030950_1495030951,19.44,10,54
2025-11-27 12:46:36.046446,1495030950_427847910,8.33,16,37
2025-11-27 12:46:36.254513,1495030951_317366886,14.58,181,733
2025-11-27 12:46:36.376306,1497544719_428673752,6.48,20,36
2025-11-27 12:46:36.502479,1497544719_1904353550,9.6,21,56
2025-11-27 12:46:36.701050,1497544736_5707161153,15.6,6,26
2025-11-27 12:46:36.839526,1497544736_5707161151,13.85,26,100
2025-11-27 12:46:37.043557,1497544738_5707161163,15.12,5,21
2025-11-27 12:46:37.301424,1497544749_5706891499,20.34,20,113
2025-11-27 12:46:37.518836,1497544764_9980229913,21.49,32,191
2025-11-27 12:46:37.656039,1497544764_5706896622,25.2,12,84
2025-11-27 12:46:37.836908,1497544796_7301485388,23.87,122,809
2025-11-27 12:46:38.146806,1497544796_5704011299,22.71,198,1249
2025-11-27 12:46:38.318069,1497544796_1497544764,26.31,42,307
2025-11-27 12:46:38.521904,1498038039_420457653,9.4,49,128
2025-11-27 12:46:38.742717,1498111685_10180671333,13.5,4,15
2025-11-27 12:46:38.903245,1498111685_5716649671,13.8,12,46
2025-11-27 12:46:39.054295,1613087620_444875130,9.36,5,13
2025-11-27 12:46:39.182802,1613087620_5716616005,15.69,14,61
2025-11-27 12:46:39.389250,1613087622_1613087620,20.35,127,718
2025-11-27 12:46:39.596005,1613087622_444874859,24.0,3,20
2025-11-27 12:46:39.791027,1613087628_1613087622,15.3,4,17
2025-11-27 12:46:39.987272,1613087628_1495022225,20.7,8,46
2025-11-27 12:46:40.127018,1691398148_1881927756,22.69,265,1670
2025-11-27 12:46:40.337149,1692627215_6631796343,24.39,40,271
2025-11-27 12:46:40.464931,1692627215_1919720738,29.7,4,33
2025-11-27 12:46:40.639285,1699561405_1849738362,7.4,18,37
2025-11-27 12:46:40.807997,1699561405_5716544649,34.36,696,6642
2025-11-27 12:46:40.966174,1748294231_1219243636,7.2,7,14
2025-11-27 12:46:41.153103,1748294231_10203920328,21.15,8,47
2025-11-27 12:46:41.335932,1748294250_1748294257,8.4,6,14
2025-11-27 12:46:41.475367,1748294250_10203920324,20.19,23,129
2025-11-27 12:46:41.626654,1748294257_1748294250,8.4,6,14
2025-11-27 12:46:41.881600,1748294257_1919751060,19.33,57,306
2025-11-27 12:46:42.069604,1748294274_5710673974,17.56,122,595
2025-11-27 12:46:42.277309,1748294274_10542328776,4.43,39,48
2025-11-27 12:46:42.561021,1758170763_12024836052,26.16,15,109
2025-11-27 12:46:42.763829,1758170772_6648096523,8.4,6,14
2025-11-27 12:46:42.970019,1758170772_1495022225,9.93,33,91
2025-11-27 12:46:43.256433,1758629824_5683792676,11.7,4,13
2025-11-27 12:46:43.478340,1758631175_1314209699,20.4,3,17
2025-11-27 12:46:43.678509,1758631175_1884769979,18.0,8,40
2025-11-27 12:46:43.857973,1758633098_1758633108,27.6,3,23
2025-11-27 12:46:44.063983,1758633098_81805393,20.32,267,1507
2025-11-27 12:46:44.308458,1758633108_6659134174,31.2,3,26
2025-11-27 12:46:44.463556,1758633108_1758633112,23.0,80,511
2025-11-27 12:46:44.661496,1758633112_6659134172,20.97,201,1171
2025-11-27 12:46:44.821953,1758633112_1758633108,29.5,31,254
2025-11-27 12:46:44.969884,1758651218_6610574244,22.73,16,101
2025-11-27 12:46:45.153944,1758651218_6606566485,23.06,84,538
2025-11-27 12:46:45.357416,1838584736_1312650079,16.04,11,49
2025-11-27 12:46:45.499798,1838584736_1879088105,24.0,12,80
2025-11-27 12:46:45.627364,1849738362_1699561405,4.16,32,37
2025-11-27 12:46:45.841546,1849738362_5898769297,38.84,57,615
2025-11-27 12:46:46.054544,1878921396_6659072489,18.0,1,5
2025-11-27 12:46:46.244366,1878921403_5686426699,33.6,51,476
2025-11-27 12:46:46.385518,1878921403_5686426699,33.6,51,476
2025-11-27 12:46:46.519405,1878921405_1878921403,19.08,20,106
2025-11-27 12:46:46.732679,1878932244_1494041366,11.25,8,25
2025-11-27 12:46:46.874207,1878932244_420460217,18.93,35,184
2025-11-27 12:46:47.064484,1879088105_1879091755,29.31,14,114
2025-11-27 12:46:47.262623,1879088106_1879088105,27.12,15,113
2025-11-27 12:46:47.426379,1879088106_1838584736,14.75,135,553
2025-11-27 12:46:47.568819,1879088107_1879088108,25.44,15,106
2025-11-27 12:46:47.815912,1879088107_1312650077,9.17,31,79
2025-11-27 12:46:48.004891,1879088108_13322115743,36.12,29,291
2025-11-27 12:46:48.201101,1879091753_1879091756,13.89,14,54
2025-11-27 12:46:48.386750,1879091753_1475295085,38.21,70,743
2025-11-27 12:46:48.599338,1879091755_5898769297,13.37,154,572
2025-11-27 12:46:48.735130,1879091755_1699561405,28.99,76,612
2025-11-27 12:46:48.935081,1879091756_1879091753,17.2,167,798
2025-11-27 12:46:49.085938,1879091756_1879088107,29.78,11,91
2025-11-27 12:46:49.288769,1881927756_2302166519,11.52,5,16
2025-11-27 12:46:49.489012,1881927756_12375164794,43.2,1,12
2025-11-27 12:46:49.724230,1881927757_1881928008,6.88,68,130
2025-11-27 12:46:49.957065,1881927757_1881927759,6.69,49,91
2025-11-27 12:46:50.228114,1881927757_1748294231,3.69,40,41
2025-11-27 12:46:50.451598,1881927759_6687964478,19.96,202,1120
2025-11-27 12:46:50.688115,1881928007_1881928008,24.8,9,62
2025-11-27 12:46:50.854403,1881928007_1221053112,4.5,32,40
2025-11-27 12:46:51.077443,1881928008_1881927757,8.28,10,23
2025-11-27 12:46:51.274115,1881928008_13327548968,21.0,120,700
2025-11-27 12:46:51.519632,1881928278_10203920329,0.0,0,6
2025-11-27 12:46:51.700983,1881928278_6672531385,27.82,11,85
2025-11-27 12:46:51.936553,1881928279_1881928280,5.87,81,132
2025-11-27 12:46:52.088127,1881928279_1220930858,3.04,51,43
2025-11-27 12:46:52.227865,1881928280_6672531385,43.2,1,12
2025-11-27 12:46:52.430017,1881949102_1881949103,32.91,7,64
2025-11-27 12:46:52.621622,1881949102_4539675829,32.4,47,423
2025-11-27 12:46:52.759940,1881949103_1881949102,30.31,62,522
2025-11-27 12:46:52.900730,1881949103_11768052436,32.68,26,236
2025-11-27 12:46:53.159792,1884747787_4538405005,18.9,4,21
2025-11-27 12:46:53.390724,1884747789_1884747787,16.71,14,65
2025-11-27 12:46:53.525701,1884747789_3779255487,3.99,28,31
2025-11-27 12:46:53.726029,1884765798_6658429241,20.32,96,542
2025-11-27 12:46:53.903930,1884765802_1758629824,12.0,6,20
2025-11-27 12:46:54.097720,1884765802_5674347102,12.96,5,18
2025-11-27 12:46:54.311236,1884765806_1495020912,4.02,17,19
2025-11-27 12:46:54.450936,1884765806_1884765798,16.68,207,959
2025-11-27 12:46:54.651451,1884768305_1314209717,22.68,10,63
2025-11-27 12:46:54.798534,1884768305_1314209699,3.17,42,37
2025-11-27 12:46:55.010384,1884769977_6688503847,6.75,8,15
2025-11-27 12:46:55.227041,1884769977_1884769979,25.2,9,63
2025-11-27 12:46:55.463592,1884769979_6644672133,20.1,12,67
2025-11-27 12:46:55.675710,1884776799_445970799,18.4,98,501
2025-11-27 12:46:55.826105,1884776799_5954441639,18.56,142,732
2025-11-27 12:46:55.983752,1887748894_5875603186,23.14,7,45
2025-11-27 12:46:56.203237,1887751321_1312650077,15.48,10,43
2025-11-27 12:46:56.424408,1887751321_2185731481,25.2,8,56
2025-11-27 12:46:56.608789,1897734810_1897734813,8.33,16,37
2025-11-27 12:46:56.816842,1897734810_5710222979,7.79,153,331
2025-11-27 12:46:56.949997,1897734813_1897734810,22.2,6,37
2025-11-27 12:46:57.090847,1897734813_5093497429,18.76,19,99
2025-11-27 12:46:57.312660,1901865134_1901865135,19.2,6,32
2025-11-27 12:46:57.586628,1901865134_5710136485,21.6,28,168
2025-11-27 12:46:57.807772,1901865135_1901865134,22.31,173,1072
2025-11-27 12:46:58.049231,1901865135_5710673956,29.06,42,339
2025-11-27 12:46:58.179982,1904353550_1884776799,16.69,22,102
2025-11-27 12:46:58.399503,1904360482_2174649908,8.8,9,22
2025-11-27 12:46:58.636180,1904360482_106108917,20.86,58,336
2025-11-27 12:46:58.872290,1919720738_6641911209,0.0,0,6
2025-11-27 12:46:59.053771,1919750981_6631796343,21.6,6,36
2025-11-27 12:46:59.218505,1919750981_1919720738,23.66,7,46
2025-11-27 12:46:59.418190,1919751043_1919751060,32.4,2,18
2025-11-27 12:46:59.627949,1919751043_1748294250,13.14,86,314
2025-11-27 12:46:59.785519,1919751060_1954877845,32.4,2,18
2025-11-27 12:46:59.922642,1919751060_1919751043,10.8,6,18
2025-11-27 12:47:00.044015,1954877845_1919750981,24.48,10,68
2025-11-27 12:47:00.240504,2050902820_98031401,8.4,9,21
2025-11-27 12:47:00.456379,2050902820_6662639319,16.2,6,27
2025-11-27 12:47:00.639511,2050902827_445970127,5.2,9,13
2025-11-27 12:47:00.911994,2050902827_2050902836,29.76,15,124
2025-11-27 12:47:01.062172,2050902830_445970096,10.8,5,15
2025-11-27 12:47:01.200635,2050902830_2050902833,26.68,17,126
2025-11-27 12:47:01.335503,2050902832_2050902833,3.34,14,13
2025-11-27 12:47:01.508798,2050902832_445970096,25.62,17,121
2025-11-27 12:47:01.743557,2050902833_2050902827,25.84,17,122
2025-11-27 12:47:01.874966,2050902833_2050902832,6.69,7,13
2025-11-27 12:47:02.074428,2050902835_2050902836,9.6,6,16
2025-11-27 12:47:02.235123,2050902835_445970127,28.8,15,120
2025-11-27 12:47:02.375163,2050902836_2050902835,5.24,11,16
2025-11-27 12:47:02.593046,2050902836_5489009621,29.01,17,137
2025-11-27 12:47:02.794204,2053894358_8237661942,12.0,6,20
2025-11-27 12:47:02.982074,2053894358_2290010720,20.79,98,566
2025-11-27 12:47:03.229791,2084132002_5716649671,27.0,2,15
2025-11-27 12:47:03.435739,2084132003_5718871870,8.26,17,39
2025-11-27 12:47:03.573418,2084132003_5710673979,6.96,45,87
2025-11-27 12:47:03.768663,2084132003_98041849,3.38,33,31
2025-11-27 12:47:04.050782,2174649904_106108917,18.73,79,411
2025-11-27 12:47:04.192239,2174649904_2174649908,23.27,54,349
2025-11-27 12:47:04.324279,2174649908_1904360482,15.31,103,438
2025-11-27 12:47:04.536603,2174649908_4961341864,15.4,43,184
2025-11-27 12:47:04.794691,2175126932_6648227223,26.84,22,164
2025-11-27 12:47:05.049359,2175126939_2175126932,7.86,76,166
2025-11-27 12:47:05.199442,2175126939_444874857,4.01,44,49
2025-11-27 12:47:05.412359,2176926218_446030797,15.32,59,251
2025-11-27 12:47:05.681303,2176926218_6662241095,22.2,18,111
2025-11-27 12:47:05.886290,2176926218_5716616005,16.26,93,420
2025-11-27 12:47:06.026730,2185731222_1314191415,3.67,50,51
2025-11-27 12:47:06.214322,2185731222_436383687,7.7,116,248
2025-11-27 12:47:06.478749,2185731475_2185731477,30.24,10,84
2025-11-27 12:47:06.636168,2185731475_1312650079,6.33,33,58
2025-11-27 12:47:06.785794,2185731477_13327548965,28.8,21,168
2025-11-27 12:47:06.991390,2185731479_2185731481,36.45,8,81
2025-11-27 12:47:07.215082,2185731479_1887751321,4.46,46,57
2025-11-27 12:47:07.380479,2185731481_1879091753,34.8,12,116
2025-11-27 12:47:07.588586,2186671583_2186671586,4.05,8,9
2025-11-27 12:47:07.728083,2186671583_2291073251,5.23,42,61
2025-11-27 12:47:07.928602,2186671584_444398125,6.48,5,9
2025-11-27 12:47:08.142402,2186671584_2186671583,21.09,21,123
2025-11-27 12:47:08.332946,2186671585_2186671584,18.72,15,78
2025-11-27 12:47:08.523208,2186671586_2186671583,10.8,3,9
2025-11-27 12:47:08.741658,2186671586_444398125,17.74,28,138
2025-11-27 12:47:08.941169,2188036136_283139237,13.13,164,598
2025-11-27 12:47:09.090615,2188036136_444875375,5.82,78,126
2025-11-27 12:47:09.303617,2195296719_6644721587,14.4,1,4
2025-11-27 12:47:09.489375,2195296719_438036727,20.84,19,110
2025-11-27 12:47:09.718077,2195296719_309685730,16.13,152,681
2025-11-27 12:47:09.961620,2212544448_1314191436,4.8,9,12
2025-11-27 12:47:10.165130,2212544448_1314185648,17.57,50,244
2025-11-27 12:47:10.370845,2274969534_5828495464,4.15,13,15
2025-11-27 12:47:10.571858,2274969534_5718868836,27.41,44,335
2025-11-27 12:47:10.790036,2289976216_5718868836,25.61,96,683
2025-11-27 12:47:10.933721,2289976216_5828495464,26.06,46,333
2025-11-27 12:47:11.201186,2289997642_2289997644,4.4,9,11
2025-11-27 12:47:11.345714,2289997642_1314203102,12.37,39,134
2025-11-27 12:47:11.558953,2289997644_2289997642,13.2,3,11
2025-11-27 12:47:11.698386,2289997644_2289976216,25.02,20,139
2025-11-27 12:47:11.902546,2290010720_2290010722,5.6,9,14
2025-11-27 12:47:12.079668,2290010720_309595522,10.33,54,155
2025-11-27 12:47:12.212846,2290010722_2290010720,7.2,7,14
2025-11-27 12:47:12.411604,2290010722_8237661942,19.7,104,569
2025-11-27 12:47:12.601972,2291064324_319490613,21.98,19,116
2025-11-27 12:47:12.735532,2291064328_2291064324,19.64,11,60
2025-11-27 12:47:12.933813,2291064328_428673752,3.83,31,33
2025-11-27 12:47:13.197773,2291072469_317366886,8.64,5,12
2025-11-27 12:47:13.393560,2291072469_5710136488,15.92,166,734
2025-11-27 12:47:13.606595,2291072476_5710136485,10.8,6,18
2025-11-27 12:47:13.761797,2291072476_5710136487,28.8,4,32
2025-11-27 12:47:13.924250,2291073251_2291072469,13.2,6,22
2025-11-27 12:47:14.188040,2291073251_2291254030,25.39,37,261
2025-11-27 12:47:14.411140,2291254028_2291254030,11.13,11,34
2025-11-27 12:47:14.565725,2291254028_2291072469,12.14,78,263
2025-11-27 12:47:14.718116,2291254030_2291254028,22.12,186,1143
2025-11-27 12:47:14.990514,2291254030_444501637,27.76,45,347
2025-11-27 12:47:15.174115,2295384939_436388447,6.75,8,15
2025-11-27 12:47:15.383327,2295384939_5721511585,24.5,41,279
2025-11-27 12:47:15.602311,2302164518_2302164519,24.48,100,680
2025-11-27 12:47:15.725905,2302164518_5719031414,24.34,71,480
2025-11-27 12:47:15.874456,2302164519_2302164518,7.65,8,17
2025-11-27 12:47:16.085140,2302164519_12375164797,9.84,56,153
2025-11-27 12:47:16.230891,2302166519_1312645244,8.05,17,38
2025-11-27 12:47:16.433850,2302166519_1475295086,27.65,53,407
2025-11-27 12:47:16.632909,2303337176_1498038039,29.56,33,271
2025-11-27 12:47:16.824196,2326674277_5709923606,43.2,2,24
2025-11-27 12:47:17.013858,2326674277_2326674288,34.65,24,231
2025-11-27 12:47:17.189658,2326674281_5709923603,54.0,1,15
2025-11-27 12:47:17.458443,2326674281_1314191417,33.0,24,220
2025-11-27 12:47:17.664581,2326674288_4539674888,35.79,17,169
2025-11-27 12:47:17.821434,2570960524_12206582473,30.34,68,573
2025-11-27 12:47:18.013963,2570960524_5707647500,33.94,28,264
2025-11-27 12:47:18.249168,2584589542_5721511586,29.66,155,1277
2025-11-27 12:47:18.465053,2701058419_5716537675,10.51,63,184
2025-11-27 12:47:18.687522,2701184883_4539682086,20.7,28,161
2025-11-27 12:47:18.954855,3075526390_1919751043,28.8,3,24
2025-11-27 12:47:19.128892,3075526390_1954877845,23.6,9,59
2025-11-27 12:47:19.282559,3075526396_3075526390,27.45,8,61
2025-11-27 12:47:19.451718,3779255487_2701184883,15.55,315,1361
2025-11-27 12:47:19.582875,3779255487_5716537702,6.84,30,57
2025-11-27 12:47:19.829252,3779255494_4538405026,26.1,4,29
2025-11-27 12:47:20.037671,4004297090_1878921396,10.12,16,45
2025-11-27 12:47:20.172897,4004297090_1878921405,16.11,21,94
2025-11-27 12:47:20.426418,4025084971_6666128977,37.44,10,104
2025-11-27 12:47:20.629949,4025084971_4538571805,23.14,7,45
2025-11-27 12:47:20.877876,4025115175_5707407583,6.69,14,26
2025-11-27 12:47:21.141817,4025115175_5709996124,17.77,31,153
2025-11-27 12:47:21.392505,4027449781_6621078261,21.51,42,251
2025-11-27 12:47:21.587535,4106937190_4538404990,0.0,0,5
2025-11-27 12:47:21.837903,4538404990_13282498392,22.2,6,37
2025-11-27 12:47:22.089939,4538404991_4538405005,24.11,242,1621
2025-11-27 12:47:22.271132,4538404991_1221161727,21.88,489,2972
2025-11-27 12:47:22.409680,4538404998_3779255494,15.08,16,67
2025-11-27 12:47:22.566470,4538404998_1221161730,3.6,43,43
2025-11-27 12:47:22.831324,4538405005_4538405024,24.79,53,365
2025-11-27 12:47:23.032265,4538405006_1884747789,4.25,22,26
2025-11-27 12:47:23.277537,4538405006_2701184883,14.05,363,1417
2025-11-27 12:47:23.465033,4538405017_11700202516,29.92,58,482
2025-11-27 12:47:23.668834,4538405021_4538405024,39.28,79,862
2025-11-27 12:47:23.874960,4538405021_4538405061,30.8,436,3730
2025-11-27 12:47:24.062178,4538405024_6689058288,33.63,35,327
2025-11-27 12:47:24.272621,4538405026_4538405017,31.14,431,3728
2025-11-27 12:47:24.470388,4538405061_4538404998,21.6,4,24
2025-11-27 12:47:24.640332,4538405061_4106937190,6.68,166,308
2025-11-27 12:47:24.822683,4538405136_11768052437,30.45,72,609
2025-11-27 12:47:25.070920,4538405136_4538405137,33.08,64,588
2025-11-27 12:47:25.239824,4538405137_4540453395,13.82,25,96
2025-11-27 12:47:25.438721,4538571805_5707122780,37.16,190,1961
2025-11-27 12:47:25.592930,4538571805_4539675798,33.41,96,891
2025-11-27 12:47:25.736416,4538571806_4539675798,26.1,8,58
2025-11-27 12:47:25.918591,4538571806_5707122775,18.0,6,30
2025-11-27 12:47:26.127052,4538571818_1314191398,50.4,3,42
2025-11-27 12:47:26.364431,4539132150_4830545884,47.72,94,1246
2025-11-27 12:47:26.505308,4539132150_2326674277,29.77,26,215
2025-11-27 12:47:26.697500,4539132165_5716477055,18.58,37,191
2025-11-27 12:47:26.872648,4539674875_6621426593,25.2,9,63
2025-11-27 12:47:27.127966,4539674875_4539674879,7.41,35,72
2025-11-27 12:47:27.307552,4539674879_1314185677,21.82,16,97
2025-11-27 12:47:27.458656,4539674879_6628818468,26.74,7,52
2025-11-27 12:47:27.637852,4539674883_5716544649,45.12,30,376
2025-11-27 12:47:27.785217,4539674883_12606538099,59.87,89,1480
2025-11-27 12:47:27.988799,4539674888_1849738362,25.84,84,603
2025-11-27 12:47:28.135588,4539674888_3779255475,31.34,174,1515
2025-11-27 12:47:28.314408,4539675798_4538571805,32.97,416,3810
2025-11-27 12:47:28.454753,4539675798_5707122775,19.44,10,54
2025-11-27 12:47:28.639064,4539675798_10159724112,22.8,6,38
2025-11-27 12:47:28.918117,4539675829_444394912,22.89,28,178
2025-11-27 12:47:29.055191,4539682086_1881949103,28.29,56,440
2025-11-27 12:47:29.240489,4539682086_12606538104,26.52,60,442
2025-11-27 12:47:29.372834,4539684490_4539675829,28.8,53,424
2025-11-27 12:47:29.597387,4539684490_3779242655,54.47,91,1377
2025-11-27 12:47:29.801397,4540453369_4540453370,5.4,12,18
2025-11-27 12:47:29.954238,4540453370_4540453369,8.1,8,18
2025-11-27 12:47:30.146515,4540453370_5707271704,25.89,42,302
2025-11-27 12:47:30.361711,4540453378_5707271696,32.73,22,200
2025-11-27 12:47:30.590844,4540453393_4540453394,18.0,6,30
2025-11-27 12:47:30.779756,4540453393_10076263977,25.2,3,21
2025-11-27 12:47:31.013061,4540453394_5093497431,24.69,7,48
2025-11-27 12:47:31.153310,4540453394_4540453405,16.15,72,323
2025-11-27 12:47:31.354220,4540453395_4540453396,26.0,9,65
2025-11-27 12:47:31.542678,4540453395_4540453393,6.77,25,47
2025-11-27 12:47:31.747270,4540453396_4540453400,40.2,18,201
2025-11-27 12:47:31.994288,4540453399_10076263973,16.81,106,495
2025-11-27 12:47:32.190967,4540453399_5093497430,26.17,26,189
2025-11-27 12:47:32.364074,4540453400_444501629,15.21,321,1356
2025-11-27 12:47:32.575863,4540453404_10076263978,7.71,7,15
2025-11-27 12:47:32.765714,4540453404_4540453406,13.38,134,498
2025-11-27 12:47:32.948830,4540453405_4542621501,12.8,9,32
2025-11-27 12:47:33.085027,4540453405_10076263979,13.85,111,427
2025-11-27 12:47:33.212882,4540453406_4538405136,29.4,12,98
2025-11-27 12:47:33.411112,4541071715_4541071716,6.75,8,15
2025-11-27 12:47:33.674709,4541071715_6587550955,31.25,44,382
2025-11-27 12:47:33.806924,4541071716_4541071715,3.86,14,15
2025-11-27 12:47:34.017282,4541071716_10965136434,13.33,81,300
2025-11-27 12:47:34.233234,4541105058_5707271706,36.0,2,20
2025-11-27 12:47:34.468441,4541105059_4541105058,14.4,3,12
2025-11-27 12:47:34.629655,4541105059_11182265554,27.26,218,1651
2025-11-27 12:47:34.823056,4542621501_4540453393,11.4,12,38
2025-11-27 12:47:34.985872,4542621501_4540453406,28.8,5,40
2025-11-27 12:47:35.144838,4599745018_98027697,14.01,93,362
2025-11-27 12:47:35.399339,4599745018_10130533955,27.0,4,30
2025-11-27 12:47:35.677444,4599745018_7920618648,14.68,192,783
2025-11-27 12:47:35.938173,4600895552_10130533953,17.22,37,177
2025-11-27 12:47:36.142820,4600895552_6617292919,14.21,134,529
2025-11-27 12:47:36.345221,4830545876_6325815718,19.41,23,124
2025-11-27 12:47:36.536465,4830545876_5707122751,44.49,56,692
2025-11-27 12:47:36.703938,4830545884_106070559,57.7,37,593
2025-11-27 12:47:36.836985,4830545884_5707122751,39.76,22,243
2025-11-27 12:47:37.017690,4930425700_4930425704,36.16,23,231
2025-11-27 12:47:37.168892,4930425700_1314185585,53.49,42,624
2025-11-27 12:47:37.327177,4930425704_4025084971,57.6,2,32
2025-11-27 12:47:37.464968,4930438606_4830545876,52.2,2,29
2025-11-27 12:47:37.695551,4961341856_1497544719,11.06,97,298
2025-11-27 12:47:37.845411,4961341856_5707161154,22.68,10,63
2025-11-27 12:47:38.062451,4961341859_4961341860,9.48,123,324
2025-11-27 12:47:38.321511,4961341859_6661055809,5.31,21,31
2025-11-27 12:47:38.501876,4961341860_4961341865,6.96,15,29
2025-11-27 12:47:38.648419,4961341864_4961341859,7.85,11,24
2025-11-27 12:47:38.785250,4961341864_6685236291,25.2,23,161
2025-11-27 12:47:38.943216,4961341865_4961341864,16.87,83,389
2025-11-27 12:47:39.158929,4961341865_1904360482,20.59,32,183
2025-11-27 12:47:39.342739,5093497426_10076263973,27.45,24,183
2025-11-27 12:47:39.524920,5093497429_5093497426,20.88,10,58
2025-11-27 12:47:39.682370,5093497429_4540453405,8.55,16,38
2025-11-27 12:47:39.882547,5093497430_10076263976,3.2,27,24
2025-11-27 12:47:40.012234,5093497430_5093497431,27.6,9,69
2025-11-27 12:47:40.208670,5093497431_1897734810,21.15,16,94
2025-11-27 12:47:40.413604,5206119178_283139237,21.56,88,527
2025-11-27 12:47:40.557243,5206119178_420456683,22.05,183,1121
2025-11-27 12:47:40.769398,5485653490_5875623873,24.0,3,20
2025-11-27 12:47:40.902179,5485653490_6688490814,17.44,77,373
2025-11-27 12:47:41.109925,5485722628_6606566488,17.26,224,1074
2025-11-27 12:47:41.324557,5485722628_8341509537,21.28,68,402
2025-11-27 12:47:41.592276,5485722628_6610228314,9.39,23,60
2025-11-27 12:47:41.786613,5489009621_6677147310,23.4,4,26
2025-11-27 12:47:41.975239,5489009621_6677147301,20.74,25,144
2025-11-27 12:47:42.219355,5598303159_13282511305,0.0,0,5
2025-11-27 12:47:42.438637,5598303159_13282511304,37.15,75,774
2025-11-27 12:47:42.652125,5641890821_5641890822,25.05,193,1343
2025-11-27 12:47:42.862753,5641890821_6661487945,22.98,156,996
2025-11-27 12:47:42.994979,5641890822_5641890821,24.75,8,55
2025-11-27 12:47:43.193732,5641890822_5641890823,28.99,19,153
2025-11-27 12:47:43.412431,5641890823_10087376960,17.69,23,113
2025-11-27 12:47:43.591446,5641890823_11700202517,19.8,6,33
2025-11-27 12:47:43.810266,5645750065_9970440452,17.82,20,99
2025-11-27 12:47:43.962700,5645750065_9970440452,17.82,20,99
2025-11-27 12:47:44.158901,5674347102_1758629824,9.77,7,19
2025-11-27 12:47:44.309774,5674347102_7920618648,7.29,290,587
2025-11-27 12:47:44.519545,5683715143_1494041345,18.34,21,107
2025-11-27 12:47:44.791721,5683792676_1314209698,20.62,125,716
2025-11-27 12:47:44.928423,5683792676_98026475,19.2,9,48
2025-11-27 12:47:45.136674,5686426699_7985603148,35.2,9,88
2025-11-27 12:47:45.400300,5686449780_6688471376,27.6,9,69
2025-11-27 12:47:45.602482,5706891499_5706896622,22.81,128,811
2025-11-27 12:47:45.740400,5706891499_9980229913,22.71,13,82
2025-11-27 12:47:45.905732,5706896622_5706891499,12.86,7,25
2025-11-27 12:47:46.100753,5706896622_1497544738,11.66,46,149
2025-11-27 12:47:46.302865,5707122750_6677687648,31.72,360,3172
2025-11-27 12:47:46.438760,5707122750_1699561412,31.46,23,201
2025-11-27 12:47:46.575944,5707122751_6677687648,64.8,1,18
2025-11-27 12:47:46.710263,5707122775_10159724112,29.13,174,1408
2025-11-27 12:47:46.840414,5707122779_4538571806,35.82,20,199
2025-11-27 12:47:47.026753,5707122782_6677687639,29.1,24,194
2025-11-27 12:47:47.457485,5707161151_81806535,5.54,26,40
2025-11-27 12:47:47.630370,5707161153_1497544738,11.92,87,288
2025-11-27 12:47:47.773550,5707161153_5707161163,11.96,93,309
2025-11-27 12:47:47.934441,5707161153_1497544749,18.0,7,35
2025-11-27 12:47:48.126918,5707161154_8231491411,22.2,12,74
2025-11-27 12:47:48.383081,5707161162_1904353550,6.84,50,95
2025-11-27 12:47:48.526334,5707161162_1497544719,4.84,29,39
2025-11-27 12:47:48.750905,5707161163_5707161154,28.4,9,71
2025-11-27 12:47:48.884041,5707161163_4961341856,11.43,143,454
2025-11-27 12:47:49.078052,5707262958_6685466405,15.51,13,56
2025-11-27 12:47:49.269306,5707271696_4541105058,33.91,55,518
2025-11-27 12:47:49.573022,5707271700_5707271696,24.0,6,40
2025-11-27 12:47:49.829289,5707271703_5707271704,26.59,83,613
2025-11-27 12:47:50.024688,5707271703_4540453369,30.3,36,303
2025-11-27 12:47:50.205410,5707271704_5707271705,20.66,23,132
2025-11-27 12:47:50.413006,5707271705_4541105059,27.6,3,23
2025-11-27 12:47:50.571754,5707271705_12725862785,26.9,159,1188
2025-11-27 12:47:50.708637,5707271706_5707271705,25.79,123,881
2025-11-27 12:47:50.843036,5707271706_5707271703,27.95,17,132
2025-11-27 12:47:51.051324,5707407583_5707407590,22.8,3,19
2025-11-27 12:47:51.257411,5707407590_5707407591,7.2,7,14
2025-11-27 12:47:51.437656,5707407590_6670444529,28.05,43,335
2025-11-27 12:47:51.622690,5707407591_4025115175,12.6,6,21
2025-11-27 12:47:51.877793,5707407591_6685434573,22.5,28,175
2025-11-27 12:47:52.042416,5707647467_5707647500,26.41,197,1445
2025-11-27 12:47:52.246567,5707647467_12206582473,30.66,31,264
2025-11-27 12:47:52.399750,5707647500_5707647467,21.09,7,41
2025-11-27 12:47:52.581962,5707647500_6658364083,34.8,3,29
2025-11-27 12:47:52.781637,5707679597_11201648616,13.44,15,56
2025-11-27 12:47:52.961917,5709923601_1314185648,31.2,6,52
2025-11-27 12:47:53.150302,5709923602_1314191417,28.8,9,72
2025-11-27 12:47:53.293197,5709923603_5709923602,10.19,182,515
2025-11-27 12:47:53.472486,5709923603_6621357115,17.1,8,38
2025-11-27 12:47:53.654622,5709923606_1314185653,35.1,20,195
2025-11-27 12:47:53.852072,5709923606_6628818478,16.97,21,99
2025-11-27 12:47:54.047374,5709996124_5709996125,2.88,15,12
2025-11-27 12:47:54.341557,5709996124_448838032,4.77,188,249
2025-11-27 12:47:54.509027,5709996125_5709996124,6.17,7,12
2025-11-27 12:47:54.717065,5709996125_5707407583,15.1,36,151
2025-11-27 12:47:54.919269,5710098650_5716807750,12.86,7,25
2025-11-27 12:47:55.098800,5710098650_5717115613,35.36,28,275
2025-11-27 12:47:55.254635,5710136485_317778303,23.4,2,13
2025-11-27 12:47:55.394374,5710136487_1901865135,21.6,22,132
2025-11-27 12:47:55.614395,5710136488_5710136487,25.2,7,49
2025-11-27 12:47:55.837155,5710136488_2291072476,4.32,30,36
2025-11-27 12:47:55.985776,5710222979_2212544448,5.86,102,166
2025-11-27 12:47:56.223853,5710222986_5710222979,20.76,64,369
2025-11-27 12:47:56.450185,5710222986_3779255475,51.49,99,1416
2025-11-27 12:47:56.676070,5710222987_12606538099,25.77,63,451
2025-11-27 12:47:56.826549,5710222987_1897734813,25.14,388,2709
2025-11-27 12:47:57.165213,5710231827_1887748894,23.4,2,13
2025-11-27 12:47:57.388559,5710538391_5710538395,24.3,8,54
2025-11-27 12:47:57.671839,5710538391_11111175326,22.11,7,43
2025-11-27 12:47:57.866823,5710538395_5710691038,18.72,5,26
2025-11-27 12:47:58.039331,5710538395_5710691056,26.78,16,119
2025-11-27 12:47:58.221875,5710565212_5828999543,22.92,30,191
2025-11-27 12:47:58.442705,5710673956_5716670119,32.4,5,45
2025-11-27 12:47:58.592570,5710673956_2084132003,11.83,56,184
2025-11-27 12:47:58.783018,5710673974_5710673979,15.2,9,38
2025-11-27 12:47:58.988293,5710673974_98041257,9.9,8,22
2025-11-27 12:47:59.130108,5710673974_1748294274,18.15,118,595
2025-11-27 12:47:59.324866,5710673979_5710673992,30.6,22,187
2025-11-27 12:47:59.459071,5710673992_106078638,34.2,4,38
2025-11-27 12:47:59.657646,5710691038_5710538391,9.23,23,59
2025-11-27 12:47:59.795268,5710691038_5710691043,28.59,17,135
2025-11-27 12:48:00.003868,5710691044_5710691043,32.85,16,146
2025-11-27 12:48:00.175946,5710691044_5710691038,26.65,194,1436
2025-11-27 12:48:00.452003,5710691045_5710538395,9.55,46,122
2025-11-27 12:48:00.603691,5710691045_5710691056,34.63,21,202
2025-11-27 12:48:00.830113,5710691056_8462966000,29.52,5,41
2025-11-27 12:48:01.038773,5716241016_5716241017,22.95,8,51
2025-11-27 12:48:01.230095,5716241017_1881928278,23.68,161,1059
2025-11-27 12:48:01.480873,5716408768_1494035973,6.0,33,55
2025-11-27 12:48:01.686359,5716408768_6659134177,19.18,494,2632
2025-11-27 12:48:01.809366,5716408772_6659134177,22.11,7,43
2025-11-27 12:48:01.982043,5716477055_5716477056,23.47,110,717
2025-11-27 12:48:02.134052,5716477055_1495030950,25.03,43,299
2025-11-27 12:48:02.327822,5716477056_5716477055,7.65,16,34
2025-11-27 12:48:02.462329,5716477056_4539132150,18.38,38,194
2025-11-27 12:48:02.630992,5716537675_4538404990,8.23,21,48
2025-11-27 12:48:02.793200,5716537675_4538404991,10.44,10,29
2025-11-27 12:48:02.947011,5716537702_3779255494,19.8,8,44
2025-11-27 12:48:03.160232,5716537702_1221161730,10.08,15,42
2025-11-27 12:48:03.365022,5716544649_2326674281,34.94,17,165
2025-11-27 12:48:03.502714,5716616005_444875130,6.4,36,64
2025-11-27 12:48:03.661054,5716616005_2176926218,15.55,97,419
2025-11-27 12:48:03.866611,5716649671_5716670117,29.63,313,2576
2025-11-27 12:48:03.995983,5716670117_5718916301,30.54,31,263
2025-11-27 12:48:04.179261,5716670118_5716670117,31.39,206,1796
2025-11-27 12:48:04.331362,5716670118_5716670119,34.9,49,475
2025-11-27 12:48:04.479914,5716670119_5710673992,17.87,227,1127
2025-11-27 12:48:04.615390,5716670119_5716670118,26.83,146,1088
2025-11-27 12:48:04.823434,5716670621_5716670118,25.37,145,1022
2025-11-27 12:48:04.978288,5716670621_1498111685,30.83,23,197
2025-11-27 12:48:05.182636,5716670628_2084132002,9.9,20,55
2025-11-27 12:48:05.342639,5716670628_98041851,21.26,191,1128
2025-11-27 12:48:05.548939,5716807749_5717115613,28.29,71,558
2025-11-27 12:48:05.687180,5716807749_5716807750,35.49,28,276
2025-11-27 12:48:05.829119,5716807750_5710098650,25.3,186,1307
2025-11-27 12:48:05.996747,5716807750_6684737819,27.75,124,956
2025-11-27 12:48:06.126067,5717115613_5716807749,25.2,4,28
2025-11-27 12:48:06.320045,5717115613_4540453378,32.95,13,119
2025-11-27 12:48:06.466708,5718868836_2289976216,6.4,9,16
2025-11-27 12:48:06.620905,5718868836_2289997642,22.38,23,143
2025-11-27 12:48:06.785625,5718871870_283139229,14.61,192,779
2025-11-27 12:48:06.932854,5718871870_98041849,3.29,23,21
2025-11-27 12:48:07.119198,5718886024_1748294257,12.4,36,124
2025-11-27 12:48:07.323411,5718916274_5718916294,9.68,96,258
2025-11-27 12:48:07.594788,5718916274_10296445823,5.04,5,7
2025-11-27 12:48:07.824852,5718916291_12816414547,14.1,12,47
2025-11-27 12:48:07.977022,5718916291_98035472,6.05,22,37
2025-11-27 12:48:08.190431,5718916292_6650876736,14.72,280,1145
2025-11-27 12:48:08.382975,5718916292_12816414542,12.0,3,10
2025-11-27 12:48:08.577690,5718916293_5718916294,18.0,1,5
2025-11-27 12:48:08.786738,5718916294_98042270,22.95,48,306
2025-11-27 12:48:08.987127,5718916301_5718916302,14.64,212,862
2025-11-27 12:48:09.179199,5718916301_5718916291,7.92,15,33
2025-11-27 12:48:09.345341,5718916302_5718916301,8.84,11,27
2025-11-27 12:48:09.479567,5718916302_5716670621,30.77,31,265
2025-11-27 12:48:09.703335,5718946093_1748294274,6.35,17,30
2025-11-27 12:48:09.877345,5719031413_5719031414,16.97,7,33
2025-11-27 12:48:10.026407,5719031413_2302164519,23.67,73,480
2025-11-27 12:48:10.180848,5719031414_5719031413,27.4,72,548
2025-11-27 12:48:10.392477,5719031414_3075526396,26.77,23,171
2025-11-27 12:48:10.591138,5719125659_6648096524,33.3,4,37
2025-11-27 12:48:10.737171,5719125659_1758170772,23.61,68,446
2025-11-27 12:48:10.868101,5721511585_2584589542,40.32,5,56
2025-11-27 12:48:11.056360,5721511586_436388447,26.15,38,276
2025-11-27 12:48:11.181141,5828495464_2274969534,10.8,5,15
2025-11-27 12:48:11.318847,5828495464_5719125659,27.65,22,169
2025-11-27 12:48:11.503406,5828999542_5828999543,19.83,136,749
2025-11-27 12:48:11.650469,5828999542_1495025257,23.83,29,192
2025-11-27 12:48:11.792886,5828999543_5828999542,11.31,7,22
2025-11-27 12:48:11.999613,5828999543_6648227222,20.21,31,174
2025-11-27 12:48:12.224829,5831399053_6603014206,26.29,340,2483
2025-11-27 12:48:12.380531,5831399053_1494041374,34.8,66,638
2025-11-27 12:48:12.508868,5875603186_5645750065,26.1,12,87
2025-11-27 12:48:12.649713,5875603186_5206119178,23.57,62,406
2025-11-27 12:48:12.859706,5875623873_6677147301,22.5,4,25
2025-11-27 12:48:13.021539,5875623873_6677147310,18.23,16,81
2025-11-27 12:48:13.146441,5898769297_2185731475,33.94,14,132
2025-11-27 12:48:13.402902,5954441639_5954441640,3.6,8,8
2025-11-27 12:48:13.606039,5954441639_6659134171,25.2,15,105
2025-11-27 12:48:13.745720,5954441640_5954441639,1.92,15,8
2025-11-27 12:48:13.965963,5954441640_11201648616,20.16,60,336
2025-11-27 12:48:14.178347,5962836764_6325815718,41.13,66,754
2025-11-27 12:48:14.347855,5962836764_1314185585,40.07,23,256
2025-11-27 12:48:14.545139,6044465949_2701058419,14.1,109,427
2025-11-27 12:48:14.753614,6044465949_12606538104,15.01,334,1393
2025-11-27 12:48:14.949561,6325815718_6325815720,54.0,2,30
2025-11-27 12:48:15.089529,6325815720_4930438606,10.29,294,840
2025-11-27 12:48:15.232026,6325815720_2185731222,8.26,75,172
2025-11-27 12:48:15.445162,6405794494_6659134172,20.09,269,1501
2025-11-27 12:48:15.640309,6413551907_8341509537,25.2,2,14
2025-11-27 12:48:15.839315,6413551907_8341509535,16.32,15,68
2025-11-27 12:48:16.103434,6441639163_6689057478,25.2,32,224
2025-11-27 12:48:16.293360,6587550954_6587550955,5.2,9,13
2025-11-27 12:48:16.451710,6587550954_4541071716,31.09,44,380
2025-11-27 12:48:16.647504,6587550955_6587550954,3.34,14,13
2025-11-27 12:48:16.808579,6587550955_420456615,8.69,46,111
2025-11-27 12:48:17.068920,6587651051_1901865134,32.14,28,250
2025-11-27 12:48:17.272382,6600206282_13282498396,18.17,213,1075
2025-11-27 12:48:17.485311,6600206282_5598303159,28.38,17,134
2025-11-27 12:48:17.682702,6600206283_13282498396,19.46,188,1016
2025-11-27 12:48:17.853442,6600206283_2701058419,23.84,45,298
2025-11-27 12:48:18.091379,6601012241_6688570393,57.6,1,16
2025-11-27 12:48:18.258510,6601012241_6441639163,20.49,13,74
2025-11-27 12:48:18.454674,6603014206_10682258584,25.63,101,719
2025-11-27 12:48:18.661832,6603014206_6603014207,30.6,6,51
2025-11-27 12:48:18.882916,6603014207_6659072491,16.2,6,27
2025-11-27 12:48:19.139706,6603014207_6659072492,46.8,1,13
2025-11-27 12:48:19.267928,6606566485_10682258584,16.46,14,64
2025-11-27 12:48:19.474501,6606566485_6606566487,43.2,1,12
2025-11-27 12:48:19.667280,6606566485_1758651218,23.62,82,538
2025-11-27 12:48:19.799703,6606566487_6610228314,18.65,195,1010
2025-11-27 12:48:19.924996,6606566487_6606566485,43.2,1,12
2025-11-27 12:48:20.126828,6606566488_6606566487,18.0,12,60
2025-11-27 12:48:20.331956,6606566488_10682258584,24.0,3,20
2025-11-27 12:48:20.474064,6606566488_5485722628,18.77,206,1074
2025-11-27 12:48:20.666821,6610228314_10743484787,20.67,66,379
2025-11-27 12:48:20.833238,6610228314_6606566487,19.55,186,1010
2025-11-27 12:48:20.963923,6610228314_5485722628,8.5,25,59
2025-11-27 12:48:21.172107,6610574244_6659072491,20.85,24,139
2025-11-27 12:48:21.325549,6610574244_1758651218,23.52,15,98
2025-11-27 12:48:21.530975,6617292919_4600895552,19.2,48,256
2025-11-27 12:48:21.712993,6617292919_7985603136,4.65,31,40
2025-11-27 12:48:21.968665,6621078250_6621078251,6.69,7,13
2025-11-27 12:48:22.161189,6621078250_6621078260,31.35,31,270
2025-11-27 12:48:22.314402,6621078251_6621078250,4.68,10,13
2025-11-27 12:48:22.557211,6621078251_420456595,33.3,32,296
2025-11-27 12:48:22.769649,6621078260_6621078261,8.03,13,29
2025-11-27 12:48:22.964362,6621078260_2303337176,18.38,48,245
2025-11-27 12:48:23.164783,6621078261_6621078260,26.84,77,574
2025-11-27 12:48:23.376248,6621078261_420456583,31.3,23,200
2025-11-27 12:48:23.579356,6621357112_1314185653,54.0,2,30
2025-11-27 12:48:23.772914,6621357115_1314191420,5.74,37,59
2025-11-27 12:48:23.908377,6621357115_6621357112,20.49,13,74
2025-11-27 12:48:24.081772,6621426593_1314191414,32.4,2,18
2025-11-27 12:48:24.269855,6621426601_6621426593,10.32,134,384
2025-11-27 12:48:24.408765,6621426601_4539674879,4.77,40,53
2025-11-27 12:48:24.557025,6628818468_5709923601,27.6,9,69
2025-11-27 12:48:24.696103,6628818478_1314185677,4.25,39,46
2025-11-27 12:48:24.836466,6628818478_6628818468,8.24,149,341
2025-11-27 12:48:25.001598,6631796343_1692627215,23.4,4,26
2025-11-27 12:48:25.207747,6641911209_5719031413,33.16,19,175
2025-11-27 12:48:25.452946,6641911209_3075526396,22.5,8,50
2025-11-27 12:48:25.726511,6644672133_6644672135,19.38,52,280
2025-11-27 12:48:25.877228,6644672133_1884768305,11.78,22,72
2025-11-27 12:48:26.019703,6644672135_6644672133,18.67,54,280
2025-11-27 12:48:26.292753,6644672135_106111364,20.66,23,132
2025-11-27 12:48:26.448638,6644721587_2195296719,23.7,36,237
2025-11-27 12:48:26.609069,6644721587_11107112929,23.66,7,46
2025-11-27 12:48:26.909773,6647118933_2290010722,22.42,22,137
2025-11-27 12:48:27.114543,6647145130_8598733283,6.48,15,27
2025-11-27 12:48:27.314739,6647145130_5701309369,10.67,28,83
2025-11-27 12:48:27.510860,6648096523_1758170763,3.13,23,20
2025-11-27 12:48:27.734932,6648096523_1613087628,6.78,17,32
2025-11-27 12:48:27.929023,6648096524_6648096525,32.8,27,246
2025-11-27 12:48:28.087378,6648096524_12024836052,19.59,131,713
2025-11-27 12:48:28.282480,6648096525_6648096524,32.8,27,246
2025-11-27 12:48:28.422479,6648096525_5710565212,37.2,3,31
2025-11-27 12:48:28.699589,6648227219_2291254028,26.43,47,345
2025-11-27 12:48:28.921151,6648227221_6648227219,23.4,4,26
2025-11-27 12:48:29.122324,6648227221_6648227224,33.94,49,462
2025-11-27 12:48:29.254881,6648227222_6648227224,34.8,3,29
2025-11-27 12:48:29.400737,6648227222_2175126939,19.56,30,163
2025-11-27 12:48:29.554273,6648227223_5828999542,20.09,31,173
2025-11-27 12:48:29.690209,6648227224_6648227223,36.0,3,30
2025-11-27 12:48:29.825956,6648227224_6648227221,32.61,51,462
2025-11-27 12:48:30.038685,6650810650_444874859,10.47,33,96
2025-11-27 12:48:30.238828,6650810650_1613087620,5.66,14,22
2025-11-27 12:48:30.384248,6650876736_5718916292,5.53,230,353
2025-11-27 12:48:30.592067,6650876736_6650876740,9.72,581,1569
2025-11-27 12:48:30.733564,6650876740_6650876736,11.76,60,196
2025-11-27 12:48:30.930296,6650876740_634709500,18.56,274,1413
2025-11-27 12:48:31.130803,6650982900_6650982901,25.93,148,1066
2025-11-27 12:48:31.289585,6650982900_6648227219,27.65,22,169
2025-11-27 12:48:31.510577,6650982901_6650982900,8.69,46,111
2025-11-27 12:48:31.646407,6650982901_444875375,5.34,31,46
2025-11-27 12:48:31.852082,6651770209_6651770210,4.87,17,23
2025-11-27 12:48:32.027834,6651770209_444875374,11.38,174,550
2025-11-27 12:48:32.198552,6651770210_6651770209,17.5,193,938
2025-11-27 12:48:32.344027,6651770210_5716670628,14.96,96,399
2025-11-27 12:48:32.564140,6658429241_10130533935,26.45,147,1080
2025-11-27 12:48:32.723368,6658429241_11014094287,21.05,26,152
2025-11-27 12:48:32.855591,6659072489_5710231827,19.63,31,169
2025-11-27 12:48:33.044996,6659072490_6659072489,7.04,23,45
2025-11-27 12:48:33.260172,6659072490_1878921405,24.14,17,114
2025-11-27 12:48:33.438551,6659072491_6659072492,21.6,6,36
2025-11-27 12:48:33.586918,6659072491_6610574244,22.75,22,139
2025-11-27 12:48:33.733941,6659072492_6659072490,28.15,22,172
2025-11-27 12:48:33.893441,6659134171_1758633112,16.97,105,495
2025-11-27 12:48:34.045785,6659134171_1884769977,27.9,12,93
2025-11-27 12:48:34.194988,6659134172_5954441640,27.0,14,105
2025-11-27 12:48:34.338959,6659134174_5716408768,14.34,60,239
2025-11-27 12:48:34.615045,6659134177_1314209716,18.0,17,85
2025-11-27 12:48:34.830480,6661055809_2050902820,28.8,1,8
2025-11-27 12:48:34.998184,6661055810_6661055809,5.91,84,138
2025-11-27 12:48:35.132598,6661055810_4961341860,4.41,31,38
2025-11-27 12:48:35.294625,6661055813_6662639319,11.7,12,39
2025-11-27 12:48:35.490207,6661487944_6661487945,19.87,127,701
2025-11-27 12:48:35.625730,6661487944_5641890822,25.17,142,993
2025-11-27 12:48:35.826998,6661487945_6661487944,19.08,10,53
2025-11-27 12:48:36.025249,6661487945_12908782868,25.96,19,137
2025-11-27 12:48:36.246588,6662241086_6662241087,20.0,9,50
2025-11-27 12:48:36.397247,6662241086_4025115175,16.75,213,991
2025-11-27 12:48:36.549228,6662241087_6662241086,18.71,86,447
2025-11-27 12:48:36.833645,6662241087_6662241094,16.88,77,361
2025-11-27 12:48:37.045294,6662241094_6662241095,15.14,58,244
2025-11-27 12:48:37.237934,6662241094_446030797,11.78,33,108
2025-11-27 12:48:37.370225,6662241095_6662241094,16.2,6,27
2025-11-27 12:48:37.510433,6662241095_6662241086,17.52,75,365
2025-11-27 12:48:37.716728,6662639319_2050902830,19.8,16,88
2025-11-27 12:48:37.870925,6666128977_5962836764,61.2,1,17
2025-11-27 12:48:38.073811,6666479030_8598733283,0.0,0,4
2025-11-27 12:48:38.290122,6670444529_6670444530,26.83,75,559
2025-11-27 12:48:38.497006,6670444529_420456683,30.48,15,127
2025-11-27 12:48:38.650228,6670444530_6670444529,3.0,18,15
2025-11-27 12:48:38.887138,6670444530_12513272960,34.38,20,191
2025-11-27 12:48:39.019286,6672531385_12872373346,19.35,40,215
2025-11-27 12:48:39.155855,6677147301_5489009621,16.56,5,23
2025-11-27 12:48:39.312207,6677147301_2050902835,22.58,22,138
2025-11-27 12:48:39.502481,6677147310_5485653490,23.89,11,73
2025-11-27 12:48:39.695198,6677300866_309685730,15.13,99,416
2025-11-27 12:48:39.901415,6677300866_6677364041,20.0,9,50
2025-11-27 12:48:40.062911,6677338241_98026475,15.43,35,150
2025-11-27 12:48:40.248602,6677338241_1314209698,18.72,10,52
2025-11-27 12:48:40.408352,6677364041_2295384939,24.3,8,54
2025-11-27 12:48:40.602802,6677687639_5707122750,16.56,10,46
2025-11-27 12:48:40.748869,6677687639_4538571818,32.9,423,3866
2025-11-27 12:48:40.987491,6677687648_1314191405,0.0,0,10
2025-11-27 12:48:41.126180,6677687648_5707122750,22.5,8,50
2025-11-27 12:48:41.335221,6677895172_1494041352,21.83,361,2189
2025-11-27 12:48:41.521599,6677895172_1494041351,27.9,16,124
2025-11-27 12:48:41.773486,6677895176_1494041352,34.8,3,29
2025-11-27 12:48:41.918067,6677895176_1494041351,19.97,150,832
2025-11-27 12:48:42.090499,6684737819_4540453404,26.5,25,184
2025-11-27 12:48:42.219262,6684737819_4540453400,41.78,43,499
2025-11-27 12:48:42.421476,6685236291_6685236292,19.23,70,374
2025-11-27 12:48:42.622746,6685236291_8231491408,27.7,23,177
2025-11-27 12:48:42.769485,6685236292_6685236291,9.0,10,25
2025-11-27 12:48:42.964053,6685236292_4961341859,11.81,50,164
2025-11-27 12:48:43.173900,6685434573_6662241087,27.36,10,76
2025-11-27 12:48:43.306423,6687964478_442990465,15.83,156,686
2025-11-27 12:48:43.460737,6687964478_5716241017,19.35,8,43
2025-11-27 12:48:43.675374,6688471376_5686449780,15.83,226,994
2025-11-27 12:48:43.862418,6688471376_7920618647,10.95,95,289
2025-11-27 12:48:44.010741,6688490814_6647145130,5.18,25,36
2025-11-27 12:48:44.166864,6688490814_5485653490,15.15,53,223
2025-11-27 12:48:44.361287,6688503842_6405794494,24.0,3,20
2025-11-27 12:48:44.493387,6688503847_1758631175,10.08,10,28
2025-11-27 12:48:44.628945,6688503847_6688503842,6.66,20,37
2025-11-27 12:48:44.872294,6688570392_6441639163,21.6,3,18
2025-11-27 12:48:45.092433,6688570392_6688570393,27.34,69,524
2025-11-27 12:48:45.273338,6688570393_6688570397,31.64,38,334
2025-11-27 12:48:45.555854,6688570397_6688570401,16.04,11,49
2025-11-27 12:48:45.769206,6688570397_12600043488,30.24,5,42
2025-11-27 12:48:45.902112,6688570401_6688570392,28.37,42,331
2025-11-27 12:48:46.093079,6689057478_6689057484,36.0,3,30
2025-11-27 12:48:46.370626,6689057478_6689057482,16.2,8,36
2025-11-27 12:48:46.508130,6689057482_6601012241,34.35,24,229
2025-11-27 12:48:46.723600,6689057484_13206202825,27.83,37,286
2025-11-27 12:48:46.962915,6689058288_6689057482,32.4,2,18
2025-11-27 12:48:47.103195,6689058288_6689057484,24.12,10,67
2025-11-27 12:48:47.294620,7301485388_1497544796,7.48,13,27
2025-11-27 12:48:47.498721,7920618640_5683715143,30.63,55,468
2025-11-27 12:48:47.644402,7920618640_5683715143,30.63,55,468
2025-11-27 12:48:47.779808,7920618647_4599745018,30.0,3,25
2025-11-27 12:48:47.919213,7920618647_7920618648,17.55,8,39
2025-11-27 12:48:48.071596,7920618648_5674347102,12.22,173,587
2025-11-27 12:48:48.219287,7920618648_10130533955,11.31,14,44
2025-11-27 12:48:48.423446,7920618648_4599745018,14.14,196,770
2025-11-27 12:48:48.553963,7985603136_98027697,22.32,5,31
2025-11-27 12:48:48.802644,7985603136_10130533953,17.72,278,1368
2025-11-27 12:48:48.991017,7985603138_5686449780,31.61,32,281
2025-11-27 12:48:49.174130,7985603147_7985603148,21.12,349,2047
2025-11-27 12:48:49.322667,7985603147_7920618640,26.57,713,5263
2025-11-27 12:48:49.522239,7985603148_7985603147,36.28,13,131
2025-11-27 12:48:49.673785,7985603148_6617292919,24.84,20,138
2025-11-27 12:48:49.831882,8231491408_8231491411,10.32,128,367
2025-11-27 12:48:49.965564,8231491408_5707161162,18.57,19,98
2025-11-27 12:48:50.179068,8231491411_8231491408,4.2,18,21
2025-11-27 12:48:50.320175,8231491411_6685236292,27.15,24,181
2025-11-27 12:48:50.488007,8237661942_2053894358,6.55,11,20
2025-11-27 12:48:50.699175,8237661942_308728680,15.72,68,297
2025-11-27 12:48:50.885041,8242664547_11107112958,20.25,380,2138
2025-11-27 12:48:51.020041,8242664547_12174413404,25.2,8,56
2025-11-27 12:48:51.235061,8242664547_12559133535,20.03,370,2059
2025-11-27 12:48:51.446914,8295729267_3779242655,46.39,35,451
2025-11-27 12:48:51.597941,8295729267_6600206282,25.67,46,328
2025-11-27 12:48:51.739235,8341509535_10743484787,16.8,3,14
2025-11-27 12:48:51.873892,8341509537_5485722628,20.97,69,402
2025-11-27 12:48:52.010648,8341509537_6413551907,25.2,2,14
2025-11-27 12:48:52.214778,8462967636_5710691044,54.0,1,15
2025-11-27 12:48:52.346844,8598733283_6666479030,14.4,1,4
2025-11-27 12:48:52.517791,8598733283_6688490814,21.6,11,66
2025-11-27 12:48:52.708185,8823455179_6661055810,14.7,388,1584
2025-11-27 12:48:52.888973,8823455180_8823455179,8.28,10,23
2025-11-27 12:48:53.041240,8823455180_98031401,8.55,8,19
2025-11-27 12:48:53.240351,8921282801_10202001781,7.29,38,77
2025-11-27 12:48:53.435076,9576908879_1314203096,10.38,17,49
2025-11-27 12:48:53.625509,9970440452_12484632695,27.11,17,128
2025-11-27 12:48:53.815708,9980229913_1497544764,22.66,102,642
2025-11-27 12:48:54.037290,9980229913_7301485388,23.59,47,308
2025-11-27 12:48:54.192379,10076263973_5710098650,27.56,125,957
2025-11-27 12:48:54.417609,10076263976_10076263977,11.78,44,144
2025-11-27 12:48:54.563742,10076263976_4540453394,12.59,123,430
2025-11-27 12:48:54.720761,10076263977_4540453396,30.6,2,17
2025-11-27 12:48:54.884536,10076263978_10076263979,2.9,31,25
2025-11-27 12:48:55.018345,10076263978_4542621501,4.5,16,20
2025-11-27 12:48:55.179002,10076263979_5093497426,27.0,2,15
2025-11-27 12:48:55.338672,10087376960_5641890823,18.72,10,52
2025-11-27 12:48:55.534828,10087376960_5641890821,34.2,16,152
2025-11-27 12:48:55.728530,10100966682_12513272960,18.1,146,734
2025-11-27 12:48:55.865513,10100966682_6685434573,16.88,64,300
2025-11-27 12:48:56.005618,10130533935_1495023340,17.14,349,1662
2025-11-27 12:48:56.162792,10130533953_4600895552,15.52,141,608
2025-11-27 12:48:56.295849,10130533953_7985603138,12.9,12,43
2025-11-27 12:48:56.429617,10130533953_98027697,3.71,34,35
2025-11-27 12:48:56.563103,10130533955_7985603147,31.54,21,184
2025-11-27 12:48:56.747671,10151536198_2570960524,27.67,35,269
2025-11-27 12:48:56.909986,10159724112_6666128977,54.0,1,15
2025-11-27 12:48:57.039651,10180671333_420522002,32.4,6,54
2025-11-27 12:48:57.229547,10180671333_98041254,7.2,19,38
2025-11-27 12:48:57.373326,10202001781_1881927757,19.95,85,471
2025-11-27 12:48:57.623364,10203920310_1881928279,25.2,2,14
2025-11-27 12:48:57.766116,10203920310_5718886024,22.8,12,76
2025-11-27 12:48:57.901651,10203920324_10203920325,14.4,3,12
2025-11-27 12:48:58.089932,10203920324_1881928007,0.0,12,0
2025-11-27 12:48:58.218296,10203920325_5718886024,10.8,1,3
2025-11-27 12:48:58.344415,10203920328_1881927759,0.0,0,0
2025-11-27 12:48:58.492269,10203920329_10203920328,18.79,59,308
2025-11-27 12:48:58.637075,10203920329_1219243636,5.83,29,47
2025-11-27 12:48:58.776466,10296445822_10997686363,23.75,186,1227
2025-11-27 12:48:58.976234,10296445822_10296445824,15.04,415,1734
2025-11-27 12:48:59.172061,10296445822_309816683,15.07,406,1699
2025-11-27 12:48:59.305078,10296445823_309816683,7.39,19,39
2025-11-27 12:48:59.435645,10296445823_10296445822,5.1,36,51
2025-11-27 12:48:59.654260,10296445824_5718916302,21.0,6,35
2025-11-27 12:48:59.921033,10542328776_6685605986,18.51,7,36
2025-11-27 12:49:00.071783,10542328776_1748294274,6.4,27,48
2025-11-27 12:49:00.271243,10542328776_13023100784,21.48,90,537
2025-11-27 12:49:00.418901,10682258584_6603014206,23.53,110,719
2025-11-27 12:49:00.559551,10682258584_6606566488,24.0,3,20
2025-11-27 12:49:00.694015,10743484787_8341509535,25.2,2,14
2025-11-27 12:49:00.858397,10743484787_6610228314,19.77,69,379
2025-11-27 12:49:01.016548,10743484787_8341509537,16.71,14,65
2025-11-27 12:49:01.177551,10965136434_420456595,8.4,6,14
2025-11-27 12:49:01.331794,10965136434_6621078250,29.9,36,299
2025-11-27 12:49:01.546265,10997686363_10296445822,16.06,331,1477
2025-11-27 12:49:01.748585,10997686363_11107112927,21.09,7,41
2025-11-27 12:49:02.010031,11014094287_11014094288,11.7,36,117
2025-11-27 12:49:02.152439,11014094287_1884765802,17.12,168,799
2025-11-27 12:49:02.350490,11014094288_11014094287,11.06,14,43
2025-11-27 12:49:02.497334,11014094288_1495023340,24.87,22,152
2025-11-27 12:49:02.735420,11107112919_438036727,21.6,10,60
2025-11-27 12:49:02.870115,11107112919_12559133535,30.6,2,17
2025-11-27 12:49:03.070425,11107112923_10997686363,29.52,5,41
2025-11-27 12:49:03.221594,11107112923_11107112927,27.26,7,53
2025-11-27 12:49:03.462918,11107112927_11107112935,27.0,4,30
2025-11-27 12:49:03.678728,11107112929_11107112919,0.0,0,0
2025-11-27 12:49:03.816785,11107112935_11107112929,22.95,8,51
2025-11-27 12:49:03.975499,11107112935_6644721587,19.98,375,2081
2025-11-27 12:49:04.191705,11107112958_8242664547,19.88,153,845
2025-11-27 12:49:04.320688,11111175323_11111175326,27.26,7,53
2025-11-27 12:49:04.454867,11111175326_6600206283,32.65,116,1052
2025-11-27 12:49:04.655161,11182265554_4540453378,23.8,36,238
2025-11-27 12:49:04.880426,11182265554_5716807749,32.95,13,119
2025-11-27 12:49:05.031651,11201648616_445970799,17.18,83,396
2025-11-27 12:49:05.212337,11209721500_11209721504,20.16,10,56
2025-11-27 12:49:05.404468,11209721504_13322115744,38.08,45,476
2025-11-27 12:49:05.557506,11700202516_11700202517,20.4,21,119
2025-11-27 12:49:05.719514,11700202516_10087376960,39.6,3,33
2025-11-27 12:49:05.855208,11700202517_11700202516,11.83,14,46
2025-11-27 12:49:05.998083,11700202517_4538405021,29.16,60,486
2025-11-27 12:49:06.213577,11768052436_4538405137,41.4,2,23
2025-11-27 12:49:06.368888,11768052436_11768052437,15.05,11,46
2025-11-27 12:49:06.499898,11768052437_1881949102,34.56,25,240
2025-11-27 12:49:06.786972,11950483412_1884765806,4.11,21,24
2025-11-27 12:49:07.018736,11950483412_11950483417,5.13,33,47
2025-11-27 12:49:07.182642,11950483417_1314209717,36.0,1,10
2025-11-27 12:49:07.345435,12024836052_2274969534,25.83,23,165
2025-11-27 12:49:07.485147,12174413404_8242664547,19.92,365,2020
2025-11-27 12:49:07.640119,12206582473_2570960524,24.27,136,917
2025-11-27 12:49:07.852827,12206582473_6661487944,31.45,53,463
2025-11-27 12:49:08.048535,12357580642_12357580645,9.49,22,58
2025-11-27 12:49:08.315211,12357580642_421080868,5.32,23,34
2025-11-27 12:49:08.534082,12357580645_1497544736,9.9,12,33
2025-11-27 12:49:08.793782,12375164794_12768097335,23.4,2,13
2025-11-27 12:49:08.949683,12375164795_12375164794,11.33,34,107
2025-11-27 12:49:09.104046,12375164795_2302166519,0.0,0,7
2025-11-27 12:49:09.255273,12375164797_1691398148,6.6,6,11
2025-11-27 12:49:09.434681,12375164797_12375164798,9.21,43,110
2025-11-27 12:49:09.567688,12375164798_2302164518,24.05,22,147
2025-11-27 12:49:09.751373,12484632695_12484632696,28.6,54,429
2025-11-27 12:49:09.955007,12484632695_12600043494,28.11,21,164
2025-11-27 12:49:10.178028,12484632696_5831399053,31.92,30,266
2025-11-27 12:49:10.312767,12513272960_10100966682,46.8,1,13
2025-11-27 12:49:10.467382,12513272960_5707407591,10.52,51,149
2025-11-27 12:49:10.605621,12559133535_11107112958,34.2,8,76
2025-11-27 12:49:10.752497,12559133535_8242664547,24.0,30,200
2025-11-27 12:49:10.906596,12600043488_12484632696,30.42,20,169
2025-11-27 12:49:11.100473,12600043494_6688570401,29.4,6,49
2025-11-27 12:49:11.254609,12600043494_12600043488,28.8,12,96
2025-11-27 12:49:11.462105,12606538099_4539684490,38.57,42,450
2025-11-27 12:49:11.615788,12606538104_5710222986,17.17,113,539
2025-11-27 12:49:11.876320,12725862784_4541105059,21.75,196,1184
2025-11-27 12:49:12.024036,12725862785_12725862784,18.9,4,21
2025-11-27 12:49:12.184800,12725862785_10151536198,25.71,7,50
2025-11-27 12:49:12.328668,12768097332_1881927756,14.4,5,20
2025-11-27 12:49:12.480394,12768097332_12768097335,9.0,18,45
2025-11-27 12:49:12.616043,12816414542_5718916293,21.2,9,53
2025-11-27 12:49:12.772410,12816414542_98035472,7.05,118,231
2025-11-27 12:49:12.910154,12816414547_5718916292,10.08,5,14
2025-11-27 12:49:13.093054,12872373345_12872373346,8.0,9,20
2025-11-27 12:49:13.312950,12872373345_10203920310,18.0,42,210
2025-11-27 12:49:13.477786,12872373346_12872373345,10.29,7,20
2025-11-27 12:49:13.650361,12872373346_1219243660,13.42,11,41
2025-11-27 12:49:13.789932,12908782868_10151536198,28.8,7,56
2025-11-27 12:49:13.945609,12908782868_12725862784,36.0,5,50
2025-11-27 12:49:14.087058,13023100784_10542328776,18.95,102,537
2025-11-27 12:49:14.282960,13023100784_13023100793,0.0,3,0
2025-11-27 12:49:14.427976,13023100793_13023100794,0.0,0,1
2025-11-27 12:49:14.634094,13023100793_420456583,17.78,147,726
2025-11-27 12:49:14.790904,13023100794_442993523,18.57,70,361
2025-11-27 12:49:14.990842,13023100794_13023100784,0.0,0,1
2025-11-27 12:49:15.137953,13206202825_4538405017,34.03,95,898
2025-11-27 12:49:15.276766,13206202825_4538405006,29.33,48,391
2025-11-27 12:49:15.415375,13282498392_8295729267,29.52,15,123
2025-11-27 12:49:15.570410,13282498392_13282498396,36.57,44,447
2025-11-27 12:49:15.707436,13282498396_6600206282,17.41,220,1064
2025-11-27 12:49:15.861023,13282498396_6600206283,10.58,16,47
2025-11-27 12:49:15.991934,13282498396_13282511305,30.15,16,134
2025-11-27 12:49:16.197676,13282511304_5710691045,36.51,7,71
2025-11-27 12:49:16.335842,13282511305_5598303159,0.0,0,5
2025-11-27 12:49:16.505574,13282511305_13282511304,38.95,72,779
2025-11-27 12:49:16.648872,13322115743_13322115744,27.01,141,1058
2025-11-27 12:49:16.801766,13322115743_5707262958,26.61,64,473
2025-11-27 12:49:16.960569,13322115744_13322115743,21.68,136,819
2025-11-27 12:49:17.086211,13322115744_1879088106,31.84,32,283
2025-11-27 12:49:17.254736,13327548965_13327548966,34.2,2,19
2025-11-27 12:49:17.476383,13327548966_10202001781,12.38,66,227
2025-11-27 12:49:17.656173,13327548966_13327548968,15.9,89,393
2025-11-27 12:49:17.885400,13327548967_2185731479,24.48,25,170
2025-11-27 12:49:18.064112,13327548967_13327548965,16.31,126,571
2025-11-27 12:49:18.220726,13327548968_13327548967,28.8,3,24
2025-11-27 12:51:01.315662,81805393_11950483412,18.0,3,15
2025-11-27 12:51:01.471520,81805393_1884765798,14.97,223,927
2025-11-27 12:51:01.732919,81806535_1497544749,13.68,10,38
2025-11-27 12:51:01.877026,81806535_5707161153,9.91,105,289
2025-11-27 12:51:02.012521,98026475_6677338241,18.73,118,614
2025-11-27 12:51:02.147929,98027697_4599745018,11.16,10,31
2025-11-27 12:51:02.415797,98027697_7985603138,21.6,6,36
2025-11-27 12:51:02.548125,98027697_10130533953,17.08,152,721
2025-11-27 12:51:02.678816,98031401_6661055810,0.0,12,0
2025-11-27 12:51:02.914181,98031401_8823455179,12.13,81,273
2025-11-27 12:51:03.071834,98035472_309816683,15.95,163,722
2025-11-27 12:51:03.206797,98035472_12816414547,15.25,212,898
2025-11-27 12:51:03.419986,98035472_5718916293,16.4,9,41
2025-11-27 12:51:03.573515,98041254_420456615,11.7,4,13
2025-11-27 12:51:03.773460,98041254_420522002,24.48,5,34
2025-11-27 12:51:03.921591,98041257_98041849,10.44,10,29
2025-11-27 12:51:04.072565,98041257_5710673974,15.84,5,22
2025-11-27 12:51:04.219810,98041257_5710673979,32.4,3,27
2025-11-27 12:51:04.356667,98041849_98041257,14.91,7,29
2025-11-27 12:51:04.578489,98041849_5718871870,18.9,4,21
2025-11-27 12:51:04.713205,98041849_733429120,9.75,24,65
2025-11-27 12:51:04.914263,98041851_98041254,24.01,157,1047
2025-11-27 12:51:05.110690,98041851_2084132002,34.2,4,38
2025-11-27 12:51:05.394252,98042270_309816682,18.7,119,618
2025-11-27 12:51:05.599358,98042270_6677300866,19.37,55,296
2025-11-27 12:51:05.740063,106078638_6587651051,36.0,5,50
2025-11-27 12:51:05.874282,106078638_442990465,25.71,7,50
2025-11-27 12:51:05.996038,106108917_2174649904,8.26,17,39
2025-11-27 12:51:06.127969,106108917_2176926218,22.84,93,590
2025-11-27 12:51:06.358144,106111364_6644672135,21.77,21,127
2025-11-27 12:51:06.561437,106111364_446030797,15.83,212,932
2025-11-27 12:51:06.724754,283139229_444875375,9.0,8,20
2025-11-27 12:51:06.865024,283139229_5718871870,18.33,153,779
2025-11-27 12:51:06.987457,283139229_6650982900,27.0,6,45
2025-11-27 12:51:07.186451,283139237_5206119178,21.81,87,527
2025-11-27 12:51:07.409048,283139237_2188036136,23.51,32,209
2025-11-27 12:51:07.540762,308728680_1314203102,12.24,5,17
2025-11-27 12:51:07.729180,308728680_310729950,16.36,191,868
2025-11-27 12:51:07.924929,308728680_2289997644,20.19,23,129
2025-11-27 12:51:08.137670,309595522_6666479030,11.6,9,29
2025-11-27 12:51:08.284397,309685730_6677300866,14.91,7,29
2025-11-27 12:51:08.422504,309685730_2195296719,17.51,140,681
2025-11-27 12:51:08.561219,309685730_309816682,21.46,51,304
2025-11-27 12:51:08.703151,309816682_98042270,9.36,10,26
2025-11-27 12:51:08.835192,309816682_5718916274,17.06,65,308
2025-11-27 12:51:08.977410,309816683_98035472,10.13,59,166
2025-11-27 12:51:09.145001,309816683_10296445822,13.74,236,901
2025-11-27 12:51:09.277945,309816683_10296445824,18.0,7,35
2025-11-27 12:51:09.416943,310729950_6677364041,11.05,29,89
2025-11-27 12:51:09.565381,310729950_6677300866,7.02,20,39
2025-11-27 12:51:09.807780,317366886_444501629,6.3,12,21
2025-11-27 12:51:10.009718,317366886_4540453399,19.38,144,775
2025-11-27 12:51:10.143117,317778303_427847910,9.0,8,20
2025-11-27 12:51:10.365019,317778303_5716477056,33.2,36,332
2025-11-27 12:51:10.504464,319490613_1104490487,25.25,132,926
2025-11-27 12:51:10.634807,420456583_6621078251,24.92,13,90
2025-11-27 12:51:10.785591,420456583_13023100793,15.48,20,86
2025-11-27 12:51:10.973001,420456595_10965136434,2.52,20,14
2025-11-27 12:51:11.132042,420456595_4541071715,13.8,78,299
2025-11-27 12:51:11.337784,420456615_733429120,18.0,6,30
2025-11-27 12:51:11.468902,420456615_98041257,8.61,28,67
2025-11-27 12:51:11.689609,420456683_5710231827,19.56,104,565
2025-11-27 12:51:11.850683,420456683_5206119178,14.2,18,71
2025-11-27 12:51:12.038004,420456683_1878932244,29.86,17,141
2025-11-27 12:51:12.259910,420457653_11107112923,28.42,38,300
2025-11-27 12:51:12.453200,420460217_1878921396,20.52,314,1790
2025-11-27 12:51:12.590614,420460217_4004297090,4.43,61,75
2025-11-27 12:51:12.734006,420522002_6587550954,29.6,9,74
2025-11-27 12:51:12.877454,421080868_4961341856,10.47,11,32
2025-11-27 12:51:13.041790,421080868_12357580645,14.33,103,410
2025-11-27 12:51:13.193522,427847910_2291072476,13.5,4,15
2025-11-27 12:51:13.408255,427847910_1495030951,21.6,6,36
2025-11-27 12:51:13.575559,428673752_421080868,13.96,81,314
2025-11-27 12:51:13.769628,428673752_2291064324,16.36,11,50
2025-11-27 12:51:13.931897,436383687_5710222987,31.8,18,159
2025-11-27 12:51:14.071797,436388447_2295384939,4.5,12,15
2025-11-27 12:51:14.263378,436388447_309685730,11.16,30,93
2025-11-27 12:51:14.400916,442990465_106078638,17.87,86,427
2025-11-27 12:51:14.545179,442990465_6687964478,14.19,174,686
2025-11-27 12:51:14.698916,442990465_6587651051,15.94,7,31
2025-11-27 12:51:14.905676,442993523_13023100794,19.11,68,361
2025-11-27 12:51:15.064999,444394912_2701184883,15.57,317,1371
2025-11-27 12:51:15.204314,444394912_4538405026,29.35,13,106
2025-11-27 12:51:15.395683,444394912_5716537702,6.0,36,60
2025-11-27 12:51:15.657709,444398125_444393381,18.38,19,97
2025-11-27 12:51:15.846365,444398125_2186671584,5.4,6,9
2025-11-27 12:51:16.041737,444501629_2291073251,10.8,6,18
2025-11-27 12:51:16.177761,444501629_2186671586,14.8,18,74
2025-11-27 12:51:16.402708,444501637_6648227221,46.8,2,26
2025-11-27 12:51:16.533169,444501637_6650982901,27.98,22,171
2025-11-27 12:51:16.757621,444874857_444875374,10.2,6,17
2025-11-27 12:51:16.909850,444874857_6651770210,28.8,45,360
2025-11-27 12:51:17.045216,444874859_6650810650,22.47,108,674
2025-11-27 12:51:17.184322,444874859_5710565212,26.6,18,133
2025-11-27 12:51:17.428930,444875109_448838032,16.2,4,18
2025-11-27 12:51:17.584268,444875109_5709996125,13.34,119,441
2025-11-27 12:51:17.717580,444875130_1613087628,18.0,4,20
2025-11-27 12:51:17.871308,444875130_1758170763,27.9,4,31
2025-11-27 12:51:18.092080,444875374_444875109,14.31,41,163
2025-11-27 12:51:18.229787,444875374_283139229,20.22,13,73
2025-11-27 12:51:18.364510,444875375_283139229,7.2,10,20
2025-11-27 12:51:18.580695,444875375_444875109,14.2,18,71
2025-11-27 12:51:18.802446,444875375_2188036136,22.16,109,671
2025-11-27 12:51:19.024432,445970096_2050902830,13.5,4,15
2025-11-27 12:51:19.183698,445970096_8823455180,12.67,25,88
2025-11-27 12:51:19.394461,445970127_2050902827,11.7,4,13
2025-11-27 12:51:19.594691,445970127_2050902832,26.78,16,119
2025-11-27 12:51:19.822734,445970799_1884776799,15.16,147,619
2025-11-27 12:51:19.978961,445970799_2291064328,16.53,22,101
2025-11-27 12:51:20.183156,446030797_2176926218,13.37,7,26
2025-11-27 12:51:20.356945,446030797_2174649904,20.64,101,579
2025-11-27 12:51:20.571944,446030797_106111364,17.85,48,238
2025-11-27 12:51:20.708887,448838032_444874857,11.4,6,19
2025-11-27 12:51:20.850227,448838032_2175126932,22.5,8,50
2025-11-27 12:51:21.075559,634709500_1613087622,17.75,302,1489
2025-11-27 12:51:21.210894,634709500_6650876740,23.4,16,104
2025-11-27 12:51:21.350512,733429120_98041851,10.2,6,17
2025-11-27 12:51:21.501056,733429120_6651770209,35.43,44,433
2025-11-27 12:51:21.718339,1104490487_319490613,9.26,7,18
2025-11-27 12:51:21.866464,1104490487_12357580642,23.64,164,1077
2025-11-27 12:51:21.995582,1219243636_1220930858,12.96,5,18
2025-11-27 12:51:22.217132,1219243636_1881928280,21.6,7,42
2025-11-27 12:51:22.369174,1219243660_12872373346,10.54,14,41
2025-11-27 12:51:22.569591,1220930858_1221053112,5.6,9,14
2025-11-27 12:51:22.716477,1220930858_10203920325,27.0,6,45
2025-11-27 12:51:22.879365,1220930867_12872373345,16.56,10,46
2025-11-27 12:51:23.037609,1221053112_1748294231,10.8,6,18
2025-11-27 12:51:23.191922,1221053112_1881928008,30.96,5,43
2025-11-27 12:51:23.333376,1221161727_1884747787,15.43,7,30
2025-11-27 12:51:23.495782,1221161727_3779255487,22.41,248,1544
2025-11-27 12:51:23.688717,1221161730_4106937190,19.8,12,66
2025-11-27 12:51:23.836899,1221161730_1221161727,5.51,34,52
2025-11-27 12:51:24.089256,1312645244_1691398148,15.6,3,13
2025-11-27 12:51:24.249195,1312645244_12375164798,19.8,2,11
2025-11-27 12:51:24.396373,1312650077_1838584736,17.1,4,19
2025-11-27 12:51:24.672809,1312650077_1879088108,19.84,168,926
2025-11-27 12:51:24.865658,1312650079_1887751321,18.0,4,20
2025-11-27 12:51:25.015903,1312650079_2185731477,26.55,8,59
2025-11-27 12:51:25.192658,1314185585_4539132165,44.47,102,1260
2025-11-27 12:51:25.425532,1314185648_4539132165,28.13,27,211
2025-11-27 12:51:25.626130,1314185653_2326674288,43.2,1,12
2025-11-27 12:51:25.767773,1314185677_1314191420,23.22,178,1148
2025-11-27 12:51:25.914495,1314185677_6621357112,28.48,147,1163
2025-11-27 12:51:26.059354,1314191398_106070559,33.49,434,4037
2025-11-27 12:51:26.287281,1314191405_5707122750,33.06,420,3857
2025-11-27 12:51:26.420088,1314191405_4538571818,40.2,6,67
2025-11-27 12:51:26.633850,1314191414_436383687,24.48,5,34
2025-11-27 12:51:26.786430,1314191415_1314191414,8.26,71,163
2025-11-27 12:51:26.935734,1314191415_4539674875,4.94,59,81
2025-11-27 12:51:27.097466,1314191417_4930438606,39.6,14,154
2025-11-27 12:51:27.236464,1314191420_4539674875,9.17,42,107
2025-11-27 12:51:27.383044,1314191420_5709923602,12.11,124,417
2025-11-27 12:51:27.536174,1314191436_6621426601,5.94,20,33
2025-11-27 12:51:27.733195,1314191436_5709923601,22.63,28,176
2025-11-27 12:51:27.880016,1314203096_2053894358,22.45,38,237
2025-11-27 12:51:28.086511,1314203102_308728680,17.03,130,615
2025-11-27 12:51:28.221410,1314203102_1314203096,17.02,11,52
2025-11-27 12:51:28.439751,1314209691_1495020912,13.45,262,979
2025-11-27 12:51:28.576373,1314209691_6405794494,7.98,37,82
2025-11-27 12:51:28.706524,1314209698_1884765802,12.96,5,18
2025-11-27 12:51:28.855416,1314209698_11014094288,24.0,6,40
2025-11-27 12:51:29.004742,1314209699_11950483417,22.32,5,31
2025-11-27 12:51:29.217488,1314209699_1884765806,15.03,211,881
2025-11-27 12:51:29.352899,1314209716_6677895172,27.81,29,224
2025-11-27 12:51:29.503716,1314209716_1887748894,20.74,168,968
2025-11-27 12:51:29.720339,1314209717_6659134174,23.62,16,105
2025-11-27 12:51:29.853593,1475295085_1475295086,21.6,8,48
2025-11-27 12:51:29.981072,1475295085_1312645244,19.65,74,404
2025-11-27 12:51:30.135706,1475295086_1475295085,26.33,316,2311
2025-11-27 12:51:30.343441,1475295086_1879091756,34.7,80,771
2025-11-27 12:51:30.547317,1494041345_6677895176,20.16,5,28
2025-11-27 12:51:30.697559,1494041345_4004297090,9.76,38,103
2025-11-27 12:51:30.851133,1494041351_1494041366,33.12,20,184
2025-11-27 12:51:31.002195,1494041352_1494041374,29.05,29,234
2025-11-27 12:51:31.141797,1494041366_1878932244,23.66,84,552
2025-11-27 12:51:31.284090,1494041366_6670444530,31.01,31,267
2025-11-27 12:51:31.431301,1494041374_1758633098,17.73,79,389
2025-11-27 12:51:31.564811,1495020912_1758631175,12.86,7,25
2025-11-27 12:51:31.766038,1495020912_6688503842,14.4,7,28
2025-11-27 12:51:31.979606,1495022225_634709500,20.7,4,23
2025-11-27 12:51:32.255737,1495023340_1314209691,19.18,101,538
2025-11-27 12:51:32.450269,1495025257_6648096525,37.2,3,31
2025-11-27 12:51:32.629819,1495025257_6650810650,21.93,22,134
2025-11-27 12:51:32.863109,1495030950_1495030951,17.67,11,54
2025-11-27 12:51:33.084762,1495030950_427847910,9.51,14,37
2025-11-27 12:51:33.235901,1495030951_317366886,14.42,183,733
2025-11-27 12:51:33.419752,1497544719_428673752,5.18,25,36
2025-11-27 12:51:33.621582,1497544719_1904353550,7.75,26,56
2025-11-27 12:51:33.781543,1497544736_5707161153,15.6,6,26
2025-11-27 12:51:33.916644,1497544736_5707161151,14.4,25,100
2025-11-27 12:51:34.080341,1497544738_5707161163,15.12,5,21
2025-11-27 12:51:34.249477,1497544749_5706891499,20.34,20,113
2025-11-27 12:51:34.387042,1497544764_9980229913,22.18,31,191
2025-11-27 12:51:34.518200,1497544764_5706896622,25.2,12,84
2025-11-27 12:51:34.733838,1497544796_7301485388,24.68,118,809
2025-11-27 12:51:34.932311,1497544796_5704011299,23.3,193,1249
2025-11-27 12:51:35.070552,1497544796_1497544764,26.96,41,307
2025-11-27 12:51:35.205680,1498038039_420457653,8.53,54,128
2025-11-27 12:51:35.358422,1498111685_10180671333,13.5,4,15
2025-11-27 12:51:35.540164,1498111685_5716649671,13.8,12,46
2025-11-27 12:51:35.786132,1613087620_444875130,9.36,5,13
2025-11-27 12:51:35.942099,1613087620_5716616005,15.69,14,61
2025-11-27 12:51:36.080894,1613087622_1613087620,20.19,128,718
2025-11-27 12:51:36.258906,1613087622_444874859,24.0,3,20
2025-11-27 12:51:36.409837,1613087628_1613087622,15.3,4,17
2025-11-27 12:51:36.585179,1613087628_1495022225,20.7,8,46
2025-11-27 12:51:36.742307,1691398148_1881927756,23.76,253,1670
2025-11-27 12:51:36.895197,1692627215_6631796343,25.02,39,271
2025-11-27 12:51:37.134861,1692627215_1919720738,29.7,4,33
2025-11-27 12:51:37.398356,1699561405_1849738362,8.33,16,37
2025-11-27 12:51:37.600976,1699561405_5716544649,34.11,701,6642
2025-11-27 12:51:37.737318,1748294231_1219243636,7.2,7,14
2025-11-27 12:51:37.935711,1748294231_10203920328,24.17,7,47
2025-11-27 12:51:38.070172,1748294250_1748294257,8.4,6,14
2025-11-27 12:51:38.314842,1748294250_10203920324,20.19,23,129
2025-11-27 12:51:38.507706,1748294257_1748294250,7.2,7,14
2025-11-27 12:51:38.648433,1748294257_1919751060,18.06,61,306
2025-11-27 12:51:38.785867,1748294274_5710673974,17.85,120,595
2025-11-27 12:51:39.055844,1748294274_10542328776,4.32,40,48
2025-11-27 12:51:39.188916,1758170763_12024836052,26.16,15,109
2025-11-27 12:51:39.472758,1758170772_6648096523,8.4,6,14
2025-11-27 12:51:39.686361,1758170772_1495022225,10.57,31,91
2025-11-27 12:51:39.892109,1758629824_5683792676,5.85,8,13
2025-11-27 12:51:40.053894,1758631175_1314209699,20.4,3,17
2025-11-27 12:51:40.217574,1758631175_1884769979,18.0,8,40
2025-11-27 12:51:40.349403,1758633098_1758633108,27.6,3,23
2025-11-27 12:51:40.503444,1758633098_81805393,20.4,266,1507
2025-11-27 12:51:40.680891,1758633108_6659134174,31.2,3,26
2025-11-27 12:51:40.909383,1758633108_1758633112,23.29,79,511
2025-11-27 12:51:41.122478,1758633112_6659134172,21.18,199,1171
2025-11-27 12:51:41.279048,1758633112_1758633108,31.53,29,254
2025-11-27 12:51:41.429584,1758651218_6610574244,22.73,16,101
2025-11-27 12:51:41.630032,1758651218_6606566485,24.83,78,538
2025-11-27 12:51:41.781474,1838584736_1312650079,19.6,9,49
2025-11-27 12:51:41.964904,1838584736_1879088105,24.0,12,80
2025-11-27 12:51:42.100676,1849738362_1699561405,4.16,32,37
2025-11-27 12:51:42.272334,1849738362_5898769297,40.25,55,615
2025-11-27 12:51:42.512493,1878921396_6659072489,9.0,2,5
2025-11-27 12:51:42.712650,1878921403_5686426699,32.54,53,479
2025-11-27 12:51:42.876413,1878921403_5686426699,33.6,51,476
2025-11-27 12:51:43.076852,1878921405_1878921403,20.08,19,106
2025-11-27 12:51:43.291610,1878932244_1494041366,12.86,7,25
2025-11-27 12:51:43.425089,1878932244_420460217,20.07,33,184
2025-11-27 12:51:43.655561,1879088105_1879091755,29.31,14,114
2025-11-27 12:51:43.852410,1879088106_1879088105,23.93,17,113
2025-11-27 12:51:43.997980,1879088106_1838584736,13.54,147,553
2025-11-27 12:51:44.252089,1879088107_1879088108,18.17,21,106
2025-11-27 12:51:44.387191,1879088107_1312650077,8.62,33,79
2025-11-27 12:51:44.575295,1879088108_13322115743,34.92,30,291
2025-11-27 12:51:44.758209,1879091753_1879091756,12.15,16,54
2025-11-27 12:51:44.892533,1879091753_1475295085,38.21,70,743
2025-11-27 12:51:45.108558,1879091755_5898769297,14.5,142,572
2025-11-27 12:51:45.302243,1879091755_1699561405,28.61,77,612
2025-11-27 12:51:45.447836,1879091756_1879091753,17.0,169,798
2025-11-27 12:51:45.582544,1879091756_1879088107,29.78,11,91
2025-11-27 12:51:45.722998,1881927756_2302166519,11.52,5,16
2025-11-27 12:51:45.926676,1881927756_12375164794,43.2,1,12
2025-11-27 12:51:46.185593,1881927757_1881928008,6.88,68,130
2025-11-27 12:51:46.366426,1881927757_1881927759,6.97,47,91
2025-11-27 12:51:46.519679,1881927757_1748294231,3.69,40,41
2025-11-27 12:51:46.676803,1881927759_6687964478,20.26,199,1120
2025-11-27 12:51:46.844444,1881928007_1881928008,24.8,9,62
2025-11-27 12:51:46.991343,1881928007_1221053112,4.36,33,40
2025-11-27 12:51:47.150918,1881928008_1881927757,8.28,10,23
2025-11-27 12:51:47.336718,1881928008_13327548968,20.49,123,700
2025-11-27 12:51:47.526424,1881928278_10203920329,0.0,0,6
2025-11-27 12:51:47.729699,1881928278_6672531385,27.82,11,85
2025-11-27 12:51:47.918427,1881928279_1881928280,5.94,80,132
2025-11-27 12:51:48.060973,1881928279_1220930858,3.16,49,43
2025-11-27 12:51:48.205380,1881928280_6672531385,43.2,1,12
2025-11-27 12:51:48.423091,1881949102_1881949103,28.8,8,64
2025-11-27 12:51:48.555572,1881949102_4539675829,36.26,42,423
2025-11-27 12:51:48.700209,1881949103_1881949102,30.31,62,522
2025-11-27 12:51:48.872223,1881949103_11768052436,32.68,26,236
2025-11-27 12:51:49.100737,1884747787_4538405005,18.9,4,21
2025-11-27 12:51:49.304890,1884747789_1884747787,16.71,14,65
2025-11-27 12:51:49.435388,1884747789_3779255487,3.99,28,31
2025-11-27 12:51:49.632051,1884765798_6658429241,21.44,91,542
2025-11-27 12:51:49.781712,1884765802_1758629824,7.2,10,20
2025-11-27 12:51:49.969081,1884765802_5674347102,12.96,5,18
2025-11-27 12:51:50.124370,1884765806_1495020912,5.26,13,19
2025-11-27 12:51:50.267238,1884765806_1884765798,17.18,201,959
2025-11-27 12:51:50.519377,1884768305_1314209717,25.2,9,63
2025-11-27 12:51:50.666148,1884768305_1314209699,3.42,39,37
2025-11-27 12:51:50.863127,1884769977_6688503847,7.71,7,15
2025-11-27 12:51:51.003433,1884769977_1884769979,25.2,9,63
2025-11-27 12:51:51.205549,1884769979_6644672133,20.1,12,67
2025-11-27 12:51:51.416191,1884776799_445970799,18.59,97,501
2025-11-27 12:51:51.546691,1884776799_5954441639,19.1,138,732
2025-11-27 12:51:51.802691,1887748894_5875603186,20.25,8,45
2025-11-27 12:51:52.015509,1887751321_1312650077,15.48,10,43
2025-11-27 12:51:52.228492,1887751321_2185731481,28.8,7,56
2025-11-27 12:51:52.464083,1897734810_1897734813,13.32,10,37
2025-11-27 12:51:52.661431,1897734810_5710222979,10.27,116,331
2025-11-27 12:51:52.868967,1897734813_1897734810,22.2,6,37
2025-11-27 12:51:53.079825,1897734813_5093497429,19.8,18,99
2025-11-27 12:51:53.311008,1901865134_1901865135,19.2,6,32
2025-11-27 12:51:53.524619,1901865134_5710136485,23.26,26,168
2025-11-27 12:51:53.686242,1901865135_1901865134,23.11,167,1072
2025-11-27 12:51:53.836383,1901865135_5710673956,29.06,42,339
2025-11-27 12:51:53.979237,1904353550_1884776799,18.36,20,102
2025-11-27 12:51:54.175526,1904360482_2174649908,8.8,9,22
2025-11-27 12:51:54.325785,1904360482_106108917,20.86,58,336
2025-11-27 12:51:54.494398,1919720738_6641911209,0.0,0,6
2025-11-27 12:51:54.696288,1919750981_6631796343,25.92,5,36
2025-11-27 12:51:54.858809,1919750981_1919720738,23.66,7,46
2025-11-27 12:51:55.035595,1919751043_1919751060,32.4,2,18
2025-11-27 12:51:55.166773,1919751043_1748294250,13.62,83,314
2025-11-27 12:51:55.330701,1919751060_1954877845,32.4,2,18
2025-11-27 12:51:55.464349,1919751060_1919751043,10.8,6,18
2025-11-27 12:51:55.633952,1954877845_1919750981,24.12,10,67
2025-11-27 12:51:55.760168,2050902820_98031401,9.45,8,21
2025-11-27 12:51:55.895689,2050902820_6662639319,16.2,6,27
2025-11-27 12:51:56.045031,2050902827_445970127,5.85,8,13
2025-11-27 12:51:56.249587,2050902827_2050902836,31.89,14,124
2025-11-27 12:51:56.383850,2050902830_445970096,10.8,5,15
2025-11-27 12:51:56.658007,2050902830_2050902833,25.2,18,126
2025-11-27 12:51:56.797684,2050902832_2050902833,3.34,14,13
2025-11-27 12:51:56.945282,2050902832_445970096,23.8,18,119
2025-11-27 12:51:57.088867,2050902833_2050902827,25.84,17,122
2025-11-27 12:51:57.249726,2050902833_2050902832,6.69,7,13
2025-11-27 12:51:57.457503,2050902835_2050902836,7.2,8,16
2025-11-27 12:51:57.609343,2050902835_445970127,30.86,14,120
2025-11-27 12:51:57.781044,2050902836_2050902835,4.8,12,16
2025-11-27 12:51:57.947366,2050902836_5489009621,29.01,17,137
2025-11-27 12:51:58.129803,2053894358_8237661942,12.0,6,20
2025-11-27 12:51:58.290995,2053894358_2290010720,21.22,96,566
2025-11-27 12:51:58.441194,2084132002_5716649671,27.0,2,15
2025-11-27 12:51:58.656532,2084132003_5718871870,5.62,25,39
2025-11-27 12:51:58.800767,2084132003_5710673979,6.66,47,87
2025-11-27 12:51:58.953666,2084132003_98041849,3.38,33,31
2025-11-27 12:51:59.092989,2174649904_106108917,19.47,76,411
2025-11-27 12:51:59.225409,2174649904_2174649908,26.18,48,349
2025-11-27 12:51:59.372967,2174649908_1904360482,15.16,104,438
2025-11-27 12:51:59.567174,2174649908_4961341864,15.05,44,184
2025-11-27 12:51:59.758943,2175126932_6648227223,28.11,21,164
2025-11-27 12:51:59.917601,2175126939_2175126932,8.66,69,166
2025-11-27 12:52:00.044705,2175126939_444874857,4.52,39,49
2025-11-27 12:52:00.171572,2176926218_446030797,14.57,62,251
2025-11-27 12:52:00.311980,2176926218_6662241095,24.98,16,111
2025-11-27 12:52:00.449326,2176926218_5716616005,18.0,84,420
2025-11-27 12:52:00.649060,2185731222_1314191415,3.53,52,51
2025-11-27 12:52:00.808821,2185731222_436383687,7.32,122,248
2025-11-27 12:52:01.008592,2185731475_2185731477,30.24,10,84
2025-11-27 12:52:01.140584,2185731475_1312650079,6.74,31,58
2025-11-27 12:52:01.306906,2185731477_13327548965,28.8,21,168
2025-11-27 12:52:01.526296,2185731479_2185731481,36.45,8,81
2025-11-27 12:52:01.702744,2185731479_1887751321,4.19,49,57
2025-11-27 12:52:01.831350,2185731481_1879091753,34.8,12,116
2025-11-27 12:52:01.983220,2186671583_2186671586,3.24,10,9
2025-11-27 12:52:02.197439,2186671583_2291073251,4.48,49,61
2025-11-27 12:52:02.327740,2186671584_444398125,6.48,5,9
2025-11-27 12:52:02.483105,2186671584_2186671583,22.14,20,123
2025-11-27 12:52:02.773115,2186671585_2186671584,17.55,16,78
2025-11-27 12:52:02.907887,2186671586_2186671583,4.05,8,9
2025-11-27 12:52:03.067637,2186671586_444398125,18.4,27,138
2025-11-27 12:52:03.204166,2188036136_283139237,12.03,179,598
2025-11-27 12:52:03.335038,2188036136_444875375,4.98,91,126
2025-11-27 12:52:03.530988,2195296719_6644721587,0.0,0,4
2025-11-27 12:52:03.731688,2195296719_438036727,22.0,18,110
2025-11-27 12:52:03.865765,2195296719_309685730,15.23,161,681
2025-11-27 12:52:04.053509,2212544448_1314191436,7.2,6,12
2025-11-27 12:52:04.209683,2212544448_1314185648,21.42,41,244
2025-11-27 12:52:04.349865,2274969534_5828495464,4.5,12,15
2025-11-27 12:52:04.487678,2274969534_5718868836,28.05,43,335
2025-11-27 12:52:04.687649,2289976216_5718868836,25.61,96,683
2025-11-27 12:52:04.846721,2289976216_5828495464,26.06,46,333
2025-11-27 12:52:05.038644,2289997642_2289997644,4.95,8,11
2025-11-27 12:52:05.203355,2289997642_1314203102,11.49,42,134
2025-11-27 12:52:05.364279,2289997644_2289997642,9.9,4,11
2025-11-27 12:52:05.503146,2289997644_2289976216,23.83,21,139
2025-11-27 12:52:05.637082,2290010720_2290010722,6.3,8,14
2025-11-27 12:52:05.800089,2290010720_309595522,10.53,53,155
2025-11-27 12:52:06.001149,2290010722_2290010720,8.4,6,14
2025-11-27 12:52:06.137494,2290010722_8237661942,19.51,105,569
2025-11-27 12:52:06.274549,2291064324_319490613,23.2,18,116
2025-11-27 12:52:06.398319,2291064328_2291064324,21.6,10,60
2025-11-27 12:52:06.525607,2291064328_428673752,3.71,32,33
2025-11-27 12:52:06.658428,2291072469_317366886,8.64,5,12
2025-11-27 12:52:06.802366,2291072469_5710136488,16.11,164,734
2025-11-27 12:52:06.986650,2291072476_5710136485,12.96,5,18
2025-11-27 12:52:07.185184,2291072476_5710136487,23.04,5,32
2025-11-27 12:52:07.312209,2291073251_2291072469,9.9,8,22
2025-11-27 12:52:07.463463,2291073251_2291254030,26.1,36,261
2025-11-27 12:52:07.601257,2291254028_2291254030,15.3,8,34
2025-11-27 12:52:07.809973,2291254028_2291072469,13.34,71,263
2025-11-27 12:52:08.005540,2291254030_2291254028,22.73,181,1143
2025-11-27 12:52:08.159018,2291254030_444501637,28.39,44,347
2025-11-27 12:52:08.311347,2295384939_436388447,6.75,8,15
2025-11-27 12:52:08.498727,2295384939_5721511585,25.11,40,279
2025-11-27 12:52:08.672676,2302164518_2302164519,24.24,101,680
2025-11-27 12:52:08.853917,2302164518_5719031414,23.35,74,480
2025-11-27 12:52:08.999536,2302164519_2302164518,6.12,10,17
2025-11-27 12:52:09.160659,2302164519_12375164797,9.18,60,153
2025-11-27 12:52:09.357357,2302166519_1312645244,12.44,11,38
2025-11-27 12:52:09.505941,2302166519_1475295086,28.18,52,407
2025-11-27 12:52:09.647163,2303337176_1498038039,29.56,33,271
2025-11-27 12:52:09.845678,2326674277_5709923606,43.2,2,24
2025-11-27 12:52:10.015888,2326674277_2326674288,33.26,25,231
2025-11-27 12:52:10.152664,2326674281_5709923603,54.0,1,15
2025-11-27 12:52:10.309713,2326674281_1314191417,33.0,24,220
2025-11-27 12:52:10.466175,2326674288_4539674888,35.79,17,169
2025-11-27 12:52:10.629044,2570960524_12206582473,30.34,68,573
2025-11-27 12:52:10.788693,2570960524_5707647500,32.77,29,264
2025-11-27 12:52:10.941984,2584589542_5721511586,29.85,154,1277
2025-11-27 12:52:11.126737,2701058419_5716537675,11.42,58,184
2025-11-27 12:52:11.273150,2701184883_4539682086,21.47,27,161
2025-11-27 12:52:11.453656,3075526390_1919751043,28.8,3,24
2025-11-27 12:52:11.587857,3075526390_1954877845,23.6,9,59
2025-11-27 12:52:11.792693,3075526396_3075526390,27.45,8,61
2025-11-27 12:52:12.000918,3779255487_2701184883,15.75,311,1361
2025-11-27 12:52:12.139003,3779255487_5716537702,6.41,32,57
2025-11-27 12:52:12.294752,3779255494_4538405026,20.88,5,29
2025-11-27 12:52:12.446705,4004297090_1878921396,10.8,15,45
2025-11-27 12:52:12.655966,4004297090_1878921405,15.38,22,94
2025-11-27 12:52:12.865217,4025084971_6666128977,37.44,10,104
2025-11-27 12:52:13.051734,4025084971_4538571805,23.14,7,45
2025-11-27 12:52:13.330051,4025115175_5707407583,7.2,13,26
2025-11-27 12:52:13.460077,4025115175_5709996124,18.36,30,153
2025-11-27 12:52:13.704741,4027449781_6621078261,22.04,41,251
2025-11-27 12:52:13.850745,4106937190_4538404990,0.0,0,5
2025-11-27 12:52:13.994767,4538404990_13282498392,22.2,6,37
2025-11-27 12:52:14.167662,4538404991_4538405005,24.73,236,1621
2025-11-27 12:52:14.331077,4538404991_1221161727,23.26,460,2972
2025-11-27 12:52:14.606413,4538404998_3779255494,14.19,17,67
2025-11-27 12:52:14.771337,4538404998_1221161730,3.97,39,43
2025-11-27 12:52:14.923482,4538405005_4538405024,25.27,52,365
2025-11-27 12:52:15.113777,4538405006_1884747789,4.46,21,26
2025-11-27 12:52:15.263522,4538405006_2701184883,14.33,356,1417
2025-11-27 12:52:15.473853,4538405017_11700202516,32.13,54,482
2025-11-27 12:52:15.671134,4538405021_4538405024,38.79,80,862
2025-11-27 12:52:15.829955,4538405021_4538405061,31.52,426,3730
2025-11-27 12:52:16.034510,4538405024_6689058288,34.62,34,327
2025-11-27 12:52:16.189509,4538405026_4538405017,31.8,422,3728
2025-11-27 12:52:16.351920,4538405061_4538404998,17.28,5,24
2025-11-27 12:52:16.507981,4538405061_4106937190,7.49,148,308
2025-11-27 12:52:16.663873,4538405136_11768052437,30.88,71,609
2025-11-27 12:52:16.874942,4538405136_4538405137,33.6,63,588
2025-11-27 12:52:17.056751,4538405137_4540453395,12.8,27,96
2025-11-27 12:52:17.264596,4538571805_5707122780,37.35,189,1961
2025-11-27 12:52:17.513861,4538571805_4539675798,33.07,97,891
2025-11-27 12:52:17.753699,4538571806_4539675798,23.2,9,58
2025-11-27 12:52:17.894884,4538571806_5707122775,21.6,5,30
2025-11-27 12:52:18.041382,4538571818_1314191398,37.8,4,42
2025-11-27 12:52:18.196734,4539132150_4830545884,48.23,93,1246
2025-11-27 12:52:18.378486,4539132150_2326674277,29.77,26,215
2025-11-27 12:52:18.547586,4539132165_5716477055,18.58,37,191
2025-11-27 12:52:18.756121,4539674875_6621426593,25.2,9,63
2025-11-27 12:52:18.918752,4539674875_4539674879,8.1,32,72
2025-11-27 12:52:19.050979,4539674879_1314185677,23.28,15,97
2025-11-27 12:52:19.207840,4539674879_6628818468,26.74,7,52
2025-11-27 12:52:19.415811,4539674883_5716544649,43.66,31,376
2025-11-27 12:52:19.610486,4539674883_12606538099,57.91,92,1480
2025-11-27 12:52:19.767009,4539674888_1849738362,25.84,84,603
2025-11-27 12:52:19.936162,4539674888_3779255475,32.08,170,1515
2025-11-27 12:52:20.086911,4539675798_4538571805,32.12,427,3810
2025-11-27 12:52:20.272921,4539675798_5707122775,19.44,10,54
2025-11-27 12:52:20.425781,4539675798_10159724112,22.8,6,38
2025-11-27 12:52:20.568458,4539675829_444394912,25.63,25,178
2025-11-27 12:52:20.782835,4539682086_1881949103,28.8,55,440
2025-11-27 12:52:20.938319,4539682086_12606538104,26.52,60,442
2025-11-27 12:52:21.137400,4539684490_4539675829,31.8,48,424
2025-11-27 12:52:21.284810,4539684490_3779242655,51.11,97,1377
2025-11-27 12:52:21.420193,4540453369_4540453370,7.2,9,18
2025-11-27 12:52:21.601735,4540453370_4540453369,8.1,8,18
2025-11-27 12:52:21.748218,4540453370_5707271704,30.2,36,302
2025-11-27 12:52:21.940244,4540453378_5707271696,32.73,22,200
2025-11-27 12:52:22.117059,4540453393_4540453394,15.43,7,30
2025-11-27 12:52:22.282084,4540453393_10076263977,25.2,3,21
2025-11-27 12:52:22.423833,4540453394_5093497431,21.6,8,48
2025-11-27 12:52:22.570336,4540453394_4540453405,16.38,71,323
2025-11-27 12:52:22.823160,4540453395_4540453396,23.4,10,65
2025-11-27 12:52:23.039577,4540453395_4540453393,6.51,26,47
2025-11-27 12:52:23.184279,4540453396_4540453400,40.2,18,201
2025-11-27 12:52:23.322474,4540453399_10076263973,16.2,110,495
2025-11-27 12:52:23.457498,4540453399_5093497430,24.3,28,189
2025-11-27 12:52:23.618408,4540453400_444501629,15.11,323,1356
2025-11-27 12:52:23.804454,4540453404_10076263978,7.71,7,15
2025-11-27 12:52:23.996445,4540453404_4540453406,13.79,130,498
2025-11-27 12:52:24.125647,4540453405_4542621501,12.8,9,32
2025-11-27 12:52:24.339220,4540453405_10076263979,13.6,113,427
2025-11-27 12:52:24.471181,4540453406_4538405136,29.4,12,98
2025-11-27 12:52:24.622608,4541071715_4541071716,6.75,8,15
2025-11-27 12:52:24.792330,4541071715_6587550955,31.98,43,382
2025-11-27 12:52:24.948329,4541071716_4541071715,3.38,16,15
2025-11-27 12:52:25.094591,4541071716_10965136434,15.88,68,300
2025-11-27 12:52:25.236496,4541105058_5707271706,36.0,2,20
2025-11-27 12:52:25.400869,4541105059_4541105058,14.4,3,12
2025-11-27 12:52:25.594105,4541105059_11182265554,28.17,211,1651
2025-11-27 12:52:25.724694,4542621501_4540453393,9.12,15,38
2025-11-27 12:52:25.947566,4542621501_4540453406,28.8,5,40
2025-11-27 12:52:26.146235,4599745018_98027697,14.32,91,362
2025-11-27 12:52:26.297515,4599745018_10130533955,27.0,4,30
2025-11-27 12:52:26.440379,4599745018_7920618648,14.09,200,783
2025-11-27 12:52:26.565514,4600895552_10130533953,17.22,37,177
2025-11-27 12:52:26.748378,4600895552_6617292919,13.51,141,529
2025-11-27 12:52:26.917559,4830545876_6325815718,18.6,24,124
2025-11-27 12:52:27.102191,4830545876_5707122751,45.29,55,692
2025-11-27 12:52:27.252121,4830545884_106070559,57.7,37,593
2025-11-27 12:52:27.470840,4830545884_5707122751,39.76,22,243
2025-11-27 12:52:27.625513,4930425700_4930425704,37.8,22,231
2025-11-27 12:52:27.821532,4930425700_1314185585,52.24,43,624
2025-11-27 12:52:28.038242,4930425704_4025084971,57.6,2,32
2025-11-27 12:52:28.174766,4930438606_4830545876,52.2,2,29
2025-11-27 12:52:28.327789,4961341856_1497544719,9.93,108,298
2025-11-27 12:52:28.486885,4961341856_5707161154,22.68,10,63
2025-11-27 12:52:28.716867,4961341859_4961341860,9.56,122,324
2025-11-27 12:52:28.878891,4961341859_6661055809,5.07,22,31
2025-11-27 12:52:29.071655,4961341860_4961341865,7.46,14,29
2025-11-27 12:52:29.254343,4961341864_4961341859,8.64,10,24
2025-11-27 12:52:29.417533,4961341864_6685236291,24.15,24,161
2025-11-27 12:52:29.570170,4961341865_4961341864,16.28,86,389
2025-11-27 12:52:29.716432,4961341865_1904360482,21.25,31,183
2025-11-27 12:52:29.940045,5093497426_10076263973,27.45,24,183
2025-11-27 12:52:30.098873,5093497429_5093497426,20.88,10,58
2025-11-27 12:52:30.228609,5093497429_4540453405,8.55,16,38
2025-11-27 12:52:30.429041,5093497430_10076263976,3.32,26,24
2025-11-27 12:52:30.664842,5093497430_5093497431,31.05,8,69
2025-11-27 12:52:30.881252,5093497431_1897734810,21.15,16,94
2025-11-27 12:52:31.019868,5206119178_283139237,22.86,83,527
2025-11-27 12:52:31.166042,5206119178_420456683,22.55,179,1121
2025-11-27 12:52:31.414339,5485653490_5875623873,24.0,3,20
2025-11-27 12:52:31.682221,5485653490_6688490814,18.15,74,373
2025-11-27 12:52:31.828013,5485722628_6606566488,16.74,231,1074
2025-11-27 12:52:32.010450,5485722628_8341509537,22.61,64,402
2025-11-27 12:52:32.210765,5485722628_6610228314,10.29,21,60
2025-11-27 12:52:32.338046,5489009621_6677147310,23.4,4,26
2025-11-27 12:52:32.565992,5489009621_6677147301,20.74,25,144
2025-11-27 12:52:32.705606,5598303159_13282511305,0.0,0,5
2025-11-27 12:52:32.903952,5598303159_13282511304,38.7,72,774
2025-11-27 12:52:33.116167,5641890821_5641890822,25.05,193,1343
2025-11-27 12:52:33.335564,5641890821_6661487945,23.13,155,996
2025-11-27 12:52:33.482532,5641890822_5641890821,24.75,8,55
2025-11-27 12:52:33.619971,5641890822_5641890823,30.6,18,153
2025-11-27 12:52:33.805856,5641890823_10087376960,18.49,22,113
2025-11-27 12:52:34.017187,5641890823_11700202517,19.8,6,33
2025-11-27 12:52:34.225393,5645750065_9970440452,17.82,20,99
2025-11-27 12:52:34.367781,5645750065_9970440452,17.82,20,99
2025-11-27 12:52:34.581992,5674347102_1758629824,9.77,7,19
2025-11-27 12:52:34.784709,5674347102_7920618648,13.04,162,587
2025-11-27 12:52:34.937437,5683715143_1494041345,18.34,21,107
2025-11-27 12:52:35.076466,5683792676_1314209698,9.12,182,461
2025-11-27 12:52:35.221562,5683792676_98026475,21.6,8,48
2025-11-27 12:52:35.438064,5686426699_7985603148,35.2,9,88
2025-11-27 12:52:35.583337,5686449780_6688471376,31.05,8,69
2025-11-27 12:52:35.869318,5706891499_5706896622,23.74,123,811
2025-11-27 12:52:36.047081,5706891499_9980229913,24.6,12,82
2025-11-27 12:52:36.205995,5706896622_5706891499,12.86,7,25
2025-11-27 12:52:36.356571,5706896622_1497544738,10.32,52,149
2025-11-27 12:52:36.554016,5707122750_6677687648,32.26,354,3172
2025-11-27 12:52:36.698244,5707122750_1699561412,32.89,22,201
2025-11-27 12:52:36.858732,5707122751_6677687648,64.8,1,18
2025-11-27 12:52:37.044823,5707122775_10159724112,28.96,175,1408
2025-11-27 12:52:37.276491,5707122779_4538571806,35.82,20,199
2025-11-27 12:52:37.416584,5707122782_6677687639,29.1,24,194
2025-11-27 12:52:37.547279,5707161151_81806535,4.97,29,40
2025-11-27 12:52:37.701342,5707161153_1497544738,11.39,91,288
2025-11-27 12:52:37.846789,5707161153_5707161163,11.59,96,309
2025-11-27 12:52:38.066106,5707161153_1497544749,18.0,7,35
2025-11-27 12:52:38.214533,5707161154_8231491411,22.2,12,74
2025-11-27 12:52:38.411885,5707161162_1904353550,5.52,62,95
2025-11-27 12:52:38.605352,5707161162_1497544719,3.69,38,39
2025-11-27 12:52:38.765992,5707161163_5707161154,28.4,9,71
2025-11-27 12:52:38.941621,5707161163_4961341856,11.27,145,454
2025-11-27 12:52:39.133023,5707262958_6685466405,13.44,15,56
2025-11-27 12:52:39.374602,5707271696_4541105058,33.3,56,518
2025-11-27 12:52:39.560658,5707271700_5707271696,24.0,6,40
2025-11-27 12:52:39.740792,5707271703_5707271704,27.93,79,613
2025-11-27 12:52:39.878840,5707271703_4540453369,31.17,35,303
2025-11-27 12:52:40.075837,5707271704_5707271705,21.6,22,132
2025-11-27 12:52:40.234535,5707271705_4541105059,27.6,3,23
2025-11-27 12:52:40.402302,5707271705_12725862785,28.14,152,1188
2025-11-27 12:52:40.525775,5707271706_5707271705,26.88,118,881
2025-11-27 12:52:40.664174,5707271706_5707271703,27.95,17,132
2025-11-27 12:52:40.862044,5707407583_5707407590,22.8,3,19
2025-11-27 12:52:40.994148,5707407590_5707407591,7.2,7,14
2025-11-27 12:52:41.183698,5707407590_6670444529,26.22,46,335
2025-11-27 12:52:41.352151,5707407591_4025115175,12.6,6,21
2025-11-27 12:52:41.555577,5707407591_6685434573,24.23,26,175
2025-11-27 12:52:41.756423,5707647467_5707647500,26.95,193,1445
2025-11-27 12:52:41.910878,5707647467_12206582473,30.66,31,264
2025-11-27 12:52:42.057604,5707647500_5707647467,21.09,7,41
2025-11-27 12:52:42.216616,5707647500_6658364083,34.8,3,29
2025-11-27 12:52:42.356414,5707679597_11201648616,13.44,15,56
2025-11-27 12:52:42.490034,5709923601_1314185648,31.2,6,52
2025-11-27 12:52:42.638525,5709923602_1314191417,32.4,8,72
2025-11-27 12:52:42.779220,5709923603_5709923602,10.24,181,515
2025-11-27 12:52:42.920181,5709923603_6621357115,15.2,9,38
2025-11-27 12:52:43.076018,5709923606_1314185653,35.1,20,195
2025-11-27 12:52:43.251585,5709923606_6628818478,17.82,20,99
2025-11-27 12:52:43.453832,5709996124_5709996125,2.7,16,12
2025-11-27 12:52:43.595177,5709996124_448838032,5.86,153,249
2025-11-27 12:52:43.780775,5709996125_5709996124,5.4,8,12
2025-11-27 12:52:43.912689,5709996125_5707407583,14.31,38,151
2025-11-27 12:52:44.071903,5710098650_5716807750,15.0,6,25
2025-11-27 12:52:44.249300,5710098650_5717115613,33.0,30,275
2025-11-27 12:52:44.403325,5710136485_317778303,23.4,2,13
2025-11-27 12:52:44.553016,5710136487_1901865135,21.6,22,132
2025-11-27 12:52:44.745153,5710136488_5710136487,25.2,7,49
2025-11-27 12:52:44.919048,5710136488_2291072476,4.05,32,36
2025-11-27 12:52:45.077485,5710222979_2212544448,5.4,110,165
2025-11-27 12:52:45.233093,5710222986_5710222979,21.78,61,369
2025-11-27 12:52:45.413209,5710222986_3779255475,53.66,95,1416
2025-11-27 12:52:45.612802,5710222987_12606538099,24.23,67,451
2025-11-27 12:52:45.776705,5710222987_1897734813,24.94,391,2709
2025-11-27 12:52:45.910212,5710231827_1887748894,23.4,2,13
2025-11-27 12:52:46.158494,5710538391_5710538395,32.4,6,54
2025-11-27 12:52:46.293041,5710538391_11111175326,22.11,7,43
2025-11-27 12:52:46.466234,5710538395_5710691038,18.72,5,26
2025-11-27 12:52:46.640040,5710538395_5710691056,25.2,17,119
2025-11-27 12:52:46.846543,5710565212_5828999543,22.92,30,191
2025-11-27 12:52:46.991557,5710673956_5716670119,32.4,5,45
2025-11-27 12:52:47.194590,5710673956_2084132003,11.83,56,184
2025-11-27 12:52:47.323132,5710673974_5710673979,17.1,8,38
2025-11-27 12:52:47.457020,5710673974_98041257,8.8,9,22
2025-11-27 12:52:47.588624,5710673974_1748294274,18.31,117,595
2025-11-27 12:52:47.794849,5710673979_5710673992,29.27,23,187
2025-11-27 12:52:47.936914,5710673992_106078638,34.2,4,38
2025-11-27 12:52:48.129910,5710691038_5710538391,8.5,25,59
2025-11-27 12:52:48.274121,5710691038_5710691043,28.59,17,135
2025-11-27 12:52:48.448316,5710691044_5710691043,32.85,16,146
2025-11-27 12:52:48.620180,5710691044_5710691038,27.07,191,1436
2025-11-27 12:52:48.775342,5710691045_5710538395,9.55,46,122
2025-11-27 12:52:48.922647,5710691045_5710691056,34.63,21,202
2025-11-27 12:52:49.062700,5710691056_8462966000,29.52,5,41
2025-11-27 12:52:49.260406,5716241016_5716241017,26.23,7,51
2025-11-27 12:52:49.397137,5716241017_1881928278,23.53,162,1059
2025-11-27 12:52:49.595623,5716408768_1494035973,6.0,33,55
2025-11-27 12:52:49.807424,5716408768_6659134177,19.58,484,2632
2025-11-27 12:52:49.943799,5716408772_6659134177,22.11,7,43
2025-11-27 12:52:50.091800,5716477055_5716477056,22.64,114,717
2025-11-27 12:52:50.222070,5716477055_1495030950,22.9,47,299
2025-11-27 12:52:50.379535,5716477056_5716477055,8.16,15,34
2025-11-27 12:52:50.521160,5716477056_4539132150,19.4,36,194
2025-11-27 12:52:50.726729,5716537675_4538404990,5.57,31,48
2025-11-27 12:52:50.864009,5716537675_4538404991,13.05,8,29
2025-11-27 12:52:51.019639,5716537702_3779255494,19.8,8,44
2025-11-27 12:52:51.173715,5716537702_1221161730,11.63,13,42
2025-11-27 12:52:51.352255,5716544649_2326674281,34.94,17,165
2025-11-27 12:52:51.480128,5716616005_444875130,6.23,37,64
2025-11-27 12:52:51.633249,5716616005_2176926218,15.55,97,419
2025-11-27 12:52:51.781858,5716649671_5716670117,29.63,313,2576
2025-11-27 12:52:51.975330,5716670117_5718916301,31.56,30,263
2025-11-27 12:52:52.178386,5716670118_5716670117,31.85,203,1796
2025-11-27 12:52:52.312658,5716670118_5716670119,36.38,47,475
2025-11-27 12:52:52.473948,5716670119_5710673992,17.64,230,1127
2025-11-27 12:52:52.665210,5716670119_5716670118,27.39,143,1088
2025-11-27 12:52:52.802473,5716670621_5716670118,25.55,144,1022
2025-11-27 12:52:52.950014,5716670621_1498111685,30.83,23,197
2025-11-27 12:52:53.157404,5716670628_2084132002,7.92,25,55
2025-11-27 12:52:53.317877,5716670628_98041851,20.61,197,1128
2025-11-27 12:52:53.518342,5716807749_5717115613,27.9,72,558
2025-11-27 12:52:53.667653,5716807749_5716807750,35.49,28,276
2025-11-27 12:52:53.805342,5716807750_5710098650,24.01,196,1307
2025-11-27 12:52:53.944445,5716807750_6684737819,27.53,125,956
2025-11-27 12:52:54.074910,5717115613_5716807749,20.16,5,28
2025-11-27 12:52:54.237188,5717115613_4540453378,30.6,14,119
2025-11-27 12:52:54.385294,5718868836_2289976216,5.76,10,16
2025-11-27 12:52:54.511501,5718868836_2289997642,22.38,23,143
2025-11-27 12:52:54.652607,5718871870_283139229,14.84,189,779
2025-11-27 12:52:54.804271,5718871870_98041849,3.98,19,21
2025-11-27 12:52:54.962839,5718886024_1748294257,12.06,37,124
2025-11-27 12:52:55.119587,5718916274_5718916294,9.88,94,258
2025-11-27 12:52:55.306025,5718916274_10296445823,6.3,4,7
2025-11-27 12:52:55.461045,5718916291_12816414547,16.92,10,47
2025-11-27 12:52:55.738550,5718916291_98035472,6.66,20,37
2025-11-27 12:52:55.939889,5718916292_6650876736,14.72,280,1145
2025-11-27 12:52:56.096151,5718916292_12816414542,6.0,6,10
2025-11-27 12:52:56.263368,5718916293_5718916294,18.0,1,5
2025-11-27 12:52:56.469417,5718916294_98042270,23.44,47,306
2025-11-27 12:52:56.607400,5718916301_5718916302,14.5,214,862
2025-11-27 12:52:56.742361,5718916301_5718916291,7.92,15,33
2025-11-27 12:52:56.961673,5718916302_5718916301,8.1,12,27
2025-11-27 12:52:57.096396,5718916302_5716670621,30.77,31,265
2025-11-27 12:52:57.309504,5718946093_1748294274,6.75,16,30
2025-11-27 12:52:57.456329,5719031413_5719031414,16.97,7,33
2025-11-27 12:52:57.639930,5719031413_2302164519,23.35,74,480
2025-11-27 12:52:57.801708,5719031414_5719031413,27.02,73,548
2025-11-27 12:52:57.939120,5719031414_3075526396,26.77,23,171
2025-11-27 12:52:58.194449,5719125659_6648096524,44.4,3,37
2025-11-27 12:52:58.340078,5719125659_1758170772,23.61,68,446
2025-11-27 12:52:58.541849,5721511585_2584589542,40.32,5,56
2025-11-27 12:52:58.719274,5721511586_436388447,27.6,36,276
2025-11-27 12:52:58.869106,5828495464_2274969534,10.8,5,15
2025-11-27 12:52:59.005276,5828495464_5719125659,30.42,20,169
2025-11-27 12:52:59.214477,5828999542_5828999543,22.8,105,665
2025-11-27 12:52:59.417164,5828999542_1495025257,23.04,30,192
2025-11-27 12:52:59.566015,5828999543_5828999542,9.9,8,22
2025-11-27 12:52:59.758971,5828999543_6648227222,20.21,31,174
2025-11-27 12:52:59.973184,5831399053_6603014206,26.14,342,2483
2025-11-27 12:53:00.104010,5831399053_1494041374,34.8,66,638
2025-11-27 12:53:00.311883,5875603186_5645750065,24.09,13,87
2025-11-27 12:53:00.448293,5875603186_5206119178,23.2,63,406
2025-11-27 12:53:00.645788,5875623873_6677147301,22.5,4,25
2025-11-27 12:53:00.782326,5875623873_6677147310,17.15,17,81
2025-11-27 12:53:00.933594,5898769297_2185731475,33.94,14,132
2025-11-27 12:53:01.155875,5954441639_5954441640,3.6,8,8
2025-11-27 12:53:01.287168,5954441639_6659134171,27.0,14,105
2025-11-27 12:53:01.427617,5954441640_5954441639,1.92,15,8
2025-11-27 12:53:01.575212,5954441640_11201648616,20.86,58,336
2025-11-27 12:53:01.741822,5962836764_6325815718,44.5,61,754
2025-11-27 12:53:01.898429,5962836764_1314185585,40.07,23,256
2025-11-27 12:53:02.039731,6044465949_2701058419,15.22,101,427
2025-11-27 12:53:02.192501,6044465949_12606538104,15.72,319,1393
2025-11-27 12:53:02.450439,6325815718_6325815720,54.0,2,30
2025-11-27 12:53:02.598918,6325815720_4930438606,10.69,283,840
2025-11-27 12:53:02.750883,6325815720_2185731222,10.15,61,172
2025-11-27 12:53:02.955808,6405794494_6659134172,20.09,269,1501
2025-11-27 12:53:03.108071,6413551907_8341509537,25.2,2,14
2025-11-27 12:53:03.331588,6413551907_8341509535,18.83,13,68
2025-11-27 12:53:03.559954,6441639163_6689057478,25.2,32,224
2025-11-27 12:53:03.787731,6587550954_6587550955,5.85,8,13
2025-11-27 12:53:04.039761,6587550954_4541071716,29.74,46,380
2025-11-27 12:53:04.171600,6587550955_6587550954,3.12,15,13
2025-11-27 12:53:04.300080,6587550955_420456615,9.75,41,111
2025-11-27 12:53:04.464664,6587651051_1901865134,32.14,28,250
2025-11-27 12:53:04.636657,6600206282_13282498396,17.35,223,1075
2025-11-27 12:53:04.822660,6600206282_5598303159,28.38,17,134
2025-11-27 12:53:05.005380,6600206283_13282498396,18.47,198,1016
2025-11-27 12:53:05.218383,6600206283_2701058419,24.95,43,298
2025-11-27 12:53:05.419887,6601012241_6688570393,57.6,1,16
2025-11-27 12:53:05.623202,6601012241_6441639163,22.2,12,74
2025-11-27 12:53:05.783931,6603014206_10682258584,25.88,100,719
2025-11-27 12:53:06.014924,6603014206_6603014207,30.6,6,51
2025-11-27 12:53:06.230988,6603014207_6659072491,13.89,7,27
2025-11-27 12:53:06.426207,6603014207_6659072492,46.8,1,13
2025-11-27 12:53:06.620339,6606566485_10682258584,16.46,14,64
2025-11-27 12:53:06.775755,6606566485_6606566487,43.2,1,12
2025-11-27 12:53:06.924314,6606566485_1758651218,23.62,82,538
2025-11-27 12:53:07.134359,6606566487_6610228314,19.24,189,1010
2025-11-27 12:53:07.299359,6606566487_6606566485,43.2,1,12
2025-11-27 12:53:07.448268,6606566488_6606566487,18.0,12,60
2025-11-27 12:53:07.579277,6606566488_10682258584,24.0,3,20
2025-11-27 12:53:07.745430,6606566488_5485722628,18.59,208,1074
2025-11-27 12:53:07.892365,6610228314_10743484787,22.01,62,379
2025-11-27 12:53:08.057016,6610228314_6606566487,19.65,185,1010
2025-11-27 12:53:08.213448,6610228314_5485722628,8.5,25,59
2025-11-27 12:53:08.377845,6610574244_6659072491,20.85,24,139
2025-11-27 12:53:08.544715,6610574244_1758651218,23.52,15,98
2025-11-27 12:53:08.706210,6617292919_4600895552,20.03,46,256
2025-11-27 12:53:08.907178,6617292919_7985603136,4.11,35,40
2025-11-27 12:53:09.086230,6621078250_6621078251,5.2,9,13
2025-11-27 12:53:09.308832,6621078250_6621078260,28.59,34,270
2025-11-27 12:53:09.454777,6621078251_6621078250,3.9,12,13
2025-11-27 12:53:09.587233,6621078251_420456595,34.37,31,296
2025-11-27 12:53:09.748035,6621078260_6621078261,8.03,13,29
2025-11-27 12:53:09.937253,6621078260_2303337176,17.64,50,245
2025-11-27 12:53:10.074570,6621078261_6621078260,24.9,83,574
2025-11-27 12:53:10.224520,6621078261_420456583,30.0,24,200
2025-11-27 12:53:10.370115,6621357112_1314185653,36.0,3,30
2025-11-27 12:53:10.498482,6621357115_1314191420,4.72,45,59
2025-11-27 12:53:10.673735,6621357115_6621357112,16.65,16,74
2025-11-27 12:53:10.815664,6621426593_1314191414,32.4,2,18
2025-11-27 12:53:10.981956,6621426601_6621426593,10.63,130,384
2025-11-27 12:53:11.116508,6621426601_4539674879,4.77,40,53
2025-11-27 12:53:11.319633,6628818468_5709923601,27.6,9,69
2025-11-27 12:53:11.490599,6628818478_1314185677,4.14,40,46
2025-11-27 12:53:11.682276,6628818478_6628818468,8.65,142,341
2025-11-27 12:53:11.841603,6631796343_1692627215,31.2,3,26
2025-11-27 12:53:11.966030,6641911209_5719031413,33.16,19,175
2025-11-27 12:53:12.094685,6641911209_3075526396,25.71,7,50
2025-11-27 12:53:12.256360,6644672133_6644672135,19.38,52,280
2025-11-27 12:53:12.412918,6644672133_1884768305,10.8,24,72
2025-11-27 12:53:12.554671,6644672135_6644672133,19.02,53,280
2025-11-27 12:53:12.767452,6644672135_106111364,21.6,22,132
2025-11-27 12:53:12.918186,6644721587_2195296719,23.7,36,237
2025-11-27 12:53:13.071257,6644721587_11107112929,20.7,8,46
2025-11-27 12:53:13.267624,6647118933_2290010722,21.44,23,137
2025-11-27 12:53:13.466896,6647145130_8598733283,6.94,14,27
2025-11-27 12:53:13.599061,6647145130_5701309369,11.95,25,83
2025-11-27 12:53:13.747343,6648096523_1758170763,3.0,24,20
2025-11-27 12:53:13.908270,6648096523_1613087628,7.2,16,32
2025-11-27 12:53:14.063355,6648096524_6648096525,32.8,27,246
2025-11-27 12:53:14.226934,6648096524_12024836052,19.74,130,713
2025-11-27 12:53:14.382496,6648096525_6648096524,34.06,26,246
2025-11-27 12:53:14.516751,6648096525_5710565212,37.2,3,31
2025-11-27 12:53:14.725773,6648227219_2291254028,26.43,47,345
2025-11-27 12:53:14.875802,6648227221_6648227219,23.4,4,26
2025-11-27 12:53:15.025344,6648227221_6648227224,34.65,48,462
2025-11-27 12:53:15.175304,6648227222_6648227224,34.8,3,29
2025-11-27 12:53:15.311393,6648227222_2175126939,22.57,26,163
2025-11-27 12:53:15.455257,6648227223_5828999542,20.76,30,173
2025-11-27 12:53:15.651530,6648227224_6648227223,36.0,3,30
2025-11-27 12:53:15.789884,6648227224_6648227221,31.98,52,462
2025-11-27 12:53:15.933153,6650810650_444874859,10.8,32,96
2025-11-27 12:53:16.133181,6650810650_1613087620,6.6,12,22
2025-11-27 12:53:16.296602,6650876736_5718916292,5.14,247,353
2025-11-27 12:53:16.469164,6650876736_6650876740,9.31,607,1569
2025-11-27 12:53:16.642150,6650876740_6650876736,12.17,58,196
2025-11-27 12:53:16.814536,6650876740_634709500,18.36,277,1413
2025-11-27 12:53:16.957334,6650982900_6650982901,27.03,142,1066
2025-11-27 12:53:17.147739,6650982900_6648227219,28.97,21,169
2025-11-27 12:53:17.297844,6650982901_6650982900,8.69,46,111
2025-11-27 12:53:17.426288,6650982901_444875375,5.71,29,46
2025-11-27 12:53:17.577512,6651770209_6651770210,4.87,17,23
2025-11-27 12:53:17.708954,6651770209_444875374,12.15,163,550
2025-11-27 12:53:17.857264,6651770210_6651770209,15.28,221,938
2025-11-27 12:53:18.018258,6651770210_5716670628,11.4,126,399
2025-11-27 12:53:18.163460,6658429241_10130533935,22.6,172,1080
2025-11-27 12:53:18.357304,6658429241_11014094287,19.54,28,152
2025-11-27 12:53:18.509180,6659072489_5710231827,19.63,31,169
2025-11-27 12:53:18.762752,6659072490_6659072489,8.1,20,45
2025-11-27 12:53:18.918028,6659072490_1878921405,22.8,18,114
2025-11-27 12:53:19.068077,6659072491_6659072492,21.6,6,36
2025-11-27 12:53:19.206438,6659072491_6610574244,20.85,24,139
2025-11-27 12:53:19.352602,6659072492_6659072490,28.15,22,172
2025-11-27 12:53:19.583136,6659134171_1758633112,16.81,106,495
2025-11-27 12:53:19.732500,6659134171_1884769977,25.75,13,93
2025-11-27 12:53:19.870573,6659134172_5954441640,27.0,14,105
2025-11-27 12:53:20.012459,6659134174_5716408768,12.29,70,239
2025-11-27 12:53:20.215555,6659134177_1314209716,18.0,17,85
2025-11-27 12:53:20.400981,6661055809_2050902820,28.8,1,8
2025-11-27 12:53:20.561008,6661055810_6661055809,5.99,83,138
2025-11-27 12:53:20.724007,6661055810_4961341860,4.89,28,38
2025-11-27 12:53:20.983254,6661055813_6662639319,12.76,11,39
2025-11-27 12:53:21.151014,6661487944_6661487945,20.03,126,701
2025-11-27 12:53:21.317628,6661487944_5641890822,25.53,140,993
2025-11-27 12:53:21.443321,6661487945_6661487944,19.08,10,53
2025-11-27 12:53:21.618863,6661487945_12908782868,27.4,18,137
2025-11-27 12:53:21.791990,6662241086_6662241087,18.0,10,50
2025-11-27 12:53:21.935505,6662241086_4025115175,15.93,224,991
2025-11-27 12:53:22.081457,6662241087_6662241086,18.08,89,447
2025-11-27 12:53:22.223252,6662241087_6662241094,16.66,78,361
2025-11-27 12:53:22.389608,6662241094_6662241095,14.17,62,244
2025-11-27 12:53:22.576112,6662241094_446030797,11.44,34,108
2025-11-27 12:53:22.729155,6662241095_6662241094,16.2,6,27
2025-11-27 12:53:22.882632,6662241095_6662241086,16.85,78,365
2025-11-27 12:53:23.039595,6662639319_2050902830,19.8,16,88
2025-11-27 12:53:23.181162,6666128977_5962836764,61.2,1,17
2025-11-27 12:53:23.336705,6666479030_8598733283,0.0,0,4
2025-11-27 12:53:23.483295,6670444529_6670444530,27.95,72,559
2025-11-27 12:53:23.618574,6670444529_420456683,30.48,15,127
2025-11-27 12:53:23.773850,6670444530_6670444529,3.18,17,15
2025-11-27 12:53:23.990518,6670444530_12513272960,32.74,21,191
2025-11-27 12:53:24.129123,6672531385_12872373346,20.37,38,215
2025-11-27 12:53:24.285943,6677147301_5489009621,13.8,6,23
2025-11-27 12:53:24.448806,6677147301_2050902835,26.15,19,138
2025-11-27 12:53:24.640629,6677147310_5485653490,23.89,11,73
2025-11-27 12:53:24.809319,6677300866_309685730,16.1,93,416
2025-11-27 12:53:25.004062,6677300866_6677364041,20.0,9,50
2025-11-27 12:53:25.218350,6677338241_98026475,15.88,34,150
2025-11-27 12:53:25.357891,6677338241_1314209698,18.72,10,52
2025-11-27 12:53:25.493925,6677364041_2295384939,24.3,8,54
2025-11-27 12:53:25.678661,6677687639_5707122750,16.56,10,46
2025-11-27 12:53:25.827883,6677687639_4538571818,33.3,418,3866
2025-11-27 12:53:25.960820,6677687648_1314191405,0.0,0,10
2025-11-27 12:53:26.112997,6677687648_5707122750,22.5,8,50
2025-11-27 12:53:26.273385,6677895172_1494041352,21.89,360,2189
2025-11-27 12:53:26.417832,6677895172_1494041351,26.26,17,124
2025-11-27 12:53:26.568660,6677895176_1494041352,34.8,3,29
2025-11-27 12:53:26.741670,6677895176_1494041351,20.1,149,832
2025-11-27 12:53:26.903823,6684737819_4540453404,25.48,26,184
2025-11-27 12:53:27.059172,6684737819_4540453400,39.92,45,499
2025-11-27 12:53:27.251075,6685236291_6685236292,19.8,68,374
2025-11-27 12:53:27.402920,6685236291_8231491408,27.7,23,177
2025-11-27 12:53:27.538097,6685236292_6685236291,7.5,12,25
2025-11-27 12:53:27.677319,6685236292_4961341859,12.83,46,164
2025-11-27 12:53:27.812238,6685434573_6662241087,27.36,10,76
2025-11-27 12:53:27.972231,6687964478_442990465,15.73,157,686
2025-11-27 12:53:28.132686,6687964478_5716241017,19.35,8,43
2025-11-27 12:53:28.344648,6688471376_5686449780,15.29,234,994
2025-11-27 12:53:28.541835,6688471376_7920618647,11.82,88,289
2025-11-27 12:53:28.689856,6688490814_6647145130,5.4,24,36
2025-11-27 12:53:28.970832,6688490814_5485653490,20.07,40,223
2025-11-27 12:53:29.103212,6688503842_6405794494,18.0,4,20
2025-11-27 12:53:29.238509,6688503847_1758631175,10.08,10,28
2025-11-27 12:53:29.437566,6688503847_6688503842,6.66,20,37
2025-11-27 12:53:29.639835,6688570392_6441639163,21.6,3,18
2025-11-27 12:53:29.766817,6688570392_6688570393,26.57,71,524
2025-11-27 12:53:29.914958,6688570393_6688570397,31.64,38,334
2025-11-27 12:53:30.197166,6688570397_6688570401,16.04,11,49
2025-11-27 12:53:30.389648,6688570397_12600043488,30.24,5,42
2025-11-27 12:53:30.546848,6688570401_6688570392,27.71,43,331
2025-11-27 12:53:30.701339,6689057478_6689057484,36.0,3,30
2025-11-27 12:53:30.901881,6689057478_6689057482,16.2,8,36
2025-11-27 12:53:31.034406,6689057482_6601012241,32.98,25,229
2025-11-27 12:53:31.308469,6689057484_13206202825,27.09,38,286
2025-11-27 12:53:31.440018,6689058288_6689057482,32.4,2,18
2025-11-27 12:53:31.578300,6689058288_6689057484,24.12,10,67
2025-11-27 12:53:31.782424,7301485388_1497544796,8.1,12,27
2025-11-27 12:53:31.937667,7920618640_5683715143,26.32,64,468
2025-11-27 12:53:32.174060,7920618640_5683715143,26.32,64,468
2025-11-27 12:53:32.301169,7920618647_4599745018,22.5,4,25
2025-11-27 12:53:32.440992,7920618647_7920618648,23.4,6,39
2025-11-27 12:53:32.633113,7920618648_5674347102,13.81,153,587
2025-11-27 12:53:32.798405,7920618648_10130533955,12.18,13,44
2025-11-27 12:53:32.957584,7920618648_4599745018,14.07,197,770
2025-11-27 12:53:33.096900,7985603136_98027697,18.6,6,31
2025-11-27 12:53:33.269871,7985603136_10130533953,17.65,279,1368
2025-11-27 12:53:33.401047,7985603138_5686449780,25.29,40,281
2025-11-27 12:53:33.614103,7985603147_7985603148,21.61,341,2047
2025-11-27 12:53:33.782298,7985603147_7920618640,26.84,706,5263
2025-11-27 12:53:34.008597,7985603148_7985603147,36.28,13,131
2025-11-27 12:53:34.161683,7985603148_6617292919,24.84,20,138
2025-11-27 12:53:34.329981,8231491408_8231491411,9.11,145,367
2025-11-27 12:53:34.466000,8231491408_5707161162,19.6,18,98
2025-11-27 12:53:34.655594,8231491411_8231491408,4.73,16,21
2025-11-27 12:53:34.805787,8231491411_6685236292,26.06,25,181
2025-11-27 12:53:34.961556,8237661942_2053894358,6.0,12,20
2025-11-27 12:53:35.121048,8237661942_308728680,16.45,65,297
2025-11-27 12:53:35.324036,8242664547_11107112958,20.47,376,2138
2025-11-27 12:53:35.486911,8242664547_12174413404,25.2,8,56
2025-11-27 12:53:35.647371,8242664547_12559133535,20.25,366,2059
2025-11-27 12:53:35.839770,8295729267_3779242655,45.1,36,451
2025-11-27 12:53:35.986148,8295729267_6600206282,26.24,45,328
2025-11-27 12:53:36.199191,8341509535_10743484787,16.8,3,14
2025-11-27 12:53:36.351848,8341509537_5485722628,21.28,68,402
2025-11-27 12:53:36.488219,8341509537_6413551907,16.8,3,14
2025-11-27 12:53:36.640516,8462967636_5710691044,54.0,1,15
2025-11-27 12:53:36.770600,8598733283_6666479030,14.4,1,4
2025-11-27 12:53:36.926641,8598733283_6688490814,23.76,10,66
2025-11-27 12:53:37.103112,8823455179_6661055810,14.47,394,1584
2025-11-27 12:53:37.303718,8823455180_8823455179,9.2,9,23
2025-11-27 12:53:37.500634,8823455180_98031401,9.77,7,19
2025-11-27 12:53:37.697594,8921282801_10202001781,7.49,37,77
2025-11-27 12:53:37.969790,9576908879_1314203096,7.35,24,49
2025-11-27 12:53:38.192199,9970440452_12484632695,27.11,17,128
2025-11-27 12:53:38.381784,9980229913_1497544764,23.58,98,642
2025-11-27 12:53:38.537206,9980229913_7301485388,25.2,44,308
2025-11-27 12:53:38.691518,10076263973_5710098650,26.3,131,957
2025-11-27 12:53:38.882579,10076263976_10076263977,10.37,50,144
2025-11-27 12:53:39.024434,10076263976_4540453394,13.12,118,430
2025-11-27 12:53:39.224656,10076263977_4540453396,30.6,2,17
2025-11-27 12:53:39.433984,10076263978_10076263979,2.81,32,25
2025-11-27 12:53:39.609182,10076263978_4542621501,7.2,10,20
2025-11-27 12:53:39.740040,10076263979_5093497426,27.0,2,15
2025-11-27 12:53:39.871835,10087376960_5641890823,20.8,9,52
2025-11-27 12:53:40.005857,10087376960_5641890821,34.2,16,152
2025-11-27 12:53:40.146332,10100966682_12513272960,17.16,154,734
2025-11-27 12:53:40.356775,10100966682_6685434573,16.12,67,300
2025-11-27 12:53:40.559898,10130533935_1495023340,18.02,332,1662
2025-11-27 12:53:40.775460,10130533953_4600895552,15.2,144,608
2025-11-27 12:53:40.965450,10130533953_7985603138,12.9,12,43
2025-11-27 12:53:41.124615,10130533953_98027697,3.5,36,35
2025-11-27 12:53:41.287902,10130533955_7985603147,34.86,19,184
2025-11-27 12:53:41.479656,10151536198_2570960524,27.67,35,269
2025-11-27 12:53:41.600099,10159724112_6666128977,54.0,1,15
2025-11-27 12:53:41.795589,10180671333_420522002,32.4,6,54
2025-11-27 12:53:41.933403,10180671333_98041254,6.51,21,38
2025-11-27 12:53:42.091305,10202001781_1881927757,20.93,81,471
2025-11-27 12:53:42.282959,10203920310_1881928279,25.2,2,14
2025-11-27 12:53:42.479796,10203920310_5718886024,24.87,11,76
2025-11-27 12:53:42.726388,10203920324_10203920325,14.4,3,12
2025-11-27 12:53:42.874881,10203920324_1881928007,0.0,12,0
2025-11-27 12:53:43.026402,10203920325_5718886024,10.8,1,3
2025-11-27 12:53:43.210405,10203920328_1881927759,0.0,0,0
2025-11-27 12:53:43.357450,10203920329_10203920328,18.79,59,308
2025-11-27 12:53:43.537267,10203920329_1219243636,5.83,29,47
2025-11-27 12:53:43.693641,10296445822_10997686363,24.14,183,1227
2025-11-27 12:53:43.834758,10296445822_10296445824,15.08,414,1734
2025-11-27 12:53:43.991243,10296445822_309816683,15.07,406,1699
2025-11-27 12:53:44.155413,10296445823_309816683,7.39,19,39
2025-11-27 12:53:44.289754,10296445823_10296445822,5.74,32,51
2025-11-27 12:53:44.454152,10296445824_5718916302,25.2,5,35
2025-11-27 12:53:44.602793,10542328776_6685605986,21.6,6,36
2025-11-27 12:53:44.738646,10542328776_1748294274,6.17,28,48
2025-11-27 12:53:44.958453,10542328776_13023100784,21.48,90,537
2025-11-27 12:53:45.090613,10682258584_6603014206,24.42,106,719
2025-11-27 12:53:45.252828,10682258584_6606566488,24.0,3,20
2025-11-27 12:53:45.386813,10743484787_8341509535,25.2,2,14
2025-11-27 12:53:45.525229,10743484787_6610228314,20.67,66,379
2025-11-27 12:53:45.662539,10743484787_8341509537,15.6,15,65
2025-11-27 12:53:45.800061,10965136434_420456595,8.4,6,14
2025-11-27 12:53:45.936344,10965136434_6621078250,31.66,34,299
2025-11-27 12:53:46.185427,10997686363_10296445822,15.64,340,1477
2025-11-27 12:53:46.384763,10997686363_11107112927,21.09,7,41
2025-11-27 12:53:46.522120,11014094287_11014094288,11.38,37,117
2025-11-27 12:53:46.678691,11014094287_1884765802,17.33,166,799
2025-11-27 12:53:46.861192,11014094288_11014094287,12.9,12,43
2025-11-27 12:53:47.026477,11014094288_1495023340,26.06,21,152
2025-11-27 12:53:47.197646,11107112919_438036727,21.6,10,60
2025-11-27 12:53:47.327775,11107112919_12559133535,30.6,2,17
2025-11-27 12:53:47.489890,11107112923_10997686363,29.52,5,41
2025-11-27 12:53:47.624753,11107112923_11107112927,27.26,7,53
2025-11-27 12:53:47.761251,11107112927_11107112935,27.0,4,30
2025-11-27 12:53:47.904226,11107112929_11107112919,0.0,0,0
2025-11-27 12:53:48.061732,11107112935_11107112929,22.95,8,51
2025-11-27 12:53:48.215294,11107112935_6644721587,20.25,370,2081
2025-11-27 12:53:48.380039,11107112958_8242664547,16.56,207,952
2025-11-27 12:53:48.559403,11111175323_11111175326,31.8,6,53
2025-11-27 12:53:48.718146,11111175326_6600206283,34.74,109,1052
2025-11-27 12:53:48.913465,11182265554_4540453378,21.42,40,238
2025-11-27 12:53:49.054223,11182265554_5716807749,30.6,14,119
2025-11-27 12:53:49.205050,11201648616_445970799,17.39,82,396
2025-11-27 12:53:49.387396,11209721500_11209721504,20.16,10,56
2025-11-27 12:53:49.569356,11209721504_13322115744,38.95,44,476
2025-11-27 12:53:49.718070,11700202516_11700202517,22.55,19,119
2025-11-27 12:53:49.864638,11700202516_10087376960,39.6,3,33
2025-11-27 12:53:50.000393,11700202517_11700202516,12.74,13,46
2025-11-27 12:53:50.127421,11700202517_4538405021,29.65,59,486
2025-11-27 12:53:50.255443,11768052436_4538405137,27.6,3,23
2025-11-27 12:53:50.396388,11768052436_11768052437,13.8,12,46
2025-11-27 12:53:50.603269,11768052437_1881949102,36.0,24,240
2025-11-27 12:53:50.733778,11950483412_1884765806,4.11,21,24
2025-11-27 12:53:50.870570,11950483412_11950483417,4.7,36,47
2025-11-27 12:53:51.002120,11950483417_1314209717,36.0,1,10
2025-11-27 12:53:51.148061,12024836052_2274969534,25.83,23,165
2025-11-27 12:53:51.335780,12174413404_8242664547,20.09,362,2020
2025-11-27 12:53:51.475041,12206582473_2570960524,24.64,134,917
2025-11-27 12:53:51.635465,12206582473_6661487944,29.24,57,463
2025-11-27 12:53:51.782369,12357580642_12357580645,9.94,21,58
2025-11-27 12:53:51.919984,12357580642_421080868,5.1,24,34
2025-11-27 12:53:52.079986,12357580645_1497544736,9.9,12,33
2025-11-27 12:53:52.285935,12375164794_12768097335,23.4,2,13
2025-11-27 12:53:52.539548,12375164795_12375164794,11.01,35,107
2025-11-27 12:53:52.670254,12375164795_2302166519,0.0,0,7
2025-11-27 12:53:52.878198,12375164797_1691398148,6.6,6,11
2025-11-27 12:53:53.024740,12375164797_12375164798,9.21,43,110
2025-11-27 12:53:53.171411,12375164798_2302164518,26.46,20,147
2025-11-27 12:53:53.370195,12484632695_12484632696,28.08,55,429
2025-11-27 12:53:53.572715,12484632695_12600043494,28.11,21,164
2025-11-27 12:53:53.724136,12484632696_5831399053,31.92,30,266
2025-11-27 12:53:53.860699,12513272960_10100966682,46.8,1,13
2025-11-27 12:53:54.082224,12513272960_5707407591,9.41,57,149
2025-11-27 12:53:54.280108,12559133535_11107112958,34.2,8,76
2025-11-27 12:53:54.425145,12559133535_8242664547,24.83,29,200
2025-11-27 12:53:54.576383,12600043488_12484632696,30.42,20,169
2025-11-27 12:53:54.789772,12600043494_6688570401,29.4,6,49
2025-11-27 12:53:54.955748,12600043494_12600043488,26.58,13,96
2025-11-27 12:53:55.097752,12606538099_4539684490,36.82,44,450
2025-11-27 12:53:55.240170,12606538104_5710222986,15.52,125,539
2025-11-27 12:53:55.427739,12725862784_4541105059,22.08,193,1184
2025-11-27 12:53:55.564799,12725862785_12725862784,18.9,4,21
2025-11-27 12:53:55.696049,12725862785_10151536198,25.71,7,50
2025-11-27 12:53:55.881535,12768097332_1881927756,6.0,12,20
2025-11-27 12:53:56.097138,12768097332_12768097335,9.0,18,45
2025-11-27 12:53:56.231832,12816414542_5718916293,21.2,9,53
2025-11-27 12:53:56.403356,12816414542_98035472,7.23,115,231
2025-11-27 12:53:56.627104,12816414547_5718916292,10.08,5,14
2025-11-27 12:53:56.784433,12872373345_12872373346,8.0,9,20
2025-11-27 12:53:56.914826,12872373345_10203920310,18.0,42,210
2025-11-27 12:53:57.041727,12872373346_12872373345,10.29,7,20
2025-11-27 12:53:57.175885,12872373346_1219243660,13.42,11,41
2025-11-27 12:53:57.305600,12908782868_10151536198,28.8,7,56
2025-11-27 12:53:57.455693,12908782868_12725862784,36.0,5,50
2025-11-27 12:53:57.591873,13023100784_10542328776,18.95,102,537
2025-11-27 12:53:57.748874,13023100784_13023100793,0.0,3,0
2025-11-27 12:53:57.901360,13023100793_13023100794,0.0,0,1
2025-11-27 12:53:58.052808,13023100793_420456583,16.23,161,726
2025-11-27 12:53:58.207877,13023100794_442993523,16.66,78,361
2025-11-27 12:53:58.343256,13023100794_13023100784,0.0,0,1
2025-11-27 12:53:58.504449,13206202825_4538405017,35.92,90,898
2025-11-27 12:53:58.640104,13206202825_4538405006,30.6,46,391
2025-11-27 12:53:58.817884,13282498392_8295729267,29.52,15,123
2025-11-27 12:53:59.029703,13282498392_13282498396,37.42,43,447
2025-11-27 12:53:59.185208,13282498396_6600206282,18.68,205,1064
2025-11-27 12:53:59.379544,13282498396_6600206283,10.58,16,47
2025-11-27 12:53:59.602538,13282498396_13282511305,30.15,16,134
2025-11-27 12:53:59.760313,13282511304_5710691045,36.51,7,71
2025-11-27 12:53:59.914804,13282511305_5598303159,0.0,0,5
2025-11-27 12:54:00.118170,13282511305_13282511304,38.42,73,779
2025-11-27 12:54:00.262904,13322115743_13322115744,27.8,137,1058
2025-11-27 12:54:00.398861,13322115743_5707262958,28.38,60,473
2025-11-27 12:54:00.578633,13322115744_13322115743,22.34,132,819
2025-11-27 12:54:00.735178,13322115744_1879088106,30.87,33,283
2025-11-27 12:54:00.916843,13327548965_13327548966,34.2,2,19
2025-11-27 12:54:01.066523,13327548966_10202001781,14.86,55,227
2025-11-27 12:54:01.217033,13327548966_13327548968,18.37,77,393
2025-11-27 12:54:01.426576,13327548967_2185731479,25.5,24,170
2025-11-27 12:54:01.582872,13327548967_13327548965,16.58,124,571
2025-11-27 12:54:01.724870,13327548968_13327548967,21.6,4,24
2025-11-27 12:56:01.266168,81805393_11950483412,4.15,13,15
2025-11-27 12:56:01.429384,81805393_1884765798,15.03,222,927
2025-11-27 12:56:01.564658,81806535_1497544749,13.68,10,38
2025-11-27 12:56:01.696810,81806535_5707161153,9.05,115,289
2025-11-27 12:56:01.845127,98026475_6677338241,19.56,113,614
2025-11-27 12:56:01.983707,98027697_4599745018,10.15,11,31
2025-11-27 12:56:02.124453,98027697_7985603138,21.6,6,36
2025-11-27 12:56:02.272494,98027697_10130533953,16.85,154,721
2025-11-27 12:56:02.408480,98031401_6661055810,0.0,13,0
2025-11-27 12:56:02.572103,98031401_8823455179,11.17,88,273
2025-11-27 12:56:02.702296,98035472_309816683,16.56,157,722
2025-11-27 12:56:02.841241,98035472_12816414547,15.25,212,898
2025-11-27 12:56:03.007312,98035472_5718916293,16.4,9,41
2025-11-27 12:56:03.163928,98041254_420456615,9.36,5,13
2025-11-27 12:56:03.311608,98041254_420522002,24.48,5,34
2025-11-27 12:56:03.459935,98041257_98041849,10.44,10,29
2025-11-27 12:56:03.642804,98041257_5710673974,19.8,4,22
2025-11-27 12:56:03.786787,98041257_5710673979,32.4,3,27
2025-11-27 12:56:03.949096,98041849_98041257,10.44,10,29
2025-11-27 12:56:04.113139,98041849_5718871870,18.9,4,21
2025-11-27 12:56:04.239437,98041849_733429120,11.14,21,65
2025-11-27 12:56:04.394244,98041851_98041254,23.41,161,1047
2025-11-27 12:56:04.549757,98041851_2084132002,34.2,4,38
2025-11-27 12:56:04.684710,98042270_309816682,19.52,114,618
2025-11-27 12:56:04.810519,98042270_6677300866,19.73,54,296
2025-11-27 12:56:04.962652,106078638_6587651051,36.0,5,50
2025-11-27 12:56:05.103250,106078638_442990465,25.71,7,50
2025-11-27 12:56:05.255037,106108917_2174649904,8.26,17,39
2025-11-27 12:56:05.392065,106108917_2176926218,23.09,92,590
2025-11-27 12:56:05.551430,106111364_6644672135,22.86,20,127
2025-11-27 12:56:05.698440,106111364_446030797,15.61,215,932
2025-11-27 12:56:05.848153,283139229_444875375,6.55,11,20
2025-11-27 12:56:05.987615,283139229_5718871870,17.64,159,779
2025-11-27 12:56:06.148123,283139229_6650982900,27.0,6,45
2025-11-27 12:56:06.310831,283139237_5206119178,21.56,88,527
2025-11-27 12:56:06.455445,283139237_2188036136,25.08,30,209
2025-11-27 12:56:06.603821,308728680_1314203102,10.2,6,17
2025-11-27 12:56:06.765131,308728680_310729950,16.36,191,868
2025-11-27 12:56:06.908635,308728680_2289997644,19.35,24,129
2025-11-27 12:56:07.056595,309595522_6666479030,11.6,9,29
2025-11-27 12:56:07.196326,309685730_6677300866,17.4,6,29
2025-11-27 12:56:07.421378,309685730_2195296719,18.57,132,681
2025-11-27 12:56:07.545370,309685730_309816682,21.89,50,304
2025-11-27 12:56:07.697451,309816682_98042270,9.36,10,26
2025-11-27 12:56:07.847677,309816682_5718916274,17.06,65,308
2025-11-27 12:56:07.989625,309816683_98035472,9.49,63,166
2025-11-27 12:56:08.133400,309816683_10296445822,13.69,237,901
2025-11-27 12:56:08.270959,309816683_10296445824,18.0,7,35
2025-11-27 12:56:08.423762,310729950_6677364041,11.14,21,65
2025-11-27 12:56:08.618903,310729950_6677300866,6.38,22,39
2025-11-27 12:56:08.772297,317366886_444501629,6.87,11,21
2025-11-27 12:56:08.913680,317366886_4540453399,19.65,142,775
2025-11-27 12:56:09.045673,317778303_427847910,10.29,7,20
2025-11-27 12:56:09.210626,317778303_5716477056,33.2,36,332
2025-11-27 12:56:09.359833,319490613_1104490487,24.69,135,926
2025-11-27 12:56:09.505537,420456583_6621078251,24.92,13,90
2025-11-27 12:56:09.642917,420456583_13023100793,15.48,20,86
2025-11-27 12:56:09.833660,420456595_10965136434,2.4,21,14
2025-11-27 12:56:09.995050,420456595_4541071715,14.75,73,299
2025-11-27 12:56:10.141691,420456615_733429120,18.0,6,30
2025-11-27 12:56:10.340655,420456615_98041257,8.32,29,67
2025-11-27 12:56:10.505698,420456683_5710231827,19.75,103,565
2025-11-27 12:56:10.675299,420456683_5206119178,13.45,19,71
2025-11-27 12:56:10.832104,420456683_1878932244,29.86,17,141
2025-11-27 12:56:10.993451,420457653_11107112923,28.42,38,300
2025-11-27 12:56:11.147787,420460217_1878921396,24.43,238,1615
2025-11-27 12:56:11.284443,420460217_4004297090,4.74,57,75
2025-11-27 12:56:11.425083,420522002_6587550954,26.64,10,74
2025-11-27 12:56:11.625916,421080868_4961341856,8.86,13,32
2025-11-27 12:56:11.775450,421080868_12357580645,13.92,106,410
2025-11-27 12:56:11.916251,427847910_2291072476,18.0,3,15
2025-11-27 12:56:12.070921,427847910_1495030951,21.6,6,36
2025-11-27 12:56:12.275012,428673752_421080868,12.99,87,314
2025-11-27 12:56:12.412227,428673752_2291064324,18.0,10,50
2025-11-27 12:56:12.548525,436383687_5710222987,30.13,19,159
2025-11-27 12:56:12.693324,436388447_2295384939,5.4,10,15
2025-11-27 12:56:12.836490,436388447_309685730,10.8,31,93
2025-11-27 12:56:12.990173,442990465_106078638,17.87,86,427
2025-11-27 12:56:13.125813,442990465_6687964478,14.53,170,686
2025-11-27 12:56:13.260242,442990465_6587651051,15.94,7,31
2025-11-27 12:56:13.412706,442993523_13023100794,19.11,68,361
2025-11-27 12:56:13.563590,444394912_2701184883,16.13,306,1371
2025-11-27 12:56:13.754017,444394912_4538405026,29.35,13,106
2025-11-27 12:56:13.916963,444394912_5716537702,5.84,37,60
2025-11-27 12:56:14.062898,444398125_444393381,18.38,19,97
2025-11-27 12:56:14.192482,444398125_2186671584,5.4,6,9
2025-11-27 12:56:14.356805,444501629_2291073251,10.8,6,18
2025-11-27 12:56:14.496586,444501629_2186671586,11.58,23,74
2025-11-27 12:56:14.631049,444501637_6648227221,46.8,2,26
2025-11-27 12:56:14.774277,444501637_6650982901,27.98,22,171
2025-11-27 12:56:14.967430,444874857_444875374,10.2,6,17
2025-11-27 12:56:15.111591,444874857_6651770210,28.17,46,360
2025-11-27 12:56:15.268060,444874859_6650810650,22.26,109,674
2025-11-27 12:56:15.400504,444874859_5710565212,26.6,18,133
2025-11-27 12:56:15.601677,444875109_448838032,12.96,5,18
2025-11-27 12:56:15.766076,444875109_5709996125,13.34,119,441
2025-11-27 12:56:15.957574,444875130_1613087628,18.0,4,20
2025-11-27 12:56:16.109167,444875130_1758170763,27.9,4,31
2025-11-27 12:56:16.258204,444875374_444875109,13.2,9,33
2025-11-27 12:56:16.410055,444875374_283139229,18.77,14,73
2025-11-27 12:56:16.573506,444875375_283139229,9.0,8,20
2025-11-27 12:56:16.706561,444875375_444875109,14.2,18,71
2025-11-27 12:56:16.857297,444875375_2188036136,22.58,107,671
2025-11-27 12:56:16.991833,445970096_2050902830,13.5,4,15
2025-11-27 12:56:17.145044,445970096_8823455180,9.05,35,88
2025-11-27 12:56:17.282251,445970127_2050902827,11.7,4,13
2025-11-27 12:56:17.426009,445970127_2050902832,26.78,16,119
2025-11-27 12:56:17.654903,445970799_1884776799,14.38,155,619
2025-11-27 12:56:17.799287,445970799_2291064328,15.15,24,101
2025-11-27 12:56:17.941894,446030797_2176926218,13.37,7,26
2025-11-27 12:56:18.093913,446030797_2174649904,21.05,99,579
2025-11-27 12:56:18.245079,446030797_106111364,17.85,48,238
2025-11-27 12:56:18.472690,448838032_444874857,13.68,5,19
2025-11-27 12:56:18.606693,448838032_2175126932,22.5,8,50
2025-11-27 12:56:18.767475,634709500_1613087622,17.93,299,1489
2025-11-27 12:56:18.903691,634709500_6650876740,23.4,16,104
2025-11-27 12:56:19.049028,733429120_98041851,10.2,6,17
2025-11-27 12:56:19.213308,733429120_6651770209,36.25,43,433
2025-11-27 12:56:19.343438,1104490487_319490613,9.26,7,18
2025-11-27 12:56:19.490742,1104490487_12357580642,23.36,166,1077
2025-11-27 12:56:19.655710,1219243636_1220930858,12.96,5,18
2025-11-27 12:56:19.786167,1219243636_1881928280,21.6,7,42
2025-11-27 12:56:19.941433,1219243660_12872373346,10.54,14,41
2025-11-27 12:56:20.074410,1220930858_1221053112,5.6,9,14
2025-11-27 12:56:20.230583,1220930858_10203920325,27.0,6,45
2025-11-27 12:56:20.467769,1220930867_12872373345,15.05,11,46
2025-11-27 12:56:20.667642,1221053112_1748294231,10.8,6,18
2025-11-27 12:56:20.792391,1221053112_1881928008,30.96,5,43
2025-11-27 12:56:21.000611,1221161727_1884747787,21.6,5,30
2025-11-27 12:56:21.141486,1221161727_3779255487,23.45,237,1544
2025-11-27 12:56:21.271000,1221161730_4106937190,19.8,12,66
2025-11-27 12:56:21.436241,1221161730_1221161727,6.24,30,52
2025-11-27 12:56:21.582786,1312645244_1691398148,15.6,3,13
2025-11-27 12:56:21.773744,1312645244_12375164798,19.8,2,11
2025-11-27 12:56:21.915372,1312650077_1838584736,17.1,4,19
2025-11-27 12:56:22.072380,1312650077_1879088108,19.96,167,926
2025-11-27 12:56:22.229408,1312650079_1887751321,18.0,4,20
2025-11-27 12:56:22.366113,1312650079_2185731477,23.6,9,59
2025-11-27 12:56:22.523515,1314185585_4539132165,45.36,100,1260
2025-11-27 12:56:22.665797,1314185648_4539132165,28.13,27,211
2025-11-27 12:56:22.796858,1314185653_2326674288,43.2,1,12
2025-11-27 12:56:22.952952,1314185677_1314191420,23.22,178,1148
2025-11-27 12:56:23.117937,1314185677_6621357112,27.73,151,1163
2025-11-27 12:56:23.261902,1314191398_106070559,34.04,427,4037
2025-11-27 12:56:23.415235,1314191405_5707122750,33.46,415,3857
2025-11-27 12:56:23.564030,1314191405_4538571818,40.2,6,67
2025-11-27 12:56:23.721388,1314191414_436383687,24.48,5,34
2025-11-27 12:56:23.861906,1314191415_1314191414,7.07,83,163
2025-11-27 12:56:24.002814,1314191415_4539674875,4.29,68,81
2025-11-27 12:56:24.160644,1314191417_4930438606,36.96,15,154
2025-11-27 12:56:24.295606,1314191420_4539674875,7.7,50,107
2025-11-27 12:56:24.440783,1314191420_5709923602,10.8,139,417
2025-11-27 12:56:24.579121,1314191436_6621426601,4.75,25,33
2025-11-27 12:56:24.722976,1314191436_5709923601,21.12,30,176
2025-11-27 12:56:24.880410,1314203096_2053894358,21.33,40,237
2025-11-27 12:56:25.055456,1314203102_308728680,17.03,130,615
2025-11-27 12:56:25.213817,1314203102_1314203096,17.02,11,52
2025-11-27 12:56:25.382635,1314209691_1495020912,14.94,139,577
2025-11-27 12:56:25.516542,1314209691_6405794494,9.22,32,82
2025-11-27 12:56:25.669507,1314209698_1884765802,12.96,5,18
2025-11-27 12:56:25.831241,1314209698_11014094288,24.0,6,40
2025-11-27 12:56:25.981493,1314209699_11950483417,22.32,5,31
2025-11-27 12:56:26.126223,1314209699_1884765806,15.32,207,881
2025-11-27 12:56:26.282608,1314209716_6677895172,27.81,29,224
2025-11-27 12:56:26.447837,1314209716_1887748894,20.99,166,968
2025-11-27 12:56:26.595765,1314209717_6659134174,25.2,15,105
2025-11-27 12:56:26.751300,1475295085_1475295086,24.69,7,48
2025-11-27 12:56:26.884909,1475295085_1312645244,19.39,75,404
2025-11-27 12:56:27.047223,1475295086_1475295085,26.33,316,2311
2025-11-27 12:56:27.193055,1475295086_1879091756,36.05,77,771
2025-11-27 12:56:27.347287,1494041345_6677895176,20.16,5,28
2025-11-27 12:56:27.476878,1494041345_4004297090,9.51,39,103
2025-11-27 12:56:27.639884,1494041351_1494041366,33.12,20,184
2025-11-27 12:56:27.780775,1494041352_1494041374,29.05,29,234
2025-11-27 12:56:27.929678,1494041366_1878932244,23.38,85,552
2025-11-27 12:56:28.086732,1494041366_6670444530,30.04,32,267
2025-11-27 12:56:28.251604,1494041374_1758633098,17.5,80,389
2025-11-27 12:56:28.379423,1495020912_1758631175,12.86,7,25
2025-11-27 12:56:28.516851,1495020912_6688503842,16.8,6,28
2025-11-27 12:56:28.666048,1495022225_634709500,20.7,4,23
2025-11-27 12:56:28.803236,1495023340_1314209691,20.18,96,538
2025-11-27 12:56:28.944374,1495025257_6648096525,37.2,3,31
2025-11-27 12:56:29.179976,1495025257_6650810650,21.93,22,134
2025-11-27 12:56:29.308573,1495030950_1495030951,17.67,11,54
2025-11-27 12:56:29.516491,1495030950_427847910,7.84,17,37
2025-11-27 12:56:29.646469,1495030951_317366886,14.04,188,733
2025-11-27 12:56:29.797969,1497544719_428673752,6.48,20,36
2025-11-27 12:56:29.934312,1497544719_1904353550,10.08,20,56
2025-11-27 12:56:30.095618,1497544736_5707161153,15.6,6,26
2025-11-27 12:56:30.230672,1497544736_5707161151,12.41,29,100
2025-11-27 12:56:30.376036,1497544738_5707161163,15.12,5,21
2025-11-27 12:56:30.521737,1497544749_5706891499,20.34,20,113
2025-11-27 12:56:30.673311,1497544764_9980229913,21.49,32,191
2025-11-27 12:56:30.812970,1497544764_5706896622,27.49,11,84
2025-11-27 12:56:30.961847,1497544796_7301485388,24.89,117,809
2025-11-27 12:56:31.139597,1497544796_5704011299,23.3,193,1249
2025-11-27 12:56:31.337343,1497544796_1497544764,26.96,41,307
2025-11-27 12:56:31.544129,1498038039_420457653,9.04,51,128
2025-11-27 12:56:31.740727,1498111685_10180671333,13.5,4,15
2025-11-27 12:56:31.954972,1498111685_5716649671,11.04,15,46
2025-11-27 12:56:32.111774,1613087620_444875130,9.36,5,13
2025-11-27 12:56:32.270767,1613087620_5716616005,15.69,14,61
2025-11-27 12:56:32.426331,1613087622_1613087620,20.04,129,718
2025-11-27 12:56:32.562495,1613087622_444874859,24.0,3,20
2025-11-27 12:56:32.705819,1613087628_1613087622,15.3,4,17
2025-11-27 12:56:32.849362,1613087628_1495022225,20.7,8,46
2025-11-27 12:56:33.012304,1691398148_1881927756,24.24,248,1670
2025-11-27 12:56:33.233292,1692627215_6631796343,24.39,40,271
2025-11-27 12:56:33.369290,1692627215_1919720738,29.7,4,33
2025-11-27 12:56:33.516253,1699561405_1849738362,7.84,17,37
2025-11-27 12:56:33.696103,1699561405_5716544649,34.01,703,6642
2025-11-27 12:56:33.825236,1748294231_1219243636,7.2,7,14
2025-11-27 12:56:33.995425,1748294231_10203920328,21.15,8,47
2025-11-27 12:56:34.155440,1748294250_1748294257,8.4,6,14
2025-11-27 12:56:34.325415,1748294250_10203920324,17.2,27,129
2025-11-27 12:56:34.457671,1748294257_1748294250,7.2,7,14
2025-11-27 12:56:34.627973,1748294257_1919751060,17.77,62,306
2025-11-27 12:56:34.769076,1748294274_5710673974,18.15,118,595
2025-11-27 12:56:34.927165,1748294274_10542328776,4.67,37,48
2025-11-27 12:56:35.060611,1758170763_12024836052,26.16,15,109
2025-11-27 12:56:35.209201,1758170772_6648096523,10.08,5,14
2025-11-27 12:56:35.363300,1758170772_1495022225,10.92,30,91
2025-11-27 12:56:35.504266,1758629824_5683792676,15.6,3,13
2025-11-27 12:56:35.639450,1758631175_1314209699,20.4,3,17
2025-11-27 12:56:35.775012,1758631175_1884769979,18.0,8,40
2025-11-27 12:56:35.935557,1758633098_1758633108,27.6,3,23
2025-11-27 12:56:36.104605,1758633098_81805393,20.79,261,1507
2025-11-27 12:56:36.266620,1758633108_6659134174,46.8,2,26
2025-11-27 12:56:36.406590,1758633108_1758633112,23.0,80,511
2025-11-27 12:56:36.541800,1758633112_6659134172,21.73,194,1171
2025-11-27 12:56:36.696902,1758633112_1758633108,30.48,30,254
2025-11-27 12:56:36.826575,1758651218_6610574244,22.73,16,101
2025-11-27 12:56:36.981049,1758651218_6606566485,23.62,82,538
2025-11-27 12:56:37.191494,1838584736_1312650079,16.04,11,49
2025-11-27 12:56:37.453423,1838584736_1879088105,26.18,11,80
2025-11-27 12:56:37.650283,1849738362_1699561405,3.92,34,37
2025-11-27 12:56:37.865858,1849738362_5898769297,40.25,55,615
2025-11-27 12:56:38.010805,1878921396_6659072489,18.0,1,5
2025-11-27 12:56:38.162448,1878921403_5686426699,33.81,51,479
2025-11-27 12:56:38.318479,1878921403_5686426699,33.81,51,479
2025-11-27 12:56:38.524193,1878921405_1878921403,19.08,20,106
2025-11-27 12:56:38.739134,1878932244_1494041366,12.86,7,25
2025-11-27 12:56:38.898254,1878932244_420460217,20.07,33,184
2025-11-27 12:56:39.058518,1879088105_1879091755,29.31,14,114
2025-11-27 12:56:39.202309,1879088106_1879088105,23.93,17,113
2025-11-27 12:56:39.337314,1879088106_1838584736,13.73,145,553
2025-11-27 12:56:39.493967,1879088107_1879088108,25.44,15,106
2025-11-27 12:56:39.642595,1879088107_1312650077,8.62,33,79
2025-11-27 12:56:39.883637,1879088108_13322115743,36.12,29,291
2025-11-27 12:56:40.040922,1879091753_1879091756,13.89,14,54
2025-11-27 12:56:40.205203,1879091753_1475295085,37.15,72,743
2025-11-27 12:56:40.437106,1879091755_5898769297,13.03,158,572
2025-11-27 12:56:40.599579,1879091755_1699561405,28.61,77,612
2025-11-27 12:56:40.804569,1879091756_1879091753,17.41,165,798
2025-11-27 12:56:40.965007,1879091756_1879088107,29.78,11,91
2025-11-27 12:56:41.116272,1881927756_2302166519,11.52,5,16
2025-11-27 12:56:41.247738,1881927756_12375164794,43.2,1,12
2025-11-27 12:56:41.389416,1881927757_1881928008,6.69,70,130
2025-11-27 12:56:41.575044,1881927757_1881927759,6.55,50,91
2025-11-27 12:56:41.709125,1881927757_1748294231,3.6,41,41
2025-11-27 12:56:41.846980,1881927759_6687964478,20.06,201,1120
2025-11-27 12:56:41.980551,1881928007_1881928008,22.32,10,62
2025-11-27 12:56:42.182488,1881928007_1221053112,4.5,32,40
2025-11-27 12:56:42.337278,1881928008_1881927757,7.53,11,23
2025-11-27 12:56:42.536257,1881928008_13327548968,19.53,129,700
2025-11-27 12:56:42.741718,1881928278_10203920329,0.0,0,6
2025-11-27 12:56:42.886723,1881928278_6672531385,30.6,10,85
2025-11-27 12:56:43.056959,1881928279_1881928280,5.87,81,132
2025-11-27 12:56:43.277239,1881928279_1220930858,3.1,50,43
2025-11-27 12:56:43.425973,1881928280_6672531385,43.2,1,12
2025-11-27 12:56:43.630201,1881949102_1881949103,38.4,6,64
2025-11-27 12:56:43.779448,1881949102_4539675829,35.41,43,423
2025-11-27 12:56:43.924543,1881949103_1881949102,29.36,64,522
2025-11-27 12:56:44.085871,1881949103_11768052436,30.34,28,236
2025-11-27 12:56:44.235586,1884747787_4538405005,18.9,4,21
2025-11-27 12:56:44.391532,1884747789_1884747787,15.6,15,65
2025-11-27 12:56:44.522678,1884747789_3779255487,4.46,25,31
2025-11-27 12:56:44.720561,1884765798_6658429241,22.69,86,542
2025-11-27 12:56:44.921518,1884765802_1758629824,12.0,6,20
2025-11-27 12:56:45.130027,1884765802_5674347102,12.96,5,18
2025-11-27 12:56:45.355149,1884765806_1495020912,5.26,13,19
2025-11-27 12:56:45.529912,1884765806_1884765798,17.52,197,959
2025-11-27 12:56:45.678582,1884768305_1314209717,22.68,10,63
2025-11-27 12:56:45.816429,1884768305_1314209699,3.6,37,37
2025-11-27 12:56:46.024126,1884769977_6688503847,7.71,7,15
2025-11-27 12:56:46.164607,1884769977_1884769979,22.68,10,63
2025-11-27 12:56:46.369177,1884769979_6644672133,20.1,12,67
2025-11-27 12:56:46.510090,1884776799_445970799,18.59,97,501
2025-11-27 12:56:46.728904,1884776799_5954441639,18.56,142,732
2025-11-27 12:56:46.921444,1887748894_5875603186,23.14,7,45
2025-11-27 12:56:47.094320,1887751321_1312650077,14.07,11,43
2025-11-27 12:56:47.237969,1887751321_2185731481,28.8,7,56
2025-11-27 12:56:47.374860,1897734810_1897734813,14.8,9,37
2025-11-27 12:56:47.522068,1897734810_5710222979,5.65,211,331
2025-11-27 12:56:47.679896,1897734813_1897734810,19.03,7,37
2025-11-27 12:56:47.806069,1897734813_5093497429,18.76,19,99
2025-11-27 12:56:47.936737,1901865134_1901865135,19.2,6,32
2025-11-27 12:56:48.126896,1901865134_5710136485,22.4,27,168
2025-11-27 12:56:48.263984,1901865135_1901865134,22.84,169,1072
2025-11-27 12:56:48.406503,1901865135_5710673956,30.51,40,339
2025-11-27 12:56:48.539030,1904353550_1884776799,18.36,20,102
2025-11-27 12:56:48.681452,1904360482_2174649908,9.9,8,22
2025-11-27 12:56:48.890869,1904360482_106108917,20.86,58,336
2025-11-27 12:56:49.046187,1919720738_6641911209,0.0,0,6
2025-11-27 12:56:49.277666,1919750981_6631796343,25.92,5,36
2025-11-27 12:56:49.423163,1919750981_1919720738,23.66,7,46
2025-11-27 12:56:49.551923,1919751043_1919751060,32.4,2,18
2025-11-27 12:56:49.707652,1919751043_1748294250,13.46,84,314
2025-11-27 12:56:49.866441,1919751060_1954877845,32.4,2,18
2025-11-27 12:56:50.022815,1919751060_1919751043,10.8,6,18
2025-11-27 12:56:50.228126,1954877845_1919750981,24.12,10,67
2025-11-27 12:56:50.367837,2050902820_98031401,9.45,8,21
2025-11-27 12:56:50.521473,2050902820_6662639319,16.2,6,27
2025-11-27 12:56:50.660311,2050902827_445970127,5.2,9,13
2025-11-27 12:56:50.797715,2050902827_2050902836,29.76,15,124
2025-11-27 12:56:51.012308,2050902830_445970096,9.0,6,15
2025-11-27 12:56:51.220536,2050902830_2050902833,26.68,17,126
2025-11-27 12:56:51.369554,2050902832_2050902833,3.34,14,13
2025-11-27 12:56:51.518776,2050902832_445970096,24.2,18,121
2025-11-27 12:56:51.659741,2050902833_2050902827,25.84,17,122
2025-11-27 12:56:51.832329,2050902833_2050902832,5.85,8,13
2025-11-27 12:56:51.962572,2050902835_2050902836,8.23,7,16
2025-11-27 12:56:52.095500,2050902835_445970127,28.8,15,120
2025-11-27 12:56:52.298090,2050902836_2050902835,4.8,12,16
2025-11-27 12:56:52.451570,2050902836_5489009621,29.01,17,137
2025-11-27 12:56:52.580229,2053894358_8237661942,10.29,7,20
2025-11-27 12:56:52.728063,2053894358_2290010720,21.91,93,566
2025-11-27 12:56:52.876691,2084132002_5716649671,27.0,2,15
2025-11-27 12:56:53.032990,2084132003_5718871870,4.25,33,39
2025-11-27 12:56:53.260232,2084132003_5710673979,6.53,48,87
2025-11-27 12:56:53.424468,2084132003_98041849,3.49,32,31
2025-11-27 12:56:53.579782,2174649904_106108917,19.22,77,411
2025-11-27 12:56:53.730127,2174649904_2174649908,25.64,49,349
2025-11-27 12:56:53.887416,2174649908_1904360482,15.31,103,438
2025-11-27 12:56:54.038030,2174649908_4961341864,15.77,42,184
2025-11-27 12:56:54.187706,2175126932_6648227223,28.11,21,164
2025-11-27 12:56:54.344000,2175126939_2175126932,8.54,70,166
2025-11-27 12:56:54.544055,2175126939_444874857,4.77,37,49
2025-11-27 12:56:54.711206,2176926218_446030797,15.06,60,251
2025-11-27 12:56:54.857948,2176926218_6662241095,24.98,16,111
2025-11-27 12:56:55.029078,2176926218_5716616005,19.38,78,420
2025-11-27 12:56:55.247414,2185731222_1314191415,3.53,52,51
2025-11-27 12:56:55.420032,2185731222_436383687,7.09,126,248
2025-11-27 12:56:55.553675,2185731475_2185731477,30.24,10,84
2025-11-27 12:56:55.754313,2185731475_1312650079,6.53,32,58
2025-11-27 12:56:55.963363,2185731477_13327548965,28.8,21,168
2025-11-27 12:56:56.178518,2185731479_2185731481,32.4,9,81
2025-11-27 12:56:56.322354,2185731479_1887751321,9.33,22,57
2025-11-27 12:56:56.467047,2185731481_1879091753,32.12,13,116
2025-11-27 12:56:56.627888,2186671583_2186671586,2.7,12,9
2025-11-27 12:56:56.761227,2186671583_2291073251,5.23,42,61
2025-11-27 12:56:56.961693,2186671584_444398125,6.48,5,9
2025-11-27 12:56:57.109531,2186671584_2186671583,22.14,20,123
2025-11-27 12:56:57.248862,2186671585_2186671584,18.72,15,78
2025-11-27 12:56:57.450771,2186671586_2186671583,2.95,11,9
2025-11-27 12:56:57.600303,2186671586_444398125,17.13,29,138
2025-11-27 12:56:57.764469,2188036136_283139237,13.29,162,598
2025-11-27 12:56:57.895371,2188036136_444875375,5.82,78,126
2025-11-27 12:56:58.039087,2195296719_6644721587,0.0,0,4
2025-11-27 12:56:58.173688,2195296719_438036727,22.0,18,110
2025-11-27 12:56:58.383443,2195296719_309685730,16.34,150,681
2025-11-27 12:56:58.587162,2212544448_1314191436,6.17,7,12
2025-11-27 12:56:58.748679,2212544448_1314185648,18.3,48,244
2025-11-27 12:56:58.909238,2274969534_5828495464,4.15,13,15
2025-11-27 12:56:59.124090,2274969534_5718868836,25.66,47,335
2025-11-27 12:56:59.289521,2289976216_5718868836,23.87,103,683
2025-11-27 12:56:59.417663,2289976216_5828495464,25.51,47,333
2025-11-27 12:56:59.632806,2289997642_2289997644,4.4,9,11
2025-11-27 12:56:59.796326,2289997642_1314203102,12.37,39,134
2025-11-27 12:56:59.934752,2289997644_2289997642,13.2,3,11
2025-11-27 12:57:00.148556,2289997644_2289976216,23.83,21,139
2025-11-27 12:57:00.278007,2290010720_2290010722,6.3,8,14
2025-11-27 12:57:00.417038,2290010720_309595522,9.96,56,155
2025-11-27 12:57:00.578054,2290010722_2290010720,6.3,8,14
2025-11-27 12:57:00.773958,2290010722_8237661942,18.97,108,569
2025-11-27 12:57:00.914265,2291064324_319490613,21.98,19,116
2025-11-27 12:57:01.049336,2291064328_2291064324,19.64,11,60
2025-11-27 12:57:01.224684,2291064328_428673752,3.96,30,33
2025-11-27 12:57:01.383912,2291072469_317366886,10.8,4,12
2025-11-27 12:57:01.540461,2291072469_5710136488,15.82,167,734
2025-11-27 12:57:01.677216,2291072476_5710136485,12.96,5,18
2025-11-27 12:57:01.815778,2291072476_5710136487,28.8,4,32
2025-11-27 12:57:01.978317,2291073251_2291072469,9.9,8,22
2025-11-27 12:57:02.146744,2291073251_2291254030,26.1,36,261
2025-11-27 12:57:02.279951,2291254028_2291254030,13.6,9,34
2025-11-27 12:57:02.416140,2291254028_2291072469,13.15,72,263
2025-11-27 12:57:02.645266,2291254030_2291254028,22.86,180,1143
2025-11-27 12:57:02.799119,2291254030_444501637,29.05,43,347
2025-11-27 12:57:02.929135,2295384939_436388447,6.75,8,15
2025-11-27 12:57:03.063564,2295384939_5721511585,26.43,38,279
2025-11-27 12:57:03.196597,2302164518_2302164519,23.54,104,680
2025-11-27 12:57:03.406787,2302164518_5719031414,21.87,79,480
2025-11-27 12:57:03.548140,2302164519_2302164518,6.8,9,17
2025-11-27 12:57:03.682119,2302164519_12375164797,8.1,68,153
2025-11-27 12:57:03.833446,2302166519_1312645244,8.05,17,38
2025-11-27 12:57:03.994346,2302166519_1475295086,29.3,50,407
2025-11-27 12:57:04.124074,2303337176_1498038039,31.47,31,271
2025-11-27 12:57:04.269058,2326674277_5709923606,43.2,2,24
2025-11-27 12:57:04.440713,2326674277_2326674288,34.65,24,231
2025-11-27 12:57:04.572597,2326674281_5709923603,54.0,1,15
2025-11-27 12:57:04.704607,2326674281_1314191417,34.43,23,220
2025-11-27 12:57:04.912953,2326674288_4539674888,35.79,17,169
2025-11-27 12:57:05.087279,2570960524_12206582473,29.47,70,573
2025-11-27 12:57:05.245248,2570960524_5707647500,33.94,28,264
2025-11-27 12:57:05.435928,2584589542_5721511586,30.45,151,1277
2025-11-27 12:57:05.588176,2701058419_5716537675,10.19,65,184
2025-11-27 12:57:05.735026,2701184883_4539682086,21.47,27,161
2025-11-27 12:57:05.900800,3075526390_1919751043,28.8,3,24
2025-11-27 12:57:06.109069,3075526390_1954877845,23.6,9,59
2025-11-27 12:57:06.251091,3075526396_3075526390,27.45,8,61
2025-11-27 12:57:06.405985,3779255487_2701184883,16.01,306,1361
2025-11-27 12:57:06.534252,3779255487_5716537702,6.22,33,57
2025-11-27 12:57:06.735606,3779255494_4538405026,26.1,4,29
2025-11-27 12:57:06.937188,4004297090_1878921396,10.12,16,45
2025-11-27 12:57:07.086495,4004297090_1878921405,15.38,22,94
2025-11-27 12:57:07.225844,4025084971_6666128977,37.44,10,104
2025-11-27 12:57:07.379761,4025084971_4538571805,23.14,7,45
2025-11-27 12:57:07.509874,4025115175_5707407583,7.8,12,26
2025-11-27 12:57:07.641446,4025115175_5709996124,19.67,28,153
2025-11-27 12:57:07.841738,4027449781_6621078261,22.04,41,251
2025-11-27 12:57:07.983016,4106937190_4538404990,0.0,0,5
2025-11-27 12:57:08.146085,4538404990_13282498392,22.2,6,37
2025-11-27 12:57:08.352375,4538404991_4538405005,24.62,237,1621
2025-11-27 12:57:08.520208,4538404991_1221161727,23.46,456,2972
2025-11-27 12:57:08.695072,4538404998_3779255494,13.4,18,67
2025-11-27 12:57:08.828505,4538404998_1221161730,3.69,42,43
2025-11-27 12:57:08.958429,4538405005_4538405024,25.27,52,365
2025-11-27 12:57:09.160491,4538405006_1884747789,4.25,22,26
2025-11-27 12:57:09.369721,4538405006_2701184883,14.53,351,1417
2025-11-27 12:57:09.534358,4538405017_11700202516,32.74,53,482
2025-11-27 12:57:09.728251,4538405021_4538405024,38.79,80,862
2025-11-27 12:57:09.871506,4538405021_4538405061,31.9,421,3730
2025-11-27 12:57:10.010711,4538405024_6689058288,34.62,34,327
2025-11-27 12:57:10.152254,4538405026_4538405017,32.42,414,3728
2025-11-27 12:57:10.300970,4538405061_4538404998,21.6,4,24
2025-11-27 12:57:10.445047,4538405061_4106937190,7.25,153,308
2025-11-27 12:57:10.584428,4538405136_11768052437,30.88,71,609
2025-11-27 12:57:10.725455,4538405136_4538405137,34.14,62,588
2025-11-27 12:57:10.880227,4538405137_4540453395,13.82,25,96
2025-11-27 12:57:11.085801,4538571805_5707122780,37.16,190,1961
2025-11-27 12:57:11.236547,4538571805_4539675798,33.07,97,891
2025-11-27 12:57:11.399873,4538571806_4539675798,29.83,7,58
2025-11-27 12:57:11.552261,4538571806_5707122775,21.6,5,30
2025-11-27 12:57:11.704966,4538571818_1314191398,50.4,3,42
2025-11-27 12:57:11.837165,4539132150_4830545884,48.23,93,1246
2025-11-27 12:57:11.990462,4539132150_2326674277,29.77,26,215
2025-11-27 12:57:12.115996,4539132165_5716477055,19.1,36,191
2025-11-27 12:57:12.278171,4539674875_6621426593,25.2,9,63
2025-11-27 12:57:12.493652,4539674875_4539674879,8.64,30,72
2025-11-27 12:57:12.652475,4539674879_1314185677,20.54,17,97
2025-11-27 12:57:12.889057,4539674879_6628818468,26.74,7,52
2025-11-27 12:57:13.043072,4539674883_5716544649,43.66,31,376
2025-11-27 12:57:13.186091,4539674883_12606538099,56.08,95,1480
2025-11-27 12:57:13.349849,4539674888_1849738362,24.95,87,603
2025-11-27 12:57:13.494853,4539674888_3779255475,31.71,172,1515
2025-11-27 12:57:13.707835,4539675798_4538571805,33.29,412,3810
2025-11-27 12:57:13.839546,4539675798_5707122775,19.44,10,54
2025-11-27 12:57:13.984075,4539675798_10159724112,19.54,7,38
2025-11-27 12:57:14.119220,4539675829_444394912,23.73,27,178
2025-11-27 12:57:14.275496,4539682086_1881949103,29.33,54,440
2025-11-27 12:57:14.441917,4539682086_12606538104,26.97,59,442
2025-11-27 12:57:14.574846,4539684490_4539675829,33.92,45,424
2025-11-27 12:57:14.772061,4539684490_3779242655,50.58,98,1377
2025-11-27 12:57:14.925285,4540453369_4540453370,7.2,9,18
2025-11-27 12:57:15.060975,4540453370_4540453369,8.1,8,18
2025-11-27 12:57:15.263362,4540453370_5707271704,30.2,36,302
2025-11-27 12:57:15.469690,4540453378_5707271696,31.3,23,200
2025-11-27 12:57:15.671155,4540453393_4540453394,18.0,6,30
2025-11-27 12:57:15.809851,4540453393_10076263977,25.2,3,21
2025-11-27 12:57:15.982583,4540453394_5093497431,19.2,9,48
2025-11-27 12:57:16.125204,4540453394_4540453405,14.91,78,323
2025-11-27 12:57:16.253169,4540453395_4540453396,29.25,8,65
2025-11-27 12:57:16.385723,4540453395_4540453393,6.04,28,47
2025-11-27 12:57:16.544945,4540453396_4540453400,40.2,18,201
2025-11-27 12:57:16.685323,4540453399_10076263973,16.05,111,495
2025-11-27 12:57:16.909346,4540453399_5093497430,26.17,26,189
2025-11-27 12:57:17.082741,4540453400_444501629,14.75,331,1356
2025-11-27 12:57:17.220212,4540453404_10076263978,7.71,7,15
2025-11-27 12:57:17.397624,4540453404_4540453406,13.69,131,498
2025-11-27 12:57:17.541569,4540453405_4542621501,12.8,9,32
2025-11-27 12:57:17.792694,4540453405_10076263979,13.72,112,427
2025-11-27 12:57:17.930952,4540453406_4538405136,29.4,12,98
2025-11-27 12:57:18.074199,4541071715_4541071716,6.75,8,15
2025-11-27 12:57:18.231291,4541071715_6587550955,31.25,44,382
2025-11-27 12:57:18.367427,4541071716_4541071715,3.18,17,15
2025-11-27 12:57:18.577459,4541071716_10965136434,15.88,68,300
2025-11-27 12:57:18.721653,4541105058_5707271706,36.0,2,20
2025-11-27 12:57:18.876697,4541105059_4541105058,14.4,3,12
2025-11-27 12:57:19.088827,4541105059_11182265554,28.3,210,1651
2025-11-27 12:57:19.226858,4542621501_4540453393,11.4,12,38
2025-11-27 12:57:19.362570,4542621501_4540453406,28.8,5,40
2025-11-27 12:57:19.502389,4599745018_98027697,12.53,104,362
2025-11-27 12:57:19.637440,4599745018_10130533955,27.0,4,30
2025-11-27 12:57:19.800647,4599745018_7920618648,14.31,197,783
2025-11-27 12:57:19.985488,4600895552_10130533953,15.54,41,177
2025-11-27 12:57:20.193822,4600895552_6617292919,13.9,137,529
2025-11-27 12:57:20.420444,4830545876_6325815718,19.41,23,124
2025-11-27 12:57:20.564873,4830545876_5707122751,44.49,56,692
2025-11-27 12:57:20.701462,4830545884_106070559,57.7,37,593
2025-11-27 12:57:20.837151,4830545884_5707122751,39.76,22,243
2025-11-27 12:57:21.038581,4930425700_4930425704,39.6,21,231
2025-11-27 12:57:21.199132,4930425700_1314185585,51.05,44,624
2025-11-27 12:57:21.416739,4930425704_4025084971,57.6,2,32
2025-11-27 12:57:21.575518,4930438606_4830545876,52.2,2,29
2025-11-27 12:57:21.774317,4961341856_1497544719,11.06,97,298
2025-11-27 12:57:21.971493,4961341856_5707161154,20.62,11,63
2025-11-27 12:57:22.130624,4961341859_4961341860,9.26,126,324
2025-11-27 12:57:22.334823,4961341859_6661055809,5.31,21,31
2025-11-27 12:57:22.496735,4961341860_4961341865,7.46,14,29
2025-11-27 12:57:22.645489,4961341864_4961341859,8.64,10,24
2025-11-27 12:57:22.780411,4961341864_6685236291,26.35,22,161
2025-11-27 12:57:22.923252,4961341865_4961341864,17.08,82,389
2025-11-27 12:57:23.057258,4961341865_1904360482,21.25,31,183
2025-11-27 12:57:23.207567,5093497426_10076263973,27.45,24,183
2025-11-27 12:57:23.348319,5093497429_5093497426,20.88,10,58
2025-11-27 12:57:23.491078,5093497429_4540453405,8.55,16,38
2025-11-27 12:57:23.650247,5093497430_10076263976,3.09,28,24
2025-11-27 12:57:23.860785,5093497430_5093497431,27.6,9,69
2025-11-27 12:57:23.986340,5093497431_1897734810,14.1,24,94
2025-11-27 12:57:24.146463,5206119178_283139237,22.86,83,527
2025-11-27 12:57:24.314596,5206119178_420456683,22.93,176,1121
2025-11-27 12:57:24.449002,5485653490_5875623873,24.0,3,20
2025-11-27 12:57:24.592431,5485653490_6688490814,16.79,80,373
2025-11-27 12:57:24.732193,5485722628_6606566488,17.57,220,1074
2025-11-27 12:57:24.885561,5485722628_8341509537,22.97,63,402
2025-11-27 12:57:25.042842,5485722628_6610228314,9.82,22,60
2025-11-27 12:57:25.181291,5489009621_6677147310,23.4,4,26
2025-11-27 12:57:25.382161,5489009621_6677147301,21.6,24,144
2025-11-27 12:57:25.515506,5598303159_13282511305,0.0,0,5
2025-11-27 12:57:25.671777,5598303159_13282511304,38.7,72,774
2025-11-27 12:57:25.838121,5641890821_5641890822,24.67,196,1343
2025-11-27 12:57:26.023952,5641890821_6661487945,22.27,161,996
2025-11-27 12:57:26.179076,5641890822_5641890821,24.75,8,55
2025-11-27 12:57:26.309547,5641890822_5641890823,28.99,19,153
2025-11-27 12:57:26.445582,5641890823_10087376960,18.49,22,113
2025-11-27 12:57:26.585543,5641890823_11700202517,16.97,7,33
2025-11-27 12:57:26.746600,5645750065_9970440452,17.82,20,99
2025-11-27 12:57:26.967259,5645750065_9970440452,17.82,20,99
2025-11-27 12:57:27.102397,5674347102_1758629824,9.77,7,19
2025-11-27 12:57:27.268180,5674347102_7920618648,13.29,159,587
2025-11-27 12:57:27.423592,5683715143_1494041345,20.27,19,107
2025-11-27 12:57:27.564902,5683792676_1314209698,19.16,134,713
2025-11-27 12:57:27.722817,5683792676_98026475,19.2,9,48
2025-11-27 12:57:27.884911,5686426699_7985603148,35.2,9,88
2025-11-27 12:57:28.036171,5686449780_6688471376,31.05,8,69
2025-11-27 12:57:28.175279,5706891499_5706896622,24.33,120,811
2025-11-27 12:57:28.321000,5706891499_9980229913,24.6,12,82
2025-11-27 12:57:28.515925,5706896622_5706891499,12.86,7,25
2025-11-27 12:57:28.659730,5706896622_1497544738,10.95,49,149
2025-11-27 12:57:28.801469,5707122750_6677687648,31.54,362,3172
2025-11-27 12:57:28.922917,5707122750_1699561412,31.46,23,201
2025-11-27 12:57:29.123251,5707122751_6677687648,64.8,1,18
2025-11-27 12:57:29.279887,5707122775_10159724112,29.82,170,1408
2025-11-27 12:57:29.463862,5707122779_4538571806,35.82,20,199
2025-11-27 12:57:29.596859,5707122782_6677687639,29.1,24,194
2025-11-27 12:57:29.751919,5707161151_81806535,5.33,27,40
2025-11-27 12:57:29.907243,5707161153_1497544738,12.06,86,288
2025-11-27 12:57:30.102854,5707161153_5707161163,12.09,92,309
2025-11-27 12:57:30.264662,5707161153_1497544749,18.0,7,35
2025-11-27 12:57:30.429430,5707161154_8231491411,19.03,14,74
2025-11-27 12:57:30.569856,5707161162_1904353550,7.12,48,95
2025-11-27 12:57:30.702740,5707161162_1497544719,5.01,28,39
2025-11-27 12:57:30.846145,5707161163_5707161154,25.56,10,71
2025-11-27 12:57:31.008721,5707161163_4961341856,11.19,146,454
2025-11-27 12:57:31.277328,5707262958_6685466405,14.4,14,56
2025-11-27 12:57:31.427365,5707271696_4541105058,33.3,56,518
2025-11-27 12:57:31.556985,5707271700_5707271696,24.0,6,40
2025-11-27 12:57:31.704240,5707271703_5707271704,28.29,78,613
2025-11-27 12:57:31.850772,5707271703_4540453369,31.17,35,303
2025-11-27 12:57:31.989815,5707271704_5707271705,21.6,22,132
2025-11-27 12:57:32.152420,5707271705_4541105059,27.6,3,23
2025-11-27 12:57:32.319882,5707271705_12725862785,27.59,155,1188
2025-11-27 12:57:32.452353,5707271706_5707271705,27.34,116,881
2025-11-27 12:57:32.590488,5707271706_5707271703,29.7,16,132
2025-11-27 12:57:32.730143,5707407583_5707407590,22.8,3,19
2025-11-27 12:57:32.867255,5707407590_5707407591,7.2,7,14
2025-11-27 12:57:33.100964,5707407590_6670444529,28.05,43,335
2025-11-27 12:57:33.318112,5707407591_4025115175,18.9,4,21
2025-11-27 12:57:33.468715,5707407591_6685434573,25.2,25,175
2025-11-27 12:57:33.628124,5707647467_5707647500,26.14,199,1445
2025-11-27 12:57:33.752459,5707647467_12206582473,28.8,33,264
2025-11-27 12:57:33.910896,5707647500_5707647467,16.4,9,41
2025-11-27 12:57:34.069766,5707647500_6658364083,34.8,3,29
2025-11-27 12:57:34.263749,5707679597_11201648616,13.44,15,56
2025-11-27 12:57:34.426661,5709923601_1314185648,31.2,6,52
2025-11-27 12:57:34.586572,5709923602_1314191417,32.4,8,72
2025-11-27 12:57:34.791439,5709923603_5709923602,10.47,177,515
2025-11-27 12:57:34.946013,5709923603_6621357115,13.68,10,38
2025-11-27 12:57:35.164779,5709923606_1314185653,35.1,20,195
2025-11-27 12:57:35.320570,5709923606_6628818478,17.82,20,99
2025-11-27 12:57:35.452501,5709996124_5709996125,2.7,16,12
2025-11-27 12:57:35.651833,5709996124_448838032,5.71,157,249
2025-11-27 12:57:35.795331,5709996125_5709996124,5.4,8,12
2025-11-27 12:57:35.933878,5709996125_5707407583,15.99,34,151
2025-11-27 12:57:36.080914,5710098650_5716807750,18.0,5,25
2025-11-27 12:57:36.217333,5710098650_5717115613,33.0,30,275
2025-11-27 12:57:36.354161,5710136485_317778303,46.8,1,13
2025-11-27 12:57:36.545401,5710136487_1901865135,22.63,21,132
2025-11-27 12:57:36.703409,5710136488_5710136487,29.4,6,49
2025-11-27 12:57:36.843926,5710136488_2291072476,4.32,30,36
2025-11-27 12:57:36.997287,5710222979_2212544448,5.55,107,165
2025-11-27 12:57:37.178294,5710222986_5710222979,18.45,72,369
2025-11-27 12:57:37.303807,5710222986_3779255475,52.55,97,1416
2025-11-27 12:57:37.437162,5710222987_12606538099,23.88,68,451
2025-11-27 12:57:37.586864,5710222987_1897734813,23.79,410,2709
2025-11-27 12:57:37.736834,5710231827_1887748894,23.4,2,13
2025-11-27 12:57:37.889955,5710538391_5710538395,19.44,10,54
2025-11-27 12:57:38.079353,5710538391_11111175326,19.35,8,43
2025-11-27 12:57:38.244953,5710538395_5710691038,15.6,6,26
2025-11-27 12:57:38.388874,5710538395_5710691056,25.2,17,119
2025-11-27 12:57:38.533921,5710565212_5828999543,22.18,31,191
2025-11-27 12:57:38.668138,5710673956_5716670119,32.4,5,45
2025-11-27 12:57:38.799753,5710673956_2084132003,11.62,57,184
2025-11-27 12:57:38.927672,5710673974_5710673979,19.54,7,38
2025-11-27 12:57:39.079457,5710673974_98041257,9.9,8,22
2025-11-27 12:57:39.209527,5710673974_1748294274,17.56,122,595
2025-11-27 12:57:39.361073,5710673979_5710673992,30.6,22,187
2025-11-27 12:57:39.494541,5710673992_106078638,34.2,4,38
2025-11-27 12:57:39.636921,5710691038_5710538391,7.87,27,59
2025-11-27 12:57:39.829690,5710691038_5710691043,28.59,17,135
2025-11-27 12:57:39.966636,5710691044_5710691043,32.85,16,146
2025-11-27 12:57:40.111570,5710691044_5710691038,25.98,199,1436
2025-11-27 12:57:40.256881,5710691045_5710538395,9.55,46,122
2025-11-27 12:57:40.396411,5710691045_5710691056,36.36,20,202
2025-11-27 12:57:40.627841,5710691056_8462966000,29.52,5,41
2025-11-27 12:57:40.773564,5716241016_5716241017,26.23,7,51
2025-11-27 12:57:40.937044,5716241017_1881928278,24.28,157,1059
2025-11-27 12:57:41.081472,5716408768_1494035973,5.5,36,55
2025-11-27 12:57:41.235412,5716408768_6659134177,20.2,469,2632
2025-11-27 12:57:41.394045,5716408772_6659134177,22.11,7,43
2025-11-27 12:57:41.551129,5716477055_5716477056,23.05,112,717
2025-11-27 12:57:41.760177,5716477055_1495030950,23.92,45,299
2025-11-27 12:57:41.901578,5716477056_5716477055,6.8,18,34
2025-11-27 12:57:42.038060,5716477056_4539132150,17.46,40,194
2025-11-27 12:57:42.167658,5716537675_4538404990,9.09,19,48
2025-11-27 12:57:42.310463,5716537675_4538404991,13.05,8,29
2025-11-27 12:57:42.444494,5716537702_3779255494,19.8,8,44
2025-11-27 12:57:42.593050,5716537702_1221161730,11.63,13,42
2025-11-27 12:57:42.755674,5716544649_2326674281,34.94,17,165
2025-11-27 12:57:42.945911,5716616005_444875130,5.91,39,64
2025-11-27 12:57:43.150088,5716616005_2176926218,14.93,101,419
2025-11-27 12:57:43.356483,5716649671_5716670117,29.82,311,2576
2025-11-27 12:57:43.642745,5716670117_5718916301,31.56,30,263
2025-11-27 12:57:43.797534,5716670118_5716670117,32.65,198,1796
2025-11-27 12:57:43.940676,5716670118_5716670119,35.62,48,475
2025-11-27 12:57:44.111521,5716670119_5710673992,18.61,218,1127
2025-11-27 12:57:44.311133,5716670119_5716670118,27.39,143,1088
2025-11-27 12:57:44.549619,5716670621_5716670118,24.86,148,1022
2025-11-27 12:57:44.679687,5716670621_1498111685,30.83,23,197
2025-11-27 12:57:44.810547,5716670628_2084132002,9.9,20,55
2025-11-27 12:57:44.952816,5716670628_98041851,20.82,195,1128
2025-11-27 12:57:45.095159,5716807749_5717115613,28.29,71,558
2025-11-27 12:57:45.286831,5716807749_5716807750,35.49,28,276
2025-11-27 12:57:45.453588,5716807750_5710098650,25.03,188,1307
2025-11-27 12:57:45.624921,5716807750_6684737819,26.89,128,956
2025-11-27 12:57:45.758432,5717115613_5716807749,16.8,6,28
2025-11-27 12:57:45.878222,5717115613_4540453378,30.6,14,119
2025-11-27 12:57:46.037902,5718868836_2289976216,7.2,8,16
2025-11-27 12:57:46.174546,5718868836_2289997642,22.38,23,143
2025-11-27 12:57:46.324689,5718871870_283139229,14.53,193,779
2025-11-27 12:57:46.513111,5718871870_98041849,3.02,25,21
2025-11-27 12:57:46.650475,5718886024_1748294257,12.75,35,124
2025-11-27 12:57:46.846088,5718916274_5718916294,9.68,96,258
2025-11-27 12:57:46.972463,5718916274_10296445823,6.3,4,7
2025-11-27 12:57:47.164879,5718916291_12816414547,14.1,12,47
2025-11-27 12:57:47.349057,5718916291_98035472,6.66,20,37
2025-11-27 12:57:47.490664,5718916292_6650876736,13.93,296,1145
2025-11-27 12:57:47.619565,5718916292_12816414542,3.6,10,10
2025-11-27 12:57:47.821519,5718916293_5718916294,18.0,1,5
2025-11-27 12:57:47.976080,5718916294_98042270,23.95,46,306
2025-11-27 12:57:48.111841,5718916301_5718916302,15.06,206,862
2025-11-27 12:57:48.247393,5718916301_5718916291,7.42,16,33
2025-11-27 12:57:48.389144,5718916302_5718916301,8.1,12,27
2025-11-27 12:57:48.538967,5718916302_5716670621,29.81,32,265
2025-11-27 12:57:48.751851,5718946093_1748294274,7.71,14,30
2025-11-27 12:57:48.882940,5719031413_5719031414,11.88,10,33
2025-11-27 12:57:49.056351,5719031413_2302164519,23.67,73,480
2025-11-27 12:57:49.286272,5719031414_5719031413,27.02,73,548
2025-11-27 12:57:49.491344,5719031414_3075526396,27.98,22,171
2025-11-27 12:57:49.739177,5719125659_6648096524,33.3,4,37
2025-11-27 12:57:49.921796,5719125659_1758170772,23.61,68,446
2025-11-27 12:57:50.128549,5721511585_2584589542,40.32,5,56
2025-11-27 12:57:50.276693,5721511586_436388447,27.6,36,276
2025-11-27 12:57:50.433525,5828495464_2274969534,6.75,8,15
2025-11-27 12:57:50.568132,5828495464_5719125659,32.02,19,169
2025-11-27 12:57:50.766377,5828999542_5828999543,22.17,108,665
2025-11-27 12:57:50.920317,5828999542_1495025257,22.3,31,192
2025-11-27 12:57:51.077807,5828999543_5828999542,9.9,8,22
2025-11-27 12:57:51.217319,5828999543_6648227222,20.88,30,174
2025-11-27 12:57:51.365221,5831399053_6603014206,26.68,335,2483
2025-11-27 12:57:51.593019,5831399053_1494041374,35.34,65,638
2025-11-27 12:57:51.863843,5875603186_5645750065,26.1,12,87
2025-11-27 12:57:52.012709,5875603186_5206119178,22.84,64,406
2025-11-27 12:57:52.231406,5875623873_6677147301,22.5,4,25
2025-11-27 12:57:52.377163,5875623873_6677147310,17.15,17,81
2025-11-27 12:57:52.517008,5898769297_2185731475,33.94,14,132
2025-11-27 12:57:52.669687,5954441639_5954441640,3.6,8,8
2025-11-27 12:57:52.824034,5954441639_6659134171,27.0,14,105
2025-11-27 12:57:52.963423,5954441640_5954441639,1.8,16,8
2025-11-27 12:57:53.093191,5954441640_11201648616,21.22,57,336
2025-11-27 12:57:53.290494,5962836764_6325815718,43.78,62,754
2025-11-27 12:57:53.427420,5962836764_1314185585,40.07,23,256
2025-11-27 12:57:53.585096,6044465949_2701058419,14.37,107,427
2025-11-27 12:57:53.727627,6044465949_12606538104,15.53,323,1393
2025-11-27 12:57:53.880977,6325815718_6325815720,54.0,2,30
2025-11-27 12:57:54.103731,6325815720_4930438606,10.76,281,840
2025-11-27 12:57:54.257263,6325815720_2185731222,8.15,76,172
2025-11-27 12:57:54.483583,6405794494_6659134172,21.03,257,1501
2025-11-27 12:57:54.621790,6413551907_8341509537,25.2,2,14
2025-11-27 12:57:54.765155,6413551907_8341509535,20.4,12,68
2025-11-27 12:57:54.893090,6441639163_6689057478,26.88,30,224
2025-11-27 12:57:55.062023,6587550954_6587550955,5.85,8,13
2025-11-27 12:57:55.196878,6587550954_4541071716,29.74,46,380
2025-11-27 12:57:55.332274,6587550955_6587550954,3.12,15,13
2025-11-27 12:57:55.504509,6587550955_420456615,7.4,54,111
2025-11-27 12:57:55.656958,6587651051_1901865134,33.33,27,250
2025-11-27 12:57:55.814467,6600206282_13282498396,19.64,197,1075
2025-11-27 12:57:56.027387,6600206282_5598303159,26.8,18,134
2025-11-27 12:57:56.161872,6600206283_13282498396,21.02,174,1016
2025-11-27 12:57:56.295514,6600206283_2701058419,27.51,39,298
2025-11-27 12:57:56.493496,6601012241_6688570393,57.6,1,16
2025-11-27 12:57:56.655170,6601012241_6441639163,24.22,11,74
2025-11-27 12:57:56.803942,6603014206_10682258584,25.38,102,719
2025-11-27 12:57:56.941904,6603014206_6603014207,30.6,6,51
2025-11-27 12:57:57.105496,6603014207_6659072491,13.89,7,27
2025-11-27 12:57:57.329206,6603014207_6659072492,46.8,1,13
2025-11-27 12:57:57.463936,6606566485_10682258584,16.46,14,64
2025-11-27 12:57:57.590840,6606566485_6606566487,43.2,1,12
2025-11-27 12:57:57.723057,6606566485_1758651218,24.52,79,538
2025-11-27 12:57:57.884508,6606566487_6610228314,18.0,202,1010
2025-11-27 12:57:58.037905,6606566487_6606566485,43.2,1,12
2025-11-27 12:57:58.174376,6606566488_6606566487,18.0,12,60
2025-11-27 12:57:58.362188,6606566488_10682258584,24.0,3,20
2025-11-27 12:57:58.524734,6606566488_5485722628,18.95,204,1074
2025-11-27 12:57:58.735522,6610228314_10743484787,21.32,64,379
2025-11-27 12:57:58.878353,6610228314_6606566487,20.09,181,1010
2025-11-27 12:57:59.019640,6610228314_5485722628,8.85,24,59
2025-11-27 12:57:59.158602,6610574244_6659072491,20.85,24,139
2025-11-27 12:57:59.386753,6610574244_1758651218,23.52,15,98
2025-11-27 12:57:59.552610,6617292919_4600895552,19.61,47,256
2025-11-27 12:57:59.694272,6617292919_7985603136,3.79,38,40
2025-11-27 12:57:59.833195,6621078250_6621078251,5.85,8,13
2025-11-27 12:57:59.976910,6621078250_6621078260,31.35,31,270
2025-11-27 12:58:00.138956,6621078251_6621078250,5.2,9,13
2025-11-27 12:58:00.273778,6621078251_420456595,34.37,31,296
2025-11-27 12:58:00.441808,6621078260_6621078261,8.03,13,29
2025-11-27 12:58:00.574408,6621078260_2303337176,16.64,53,245
2025-11-27 12:58:00.759762,6621078261_6621078260,26.84,77,574
2025-11-27 12:58:00.962987,6621078261_420456583,30.0,24,200
2025-11-27 12:58:01.107902,6621357112_1314185653,36.0,3,30
2025-11-27 12:58:01.244488,6621357115_1314191420,4.94,43,59
2025-11-27 12:58:01.374955,6621357115_6621357112,15.67,17,74
2025-11-27 12:58:01.497063,6621426593_1314191414,32.4,2,18
2025-11-27 12:58:01.651010,6621426601_6621426593,11.15,124,384
2025-11-27 12:58:01.783379,6621426601_4539674879,5.45,35,53
2025-11-27 12:58:01.928879,6628818468_5709923601,27.6,9,69
2025-11-27 12:58:02.093215,6628818478_1314185677,4.25,39,46
2025-11-27 12:58:02.285821,6628818478_6628818468,8.77,140,341
2025-11-27 12:58:02.414430,6631796343_1692627215,31.2,3,26
2025-11-27 12:58:02.552150,6641911209_5719031413,31.5,20,175
2025-11-27 12:58:02.747873,6641911209_3075526396,25.71,7,50
2025-11-27 12:58:02.903046,6644672133_6644672135,20.57,49,280
2025-11-27 12:58:03.063779,6644672133_1884768305,12.96,20,72
2025-11-27 12:58:03.200170,6644672135_6644672133,20.57,49,280
2025-11-27 12:58:03.342477,6644672135_106111364,22.63,21,132
2025-11-27 12:58:03.504314,6644721587_2195296719,23.7,36,237
2025-11-27 12:58:03.654804,6644721587_11107112929,23.66,7,46
2025-11-27 12:58:03.849594,6647118933_2290010722,21.44,23,137
2025-11-27 12:58:04.013838,6647145130_8598733283,6.94,14,27
2025-11-27 12:58:04.164288,6647145130_5701309369,11.49,26,83
2025-11-27 12:58:04.352793,6648096523_1758170763,3.0,24,20
2025-11-27 12:58:04.498216,6648096523_1613087628,7.2,16,32
2025-11-27 12:58:04.632073,6648096524_6648096525,34.06,26,246
2025-11-27 12:58:04.805378,6648096524_12024836052,20.37,126,713
2025-11-27 12:58:04.968928,6648096525_6648096524,34.06,26,246
2025-11-27 12:58:05.123588,6648096525_5710565212,37.2,3,31
2025-11-27 12:58:05.277709,6648227219_2291254028,27.0,46,345
2025-11-27 12:58:05.442893,6648227221_6648227219,23.4,4,26
2025-11-27 12:58:05.597572,6648227221_6648227224,34.65,48,462
2025-11-27 12:58:05.755366,6648227222_6648227224,34.8,3,29
2025-11-27 12:58:05.913969,6648227222_2175126939,22.57,26,163
2025-11-27 12:58:06.075083,6648227223_5828999542,20.09,31,173
2025-11-27 12:58:06.235512,6648227224_6648227223,36.0,3,30
2025-11-27 12:58:06.447171,6648227224_6648227221,31.98,52,462
2025-11-27 12:58:06.671488,6650810650_444874859,9.87,35,96
2025-11-27 12:58:06.808509,6650810650_1613087620,5.66,14,22
2025-11-27 12:58:06.942453,6650876736_5718916292,6.48,196,353
2025-11-27 12:58:07.104005,6650876736_6650876740,10.16,556,1569
2025-11-27 12:58:07.243071,6650876740_6650876736,11.38,62,196
2025-11-27 12:58:07.401001,6650876740_634709500,17.79,286,1413
2025-11-27 12:58:07.546733,6650982900_6650982901,26.84,143,1066
2025-11-27 12:58:07.676884,6650982900_6648227219,27.65,22,169
2025-11-27 12:58:07.833254,6650982901_6650982900,9.08,44,111
2025-11-27 12:58:07.972897,6650982901_444875375,5.71,29,46
2025-11-27 12:58:08.122763,6651770209_6651770210,4.87,17,23
2025-11-27 12:58:08.337042,6651770209_444875374,12.07,164,550
2025-11-27 12:58:08.498814,6651770210_6651770209,19.3,175,938
2025-11-27 12:58:08.638220,6651770210_5716670628,16.9,85,399
2025-11-27 12:58:08.802234,6658429241_10130533935,26.27,148,1080
2025-11-27 12:58:08.947769,6658429241_11014094287,19.54,28,152
2025-11-27 12:58:09.147691,6659072489_5710231827,20.98,29,169
2025-11-27 12:58:09.310701,6659072490_6659072489,7.71,21,45
2025-11-27 12:58:09.469236,6659072490_1878921405,22.8,18,114
2025-11-27 12:58:09.609871,6659072491_6659072492,21.6,6,36
2025-11-27 12:58:09.739115,6659072491_6610574244,21.76,23,139
2025-11-27 12:58:09.893663,6659072492_6659072490,28.15,22,172
2025-11-27 12:58:10.085417,6659134171_1758633112,17.3,103,495
2025-11-27 12:58:10.229163,6659134171_1884769977,25.75,13,93
2025-11-27 12:58:10.383075,6659134172_5954441640,27.0,14,105
2025-11-27 12:58:10.576799,6659134174_5716408768,14.58,59,239
2025-11-27 12:58:10.736016,6659134177_1314209716,20.4,15,85
2025-11-27 12:58:10.872958,6661055809_2050902820,28.8,1,8
2025-11-27 12:58:11.021999,6661055810_6661055809,5.99,83,138
2025-11-27 12:58:11.150042,6661055810_4961341860,4.89,28,38
2025-11-27 12:58:11.414477,6661055813_6662639319,12.76,11,39
2025-11-27 12:58:11.547919,6661487944_6661487945,20.69,122,701
2025-11-27 12:58:11.696063,6661487944_5641890822,25.9,138,993
2025-11-27 12:58:11.907922,6661487945_6661487944,21.2,9,53
2025-11-27 12:58:12.048325,6661487945_12908782868,25.96,19,137
2025-11-27 12:58:12.193585,6662241086_6662241087,20.0,9,50
2025-11-27 12:58:12.333056,6662241086_4025115175,16.14,221,991
2025-11-27 12:58:12.576679,6662241087_6662241086,18.08,89,447
2025-11-27 12:58:12.721769,6662241087_6662241094,16.66,78,361
2025-11-27 12:58:12.873942,6662241094_6662241095,14.89,59,244
2025-11-27 12:58:13.011865,6662241094_446030797,10.8,36,108
2025-11-27 12:58:13.154736,6662241095_6662241094,16.2,6,27
2025-11-27 12:58:13.289848,6662241095_6662241086,17.29,76,365
2025-11-27 12:58:13.487652,6662639319_2050902830,19.8,16,88
2025-11-27 12:58:13.631072,6666128977_5962836764,61.2,1,17
2025-11-27 12:58:13.771916,6666479030_8598733283,0.0,0,4
2025-11-27 12:58:13.920668,6670444529_6670444530,27.95,72,559
2025-11-27 12:58:14.067601,6670444529_420456683,30.48,15,127
2025-11-27 12:58:14.213694,6670444530_6670444529,3.18,17,15
2025-11-27 12:58:14.353491,6670444530_12513272960,31.25,22,191
2025-11-27 12:58:14.478105,6672531385_12872373346,21.5,36,215
2025-11-27 12:58:14.643827,6677147301_5489009621,13.8,6,23
2025-11-27 12:58:14.787225,6677147301_2050902835,23.66,21,138
2025-11-27 12:58:14.951517,6677147310_5485653490,23.89,11,73
2025-11-27 12:58:15.092278,6677300866_309685730,16.64,90,416
2025-11-27 12:58:15.217579,6677300866_6677364041,18.0,10,50
2025-11-27 12:58:15.376525,6677338241_98026475,16.88,32,150
2025-11-27 12:58:15.531657,6677338241_1314209698,20.8,9,52
2025-11-27 12:58:15.690954,6677364041_2295384939,24.3,8,54
2025-11-27 12:58:15.890879,6677687639_5707122750,16.56,10,46
2025-11-27 12:58:16.036467,6677687639_4538571818,33.14,420,3866
2025-11-27 12:58:16.168464,6677687648_1314191405,0.0,0,10
2025-11-27 12:58:16.329434,6677687648_5707122750,22.5,8,50
2025-11-27 12:58:16.506518,6677895172_1494041352,22.45,351,2189
2025-11-27 12:58:16.646869,6677895172_1494041351,26.26,17,124
2025-11-27 12:58:16.798713,6677895176_1494041352,34.8,3,29
2025-11-27 12:58:16.953568,6677895176_1494041351,19.84,151,832
2025-11-27 12:58:17.094127,6684737819_4540453404,25.48,26,184
2025-11-27 12:58:17.255180,6684737819_4540453400,41.78,43,499
2025-11-27 12:58:17.477297,6685236291_6685236292,20.4,66,374
2025-11-27 12:58:17.609538,6685236291_8231491408,27.7,23,177
2025-11-27 12:58:17.770718,6685236292_6685236291,7.5,12,25
2025-11-27 12:58:17.909640,6685236292_4961341859,11.81,50,164
2025-11-27 12:58:18.048147,6685434573_6662241087,30.4,9,76
2025-11-27 12:58:18.192939,6687964478_442990465,16.14,153,686
2025-11-27 12:58:18.339093,6687964478_5716241017,19.35,8,43
2025-11-27 12:58:18.493811,6688471376_5686449780,15.97,224,994
2025-11-27 12:58:18.686420,6688471376_7920618647,12.53,83,289
2025-11-27 12:58:18.814987,6688490814_6647145130,5.4,24,36
2025-11-27 12:58:19.026370,6688490814_5485653490,22.94,35,223
2025-11-27 12:58:19.163708,6688503842_6405794494,24.0,3,20
2025-11-27 12:58:19.293306,6688503847_1758631175,9.16,11,28
2025-11-27 12:58:19.470988,6688503847_6688503842,7.01,19,37
2025-11-27 12:58:19.608325,6688570392_6441639163,21.6,3,18
2025-11-27 12:58:19.747575,6688570392_6688570393,28.58,66,524
2025-11-27 12:58:19.954608,6688570393_6688570397,31.64,38,334
2025-11-27 12:58:20.090199,6688570397_6688570401,17.64,10,49
2025-11-27 12:58:20.246225,6688570397_12600043488,30.24,5,42
2025-11-27 12:58:20.389932,6688570401_6688570392,29.79,40,331
2025-11-27 12:58:20.519494,6689057478_6689057484,36.0,3,30
2025-11-27 12:58:20.668021,6689057478_6689057482,18.51,7,36
2025-11-27 12:58:20.935734,6689057482_6601012241,34.35,24,229
2025-11-27 12:58:21.094654,6689057484_13206202825,28.6,36,286
2025-11-27 12:58:21.251893,6689058288_6689057482,32.4,2,18
2025-11-27 12:58:21.391384,6689058288_6689057484,26.8,9,67
2025-11-27 12:58:21.523365,7301485388_1497544796,8.1,12,27
2025-11-27 12:58:21.652997,7920618640_5683715143,27.62,61,468
2025-11-27 12:58:21.782013,7920618640_5683715143,27.62,61,468
2025-11-27 12:58:21.908321,7920618647_4599745018,30.0,3,25
2025-11-27 12:58:22.095332,7920618647_7920618648,23.4,6,39
2025-11-27 12:58:22.226262,7920618648_5674347102,14.68,144,587
2025-11-27 12:58:22.430569,7920618648_10130533955,13.2,12,44
2025-11-27 12:58:22.577327,7920618648_4599745018,14.07,197,770
2025-11-27 12:58:22.729395,7985603136_98027697,18.6,6,31
2025-11-27 12:58:22.957988,7985603136_10130533953,17.34,284,1368
2025-11-27 12:58:23.082836,7985603138_5686449780,27.34,37,281
2025-11-27 12:58:23.297345,7985603147_7985603148,21.87,337,2047
2025-11-27 12:58:23.472946,7985603147_7920618640,27.26,695,5263
2025-11-27 12:58:23.604402,7985603148_7985603147,39.3,12,131
2025-11-27 12:58:23.743496,7985603148_6617292919,23.66,21,138
2025-11-27 12:58:23.887106,8231491408_8231491411,11.8,112,367
2025-11-27 12:58:24.021448,8231491408_5707161162,19.6,18,98
2025-11-27 12:58:24.157272,8231491411_8231491408,4.73,16,21
2025-11-27 12:58:24.367399,8231491411_6685236292,25.06,26,181
2025-11-27 12:58:24.558955,8237661942_2053894358,6.0,12,20
2025-11-27 12:58:24.727687,8237661942_308728680,13.37,80,297
2025-11-27 12:58:24.881959,8242664547_11107112958,21.09,365,2138
2025-11-27 12:58:25.085633,8242664547_12174413404,25.2,8,56
2025-11-27 12:58:25.251890,8242664547_12559133535,20.82,356,2059
2025-11-27 12:58:25.384306,8295729267_3779242655,46.39,35,451
2025-11-27 12:58:25.527289,8295729267_6600206282,26.84,44,328
2025-11-27 12:58:25.652582,8341509535_10743484787,25.2,2,14
2025-11-27 12:58:25.812168,8341509537_5485722628,21.6,67,402
2025-11-27 12:58:25.965827,8341509537_6413551907,25.2,2,14
2025-11-27 12:58:26.143541,8462967636_5710691044,54.0,1,15
2025-11-27 12:58:26.301330,8598733283_6666479030,14.4,1,4
2025-11-27 12:58:26.463955,8598733283_6688490814,21.6,11,66
2025-11-27 12:58:26.641643,8823455179_6661055810,14.22,401,1584
2025-11-27 12:58:26.781734,8823455180_8823455179,9.2,9,23
2025-11-27 12:58:26.983033,8823455180_98031401,7.6,9,19
2025-11-27 12:58:27.154401,8921282801_10202001781,7.7,36,77
2025-11-27 12:58:27.410622,9576908879_1314203096,6.53,27,49
2025-11-27 12:58:27.541558,9970440452_12484632695,27.11,17,128
2025-11-27 12:58:27.676793,9980229913_1497544764,24.07,96,642
2025-11-27 12:58:27.812325,9980229913_7301485388,25.2,44,308
2025-11-27 12:58:28.020927,10076263973_5710098650,28.24,122,957
2025-11-27 12:58:28.176796,10076263976_10076263977,11.03,47,144
2025-11-27 12:58:28.369369,10076263976_4540453394,12.48,124,430
2025-11-27 12:58:28.507657,10076263977_4540453396,30.6,2,17
2025-11-27 12:58:28.636998,10076263978_10076263979,2.57,35,25
2025-11-27 12:58:28.802512,10076263978_4542621501,6.55,11,20
2025-11-27 12:58:28.966921,10076263979_5093497426,27.0,2,15
2025-11-27 12:58:29.114242,10087376960_5641890823,18.72,10,52
2025-11-27 12:58:29.312826,10087376960_5641890821,34.2,16,152
2025-11-27 12:58:29.452646,10100966682_12513272960,17.85,148,734
2025-11-27 12:58:29.606839,10100966682_6685434573,16.36,66,300
2025-11-27 12:58:29.756593,10130533935_1495023340,18.3,327,1662
2025-11-27 12:58:29.901678,10130533953_4600895552,15.2,144,608
2025-11-27 12:58:30.044993,10130533953_7985603138,11.06,14,43
2025-11-27 12:58:30.199133,10130533953_98027697,3.6,35,35
2025-11-27 12:58:30.331727,10130533955_7985603147,36.8,18,184
2025-11-27 12:58:30.596351,10151536198_2570960524,27.67,35,269
2025-11-27 12:58:30.808469,10159724112_6666128977,54.0,1,15
2025-11-27 12:58:30.955849,10180671333_420522002,27.77,7,54
2025-11-27 12:58:31.125311,10180671333_98041254,7.6,18,38
2025-11-27 12:58:31.282126,10202001781_1881927757,20.43,83,471
2025-11-27 12:58:31.483551,10203920310_1881928279,25.2,2,14
2025-11-27 12:58:31.629502,10203920310_5718886024,22.8,12,76
2025-11-27 12:58:31.802232,10203920324_10203920325,14.4,3,12
2025-11-27 12:58:31.957968,10203920324_1881928007,0.0,12,0
2025-11-27 12:58:32.168464,10203920325_5718886024,10.8,1,3
2025-11-27 12:58:32.300425,10203920328_1881927759,0.0,0,0
2025-11-27 12:58:32.486956,10203920329_10203920328,18.79,59,308
2025-11-27 12:58:32.609331,10203920329_1219243636,6.04,28,47
2025-11-27 12:58:32.785704,10296445822_10997686363,23.62,187,1227
2025-11-27 12:58:32.931076,10296445822_10296445824,15.45,404,1734
2025-11-27 12:58:33.075660,10296445822_309816683,15.48,395,1699
2025-11-27 12:58:33.233111,10296445823_309816683,7.8,18,39
2025-11-27 12:58:33.390213,10296445823_10296445822,5.25,35,51
2025-11-27 12:58:33.553948,10296445824_5718916302,25.2,5,35
2025-11-27 12:58:33.712244,10542328776_6685605986,21.6,6,36
2025-11-27 12:58:33.911484,10542328776_1748294274,5.57,31,48
2025-11-27 12:58:34.112700,10542328776_13023100784,21.97,88,537
2025-11-27 12:58:34.313890,10682258584_6603014206,24.19,107,719
2025-11-27 12:58:34.468750,10682258584_6606566488,24.0,3,20
2025-11-27 12:58:34.609538,10743484787_8341509535,25.2,2,14
2025-11-27 12:58:34.761945,10743484787_6610228314,20.99,65,379
2025-11-27 12:58:34.893758,10743484787_8341509537,16.71,14,65
2025-11-27 12:58:35.028954,10965136434_420456595,8.4,6,14
2025-11-27 12:58:35.182835,10965136434_6621078250,30.75,35,299
2025-11-27 12:58:35.335638,10997686363_10296445822,15.97,333,1477
2025-11-27 12:58:35.496444,10997686363_11107112927,21.09,7,41
2025-11-27 12:58:35.654106,11014094287_11014094288,10.8,39,117
2025-11-27 12:58:35.835046,11014094287_1884765802,17.54,164,799
2025-11-27 12:58:35.971008,11014094288_11014094287,12.9,12,43
2025-11-27 12:58:36.102864,11014094288_1495023340,27.36,20,152
2025-11-27 12:58:36.257626,11107112919_438036727,21.6,10,60
2025-11-27 12:58:36.394377,11107112919_12559133535,30.6,2,17
2025-11-27 12:58:36.546903,11107112923_10997686363,29.52,5,41
2025-11-27 12:58:36.683197,11107112923_11107112927,27.26,7,53
2025-11-27 12:58:36.812265,11107112927_11107112935,27.0,4,30
2025-11-27 12:58:37.045879,11107112929_11107112919,0.0,0,0
2025-11-27 12:58:37.171377,11107112935_11107112929,22.95,8,51
2025-11-27 12:58:37.392163,11107112935_6644721587,20.93,358,2081
2025-11-27 12:58:37.534133,11107112958_8242664547,19.63,155,845
2025-11-27 12:58:37.666584,11111175323_11111175326,31.8,6,53
2025-11-27 12:58:37.807122,11111175326_6600206283,35.39,107,1052
2025-11-27 12:58:37.973088,11182265554_4540453378,21.42,40,238
2025-11-27 12:58:38.128111,11182265554_5716807749,32.95,13,119
2025-11-27 12:58:38.287858,11201648616_445970799,16.97,84,396
2025-11-27 12:58:38.434151,11209721500_11209721504,20.16,10,56
2025-11-27 12:58:38.575456,11209721504_13322115744,38.95,44,476
2025-11-27 12:58:38.717062,11700202516_11700202517,21.42,20,119
2025-11-27 12:58:38.844932,11700202516_10087376960,39.6,3,33
2025-11-27 12:58:38.998037,11700202517_11700202516,13.8,12,46
2025-11-27 12:58:39.135213,11700202517_4538405021,30.17,58,486
2025-11-27 12:58:39.312471,11768052436_4538405137,41.4,2,23
2025-11-27 12:58:39.510181,11768052436_11768052437,13.8,12,46
2025-11-27 12:58:39.674243,11768052437_1881949102,36.0,24,240
2025-11-27 12:58:39.841679,11950483412_1884765806,3.76,23,24
2025-11-27 12:58:39.986739,11950483412_11950483417,4.57,37,47
2025-11-27 12:58:40.125450,11950483417_1314209717,36.0,1,10
2025-11-27 12:58:40.289001,12024836052_2274969534,27.0,22,165
2025-11-27 12:58:40.444901,12174413404_8242664547,20.84,349,2020
2025-11-27 12:58:40.603330,12206582473_2570960524,23.92,138,917
2025-11-27 12:58:40.759827,12206582473_6661487944,30.87,54,463
2025-11-27 12:58:40.909600,12357580642_12357580645,9.08,23,58
2025-11-27 12:58:41.078337,12357580642_421080868,5.32,23,34
2025-11-27 12:58:41.213118,12357580645_1497544736,9.9,12,33
2025-11-27 12:58:41.363686,12375164794_12768097335,23.4,2,13
2025-11-27 12:58:41.512629,12375164795_12375164794,14.27,27,107
2025-11-27 12:58:41.646587,12375164795_2302166519,0.0,0,7
2025-11-27 12:58:41.832730,12375164797_1691398148,5.66,7,11
2025-11-27 12:58:41.980925,12375164797_12375164798,11.0,36,110
2025-11-27 12:58:42.201503,12375164798_2302164518,25.2,21,147
2025-11-27 12:58:42.353888,12484632695_12484632696,29.14,53,429
2025-11-27 12:58:42.488275,12484632695_12600043494,29.52,20,164
2025-11-27 12:58:42.626691,12484632696_5831399053,33.02,29,266
2025-11-27 12:58:42.778785,12513272960_10100966682,46.8,1,13
2025-11-27 12:58:42.929922,12513272960_5707407591,8.65,62,149
2025-11-27 12:58:43.056819,12559133535_11107112958,30.4,9,76
2025-11-27 12:58:43.195168,12559133535_8242664547,24.83,29,200
2025-11-27 12:58:43.329859,12600043488_12484632696,30.42,20,169
2025-11-27 12:58:43.462891,12600043494_6688570401,35.28,5,49
2025-11-27 12:58:43.619246,12600043494_12600043488,28.8,12,96
2025-11-27 12:58:43.833476,12606538099_4539684490,37.67,43,450
2025-11-27 12:58:43.964107,12606538104_5710222986,14.93,130,539
2025-11-27 12:58:44.109387,12725862784_4541105059,22.43,190,1184
2025-11-27 12:58:44.310289,12725862785_12725862784,18.9,4,21
2025-11-27 12:58:44.486798,12725862785_10151536198,25.71,7,50
2025-11-27 12:58:44.622649,12768097332_1881927756,7.2,10,20
2025-11-27 12:58:44.845042,12768097332_12768097335,10.12,16,45
2025-11-27 12:58:44.998138,12816414542_5718916293,23.85,8,53
2025-11-27 12:58:45.141862,12816414542_98035472,7.29,114,231
2025-11-27 12:58:45.284756,12816414547_5718916292,12.6,4,14
2025-11-27 12:58:45.502087,12872373345_12872373346,8.0,9,20
2025-11-27 12:58:45.648684,12872373345_10203920310,18.0,42,210
2025-11-27 12:58:45.788021,12872373346_12872373345,10.29,7,20
2025-11-27 12:58:45.915881,12872373346_1219243660,13.42,11,41
2025-11-27 12:58:46.048466,12908782868_10151536198,28.8,7,56
2025-11-27 12:58:46.225442,12908782868_12725862784,36.0,5,50
2025-11-27 12:58:46.363137,13023100784_10542328776,16.67,116,537
2025-11-27 12:58:46.587186,13023100784_13023100793,0.0,3,0
2025-11-27 12:58:46.738776,13023100793_13023100794,0.0,0,1
2025-11-27 12:58:46.878498,13023100793_420456583,16.65,157,726
2025-11-27 12:58:47.008479,13023100794_442993523,17.33,75,361
2025-11-27 12:58:47.144227,13023100794_13023100784,0.0,0,1
2025-11-27 12:58:47.358053,13206202825_4538405017,37.16,87,898
2025-11-27 12:58:47.513249,13206202825_4538405006,30.6,46,391
2025-11-27 12:58:47.677648,13282498392_8295729267,29.52,15,123
2025-11-27 12:58:47.830390,13282498392_13282498396,36.57,44,447
2025-11-27 12:58:47.988478,13282498396_6600206282,19.85,193,1064
2025-11-27 12:58:48.130924,13282498396_6600206283,10.58,16,47
2025-11-27 12:58:48.264674,13282498396_13282511305,30.15,16,134
2025-11-27 12:58:48.399739,13282511304_5710691045,36.51,7,71
2025-11-27 12:58:48.541678,13282511305_5598303159,0.0,0,5
2025-11-27 12:58:48.696932,13282511305_13282511304,38.42,73,779
2025-11-27 12:58:48.857510,13322115743_13322115744,27.6,138,1058
2025-11-27 12:58:48.992205,13322115743_5707262958,27.03,63,473
2025-11-27 12:58:49.171099,13322115744_13322115743,21.06,140,819
2025-11-27 12:58:49.322270,13322115744_1879088106,29.11,35,283
2025-11-27 12:58:49.470158,13327548965_13327548966,34.2,2,19
2025-11-27 12:58:49.633654,13327548966_10202001781,13.18,62,227
2025-11-27 12:58:49.791437,13327548966_13327548968,16.64,85,393
2025-11-27 12:58:49.951997,13327548967_2185731479,23.54,26,170
2025-11-27 12:58:50.134736,13327548967_13327548965,16.06,128,571
2025-11-27 12:58:50.272674,13327548968_13327548967,21.6,4,24
2025-11-27 13:01:01.288348,81805393_11950483412,4.5,12,15
2025-11-27 13:01:01.453012,81805393_1884765798,15.52,215,927
2025-11-27 13:01:01.651013,81806535_1497544749,8.05,17,38
2025-11-27 13:01:01.810452,81806535_5707161153,9.21,113,289
2025-11-27 13:01:01.970711,98026475_6677338241,19.56,113,614
2025-11-27 13:01:02.094054,98027697_4599745018,10.15,11,31
2025-11-27 13:01:02.240210,98027697_7985603138,21.6,6,36
2025-11-27 13:01:02.451459,98027697_10130533953,16.96,153,721
2025-11-27 13:01:02.644725,98031401_6661055810,0.0,16,0
2025-11-27 13:01:02.862934,98031401_8823455179,11.84,83,273
2025-11-27 13:01:03.035160,98035472_309816683,16.88,154,722
2025-11-27 13:01:03.182182,98035472_12816414547,15.47,209,898
2025-11-27 13:01:03.315292,98035472_5718916293,18.45,8,41
2025-11-27 13:01:03.524240,98041254_420456615,9.36,5,13
2025-11-27 13:01:03.665711,98041254_420522002,24.48,5,34
2025-11-27 13:01:03.809936,98041257_98041849,10.44,10,29
2025-11-27 13:01:03.950414,98041257_5710673974,19.8,4,22
2025-11-27 13:01:04.125768,98041257_5710673979,32.4,3,27
2025-11-27 13:01:04.263822,98041849_98041257,7.46,14,29
2025-11-27 13:01:04.429292,98041849_5718871870,18.9,4,21
2025-11-27 13:01:04.580931,98041849_733429120,12.32,19,65
2025-11-27 13:01:04.728261,98041851_98041254,23.12,163,1047
2025-11-27 13:01:04.875754,98041851_2084132002,34.2,4,38
2025-11-27 13:01:05.048764,98042270_309816682,18.7,119,618
2025-11-27 13:01:05.244271,98042270_6677300866,19.03,56,296
2025-11-27 13:01:05.402707,106078638_6587651051,36.0,5,50
2025-11-27 13:01:05.550594,106078638_442990465,25.71,7,50
2025-11-27 13:01:05.684934,106108917_2174649904,8.26,17,39
2025-11-27 13:01:05.813378,106108917_2176926218,23.09,92,590
2025-11-27 13:01:05.967379,106111364_6644672135,22.86,20,127
2025-11-27 13:01:06.130105,106111364_446030797,15.61,215,932
2025-11-27 13:01:06.277453,283139229_444875375,10.29,7,20
2025-11-27 13:01:06.488355,283139229_5718871870,17.0,165,779
2025-11-27 13:01:06.622308,283139229_6650982900,27.0,6,45
2025-11-27 13:01:06.776079,283139237_5206119178,21.81,87,527
2025-11-27 13:01:06.915597,283139237_2188036136,24.27,31,209
2025-11-27 13:01:07.076616,308728680_1314203102,10.2,6,17
2025-11-27 13:01:07.227054,308728680_310729950,16.53,189,868
2025-11-27 13:01:07.365193,308728680_2289997644,19.35,24,129
2025-11-27 13:01:07.505529,309595522_6666479030,13.05,8,29
2025-11-27 13:01:07.698270,309685730_6677300866,14.91,7,29
2025-11-27 13:01:07.860599,309685730_2195296719,18.3,134,681
2025-11-27 13:01:07.995082,309685730_309816682,20.27,54,304
2025-11-27 13:01:08.132445,309816682_98042270,8.51,11,26
2025-11-27 13:01:08.262640,309816682_5718916274,16.55,67,308
2025-11-27 13:01:08.465514,309816683_98035472,9.96,60,166
2025-11-27 13:01:08.621916,309816683_10296445822,13.63,238,901
2025-11-27 13:01:08.744210,309816683_10296445824,18.0,7,35
2025-11-27 13:01:08.896098,310729950_6677364041,11.7,20,65
2025-11-27 13:01:09.026474,310729950_6677300866,7.39,19,39
2025-11-27 13:01:09.152475,317366886_444501629,7.56,10,21
2025-11-27 13:01:09.314263,317366886_4540453399,18.36,152,775
2025-11-27 13:01:09.461574,317778303_427847910,10.29,7,20
2025-11-27 13:01:09.601799,317778303_5716477056,32.3,37,332
2025-11-27 13:01:09.749026,319490613_1104490487,24.88,134,926
2025-11-27 13:01:09.906863,420456583_6621078251,24.92,13,90
2025-11-27 13:01:10.106865,420456583_13023100793,15.48,20,86
2025-11-27 13:01:10.239589,420456595_10965136434,2.52,20,14
2025-11-27 13:01:10.395304,420456595_4541071715,15.16,71,299
2025-11-27 13:01:10.550216,420456615_733429120,18.0,6,30
2025-11-27 13:01:10.713343,420456615_98041257,8.61,28,67
2025-11-27 13:01:10.844249,420456683_5710231827,20.97,97,565
2025-11-27 13:01:10.991040,420456683_5206119178,15.97,16,71
2025-11-27 13:01:11.154096,420456683_1878932244,29.86,17,141
2025-11-27 13:01:11.305412,420457653_11107112923,29.19,37,300
2025-11-27 13:01:11.458000,420460217_1878921396,24.85,234,1615
2025-11-27 13:01:11.663980,420460217_4004297090,5.09,53,75
2025-11-27 13:01:11.825650,420522002_6587550954,26.64,10,74
2025-11-27 13:01:12.042395,421080868_4961341856,9.6,12,32
2025-11-27 13:01:12.179444,421080868_12357580645,13.06,113,410
2025-11-27 13:01:12.310330,427847910_2291072476,18.0,3,15
2025-11-27 13:01:12.540871,427847910_1495030951,21.6,6,36
2025-11-27 13:01:12.677910,428673752_421080868,12.29,92,314
2025-11-27 13:01:12.825310,428673752_2291064324,18.0,10,50
2025-11-27 13:01:12.962877,436383687_5710222987,31.8,18,159
2025-11-27 13:01:13.115421,436388447_2295384939,4.5,12,15
2025-11-27 13:01:13.275981,436388447_309685730,10.8,31,93
2025-11-27 13:01:13.410974,442990465_106078638,18.08,85,427
2025-11-27 13:01:13.540014,442990465_6687964478,14.7,168,686
2025-11-27 13:01:13.697178,442990465_6587651051,18.6,6,31
2025-11-27 13:01:13.854728,442993523_13023100794,18.83,69,361
2025-11-27 13:01:14.027711,444394912_2701184883,16.45,300,1371
2025-11-27 13:01:14.159850,444394912_4538405026,29.35,13,106
2025-11-27 13:01:14.293721,444394912_5716537702,5.54,39,60
2025-11-27 13:01:14.451120,444398125_444393381,18.38,19,97
2025-11-27 13:01:14.581715,444398125_2186671584,5.4,6,9
2025-11-27 13:01:14.732400,444501629_2291073251,12.96,5,18
2025-11-27 13:01:14.884437,444501629_2186671586,12.11,22,74
2025-11-27 13:01:15.018545,444501637_6648227221,46.8,2,26
2025-11-27 13:01:15.166642,444501637_6650982901,29.31,21,171
2025-11-27 13:01:15.369521,444874857_444875374,10.2,6,17
2025-11-27 13:01:15.573724,444874857_6651770210,28.8,45,360
2025-11-27 13:01:15.728060,444874859_6650810650,22.06,110,674
2025-11-27 13:01:15.853980,444874859_5710565212,25.2,19,133
2025-11-27 13:01:15.993564,444875109_448838032,16.2,4,18
2025-11-27 13:01:16.155359,444875109_5709996125,13.45,118,441
2025-11-27 13:01:16.324203,444875130_1613087628,14.4,5,20
2025-11-27 13:01:16.463397,444875130_1758170763,27.9,4,31
2025-11-27 13:01:16.613135,444875374_444875109,13.34,44,163
2025-11-27 13:01:16.753245,444875374_283139229,17.52,15,73
2025-11-27 13:01:16.896329,444875375_283139229,9.0,8,20
2025-11-27 13:01:17.049098,444875375_444875109,14.2,18,71
2025-11-27 13:01:17.214379,444875375_2188036136,21.96,110,671
2025-11-27 13:01:17.370252,445970096_2050902830,13.5,4,15
2025-11-27 13:01:17.530518,445970096_8823455180,10.56,30,88
2025-11-27 13:01:17.687906,445970127_2050902827,11.7,4,13
2025-11-27 13:01:17.821921,445970127_2050902832,28.56,15,119
2025-11-27 13:01:17.990862,445970799_1884776799,13.93,160,619
2025-11-27 13:01:18.148582,445970799_2291064328,15.15,24,101
2025-11-27 13:01:18.309989,446030797_2176926218,13.37,7,26
2025-11-27 13:01:18.441170,446030797_2174649904,20.24,103,579
2025-11-27 13:01:18.579210,446030797_106111364,18.23,47,238
2025-11-27 13:01:18.722805,448838032_444874857,11.4,6,19
2025-11-27 13:01:18.943845,448838032_2175126932,22.5,8,50
2025-11-27 13:01:19.096128,634709500_1613087622,17.58,305,1489
2025-11-27 13:01:19.273218,634709500_6650876740,23.4,16,104
2025-11-27 13:01:19.419778,733429120_98041851,12.24,5,17
2025-11-27 13:01:19.555133,733429120_6651770209,35.43,44,433
2025-11-27 13:01:19.731001,1104490487_319490613,8.1,8,18
2025-11-27 13:01:19.892361,1104490487_12357580642,22.67,171,1077
2025-11-27 13:01:20.052887,1219243636_1220930858,12.96,5,18
2025-11-27 13:01:20.191906,1219243636_1881928280,21.6,7,42
2025-11-27 13:01:20.336650,1219243660_12872373346,10.54,14,41
2025-11-27 13:01:20.483686,1220930858_1221053112,6.3,8,14
2025-11-27 13:01:20.702067,1220930858_10203920325,27.0,6,45
2025-11-27 13:01:20.842355,1220930867_12872373345,15.05,11,46
2025-11-27 13:01:21.003460,1221053112_1748294231,10.8,6,18
2025-11-27 13:01:21.207693,1221053112_1881928008,25.8,6,43
2025-11-27 13:01:21.346848,1221161727_1884747787,18.0,6,30
2025-11-27 13:01:21.486890,1221161727_3779255487,23.06,241,1544
2025-11-27 13:01:21.627851,1221161730_4106937190,21.6,11,66
2025-11-27 13:01:21.771201,1221161730_1221161727,5.85,32,52
2025-11-27 13:01:21.914995,1312645244_1691398148,15.6,3,13
2025-11-27 13:01:22.077938,1312645244_12375164798,19.8,2,11
2025-11-27 13:01:22.207685,1312650077_1838584736,22.8,3,19
2025-11-27 13:01:22.393279,1312650077_1879088108,19.38,172,926
2025-11-27 13:01:22.602112,1312650079_1887751321,14.4,5,20
2025-11-27 13:01:22.753039,1312650079_2185731477,26.55,8,59
2025-11-27 13:01:22.935754,1314185585_4539132165,45.36,100,1260
2025-11-27 13:01:23.142650,1314185648_4539132165,28.13,27,211
2025-11-27 13:01:23.315364,1314185653_2326674288,43.2,1,12
2025-11-27 13:01:23.545621,1314185677_1314191420,23.09,179,1148
2025-11-27 13:01:23.686525,1314185677_6621357112,27.91,150,1163
2025-11-27 13:01:23.846856,1314191398_106070559,34.36,423,4037
2025-11-27 13:01:24.035580,1314191405_5707122750,34.12,407,3857
2025-11-27 13:01:24.173678,1314191405_4538571818,40.2,6,67
2025-11-27 13:01:24.323728,1314191414_436383687,20.4,6,34
2025-11-27 13:01:24.480825,1314191415_1314191414,7.93,74,163
2025-11-27 13:01:24.616100,1314191415_4539674875,4.7,62,81
2025-11-27 13:01:24.757847,1314191417_4930438606,39.6,14,154
2025-11-27 13:01:24.913357,1314191420_4539674875,8.56,45,107
2025-11-27 13:01:25.050764,1314191420_5709923602,11.46,131,417
2025-11-27 13:01:25.192325,1314191436_6621426601,5.17,23,33
2025-11-27 13:01:25.360534,1314191436_5709923601,18.1,35,176
2025-11-27 13:01:25.510986,1314203096_2053894358,21.33,40,237
2025-11-27 13:01:25.660215,1314203102_308728680,18.15,122,615
2025-11-27 13:01:25.820745,1314203102_1314203096,17.02,11,52
2025-11-27 13:01:25.996530,1314209691_1495020912,15.05,138,577
2025-11-27 13:01:26.139924,1314209691_6405794494,8.95,33,82
2025-11-27 13:01:26.273023,1314209698_1884765802,12.96,5,18
2025-11-27 13:01:26.417277,1314209698_11014094288,24.0,6,40
2025-11-27 13:01:26.576392,1314209699_11950483417,22.32,5,31
2025-11-27 13:01:26.715361,1314209699_1884765806,15.18,209,881
2025-11-27 13:01:27.164704,1314209716_6677895172,26.88,30,224
2025-11-27 13:01:27.377930,1314209716_1887748894,21.92,159,968
2025-11-27 13:01:27.544937,1314209717_6659134174,25.2,15,105
2025-11-27 13:01:27.682742,1475295085_1475295086,24.69,7,48
2025-11-27 13:01:27.832877,1475295085_1312645244,18.65,78,404
2025-11-27 13:01:28.049171,1475295086_1475295085,26.41,315,2311
2025-11-27 13:01:28.189583,1475295086_1879091756,34.7,80,771
2025-11-27 13:01:28.330351,1494041345_6677895176,25.2,4,28
2025-11-27 13:01:28.466196,1494041345_4004297090,8.43,44,103
2025-11-27 13:01:28.596281,1494041351_1494041366,33.12,20,184
2025-11-27 13:01:28.740727,1494041352_1494041374,29.05,29,234
2025-11-27 13:01:28.904523,1494041366_1878932244,23.38,85,552
2025-11-27 13:01:29.101315,1494041366_6670444530,30.04,32,267
2025-11-27 13:01:29.262034,1494041374_1758633098,17.29,81,389
2025-11-27 13:01:29.402774,1495020912_1758631175,12.86,7,25
2025-11-27 13:01:29.535558,1495020912_6688503842,16.8,6,28
2025-11-27 13:01:29.662017,1495022225_634709500,20.7,4,23
2025-11-27 13:01:29.821187,1495023340_1314209691,21.05,92,538
2025-11-27 13:01:29.961817,1495025257_6648096525,37.2,3,31
2025-11-27 13:01:30.117426,1495025257_6650810650,21.93,22,134
2025-11-27 13:01:30.257111,1495030950_1495030951,17.67,11,54
2025-11-27 13:01:30.391999,1495030950_427847910,7.01,19,37
2025-11-27 13:01:30.553705,1495030951_317366886,14.11,187,733
2025-11-27 13:01:30.681425,1497544719_428673752,5.89,22,36
2025-11-27 13:01:30.824520,1497544719_1904353550,8.77,23,56
2025-11-27 13:01:31.010207,1497544736_5707161153,15.6,6,26
2025-11-27 13:01:31.160981,1497544736_5707161151,13.85,26,100
2025-11-27 13:01:31.284941,1497544738_5707161163,12.6,6,21
2025-11-27 13:01:31.456842,1497544749_5706891499,20.34,20,113
2025-11-27 13:01:31.610151,1497544764_9980229913,21.49,32,191
2025-11-27 13:01:31.754660,1497544764_5706896622,27.49,11,84
2025-11-27 13:01:31.896776,1497544796_7301485388,24.89,117,809
2025-11-27 13:01:32.051084,1497544796_5704011299,23.54,191,1249
2025-11-27 13:01:32.179669,1497544796_1497544764,26.96,41,307
2025-11-27 13:01:32.322824,1498038039_420457653,9.04,51,128
2025-11-27 13:01:32.453956,1498111685_10180671333,13.5,4,15
2025-11-27 13:01:32.604082,1498111685_5716649671,11.83,14,46
2025-11-27 13:01:32.764918,1613087620_444875130,11.7,4,13
2025-11-27 13:01:32.967708,1613087620_5716616005,16.89,13,61
2025-11-27 13:01:33.103140,1613087622_1613087620,19.73,131,718
2025-11-27 13:01:33.245086,1613087622_444874859,24.0,3,20
2025-11-27 13:01:33.394585,1613087628_1613087622,12.24,5,17
2025-11-27 13:01:33.546245,1613087628_1495022225,20.7,8,46
2025-11-27 13:01:33.758095,1691398148_1881927756,23.58,255,1670
2025-11-27 13:01:33.898035,1692627215_6631796343,25.67,38,271
2025-11-27 13:01:34.087782,1692627215_1919720738,23.76,5,33
2025-11-27 13:01:34.232274,1699561405_1849738362,6.66,20,37
2025-11-27 13:01:34.401712,1699561405_5716544649,33.68,710,6642
2025-11-27 13:01:34.601753,1748294231_1219243636,7.2,7,14
2025-11-27 13:01:34.735118,1748294231_10203920328,21.15,8,47
2025-11-27 13:01:34.880213,1748294250_1748294257,7.2,7,14
2025-11-27 13:01:35.034880,1748294250_10203920324,21.11,22,129
2025-11-27 13:01:35.175721,1748294257_1748294250,7.2,7,14
2025-11-27 13:01:35.348170,1748294257_1919751060,18.36,60,306
2025-11-27 13:01:35.482006,1748294274_5710673974,18.15,118,595
2025-11-27 13:01:35.637181,1748294274_10542328776,4.94,35,48
2025-11-27 13:01:35.841865,1758170763_12024836052,28.03,14,109
2025-11-27 13:01:35.995096,1758170772_6648096523,8.4,6,14
2025-11-27 13:01:36.166795,1758170772_1495022225,9.36,35,91
2025-11-27 13:01:36.382749,1758629824_5683792676,15.6,3,13
2025-11-27 13:01:36.544561,1758631175_1314209699,20.4,3,17
2025-11-27 13:01:36.701544,1758631175_1884769979,18.0,8,40
2025-11-27 13:01:36.825506,1758633098_1758633108,27.6,3,23
2025-11-27 13:01:36.981480,1758633098_81805393,20.47,265,1507
2025-11-27 13:01:37.218043,1758633108_6659134174,46.8,2,26
2025-11-27 13:01:37.377497,1758633108_1758633112,23.29,79,511
2025-11-27 13:01:37.567745,1758633112_6659134172,21.18,199,1171
2025-11-27 13:01:37.719792,1758633112_1758633108,30.48,30,254
2025-11-27 13:01:37.895809,1758651218_6610574244,21.39,17,101
2025-11-27 13:01:38.063301,1758651218_6606566485,23.06,84,538
2025-11-27 13:01:38.265971,1838584736_1312650079,17.64,10,49
2025-11-27 13:01:38.416481,1838584736_1879088105,24.0,12,80
2025-11-27 13:01:38.577701,1849738362_1699561405,3.92,34,37
2025-11-27 13:01:38.797410,1849738362_5898769297,41.0,54,615
2025-11-27 13:01:39.001978,1878921396_6659072489,18.0,1,5
2025-11-27 13:01:39.145923,1878921403_5686426699,31.93,54,479
2025-11-27 13:01:39.284205,1878921403_5686426699,31.93,54,479
2025-11-27 13:01:39.459556,1878921405_1878921403,20.08,19,106
2025-11-27 13:01:39.601802,1878932244_1494041366,11.25,8,25
2025-11-27 13:01:39.787408,1878932244_420460217,19.48,34,184
2025-11-27 13:01:39.990217,1879088105_1879091755,29.31,14,114
2025-11-27 13:01:40.134195,1879088106_1879088105,22.6,18,113
2025-11-27 13:01:40.334982,1879088106_1838584736,13.73,145,553
2025-11-27 13:01:40.511651,1879088107_1879088108,25.44,15,106
2025-11-27 13:01:40.710278,1879088107_1312650077,8.62,33,79
2025-11-27 13:01:40.856536,1879088108_13322115743,36.12,29,291
2025-11-27 13:01:41.054100,1879091753_1879091756,12.96,15,54
2025-11-27 13:01:41.236225,1879091753_1475295085,37.15,72,743
2025-11-27 13:01:41.403625,1879091755_5898769297,13.29,155,572
2025-11-27 13:01:41.545814,1879091755_1699561405,29.77,74,612
2025-11-27 13:01:41.720931,1879091756_1879091753,17.62,163,798
2025-11-27 13:01:41.878401,1879091756_1879088107,29.78,11,91
2025-11-27 13:01:42.084822,1881927756_2302166519,14.4,4,16
2025-11-27 13:01:42.302772,1881927756_12375164794,43.2,1,12
2025-11-27 13:01:42.501672,1881927757_1881928008,6.5,72,130
2025-11-27 13:01:42.709479,1881927757_1881927759,6.3,52,91
2025-11-27 13:01:42.910661,1881927757_1748294231,3.43,43,41
2025-11-27 13:01:43.121854,1881927759_6687964478,19.76,204,1120
2025-11-27 13:01:43.264252,1881928007_1881928008,24.8,9,62
2025-11-27 13:01:43.458774,1881928007_1221053112,4.36,33,40
2025-11-27 13:01:43.668653,1881928008_1881927757,8.28,10,23
2025-11-27 13:01:43.816149,1881928008_13327548968,19.53,129,700
2025-11-27 13:01:44.031101,1881928278_10203920329,0.0,0,6
2025-11-27 13:01:44.182121,1881928278_6672531385,27.82,11,85
2025-11-27 13:01:44.363734,1881928279_1881928280,6.17,77,132
2025-11-27 13:01:44.574694,1881928279_1220930858,3.37,46,43
2025-11-27 13:01:44.727576,1881928280_6672531385,43.2,1,12
2025-11-27 13:01:44.930608,1881949102_1881949103,38.4,6,64
2025-11-27 13:01:45.064987,1881949102_4539675829,33.1,46,423
2025-11-27 13:01:45.283146,1881949103_1881949102,30.31,62,522
2025-11-27 13:01:45.445666,1881949103_11768052436,32.68,26,236
2025-11-27 13:01:45.587774,1884747787_4538405005,18.9,4,21
2025-11-27 13:01:45.804179,1884747789_1884747787,16.71,14,65
2025-11-27 13:01:45.974854,1884747789_3779255487,4.65,24,31
2025-11-27 13:01:46.187845,1884765798_6658429241,23.8,82,542
2025-11-27 13:01:46.378507,1884765802_1758629824,5.54,13,20
2025-11-27 13:01:46.521777,1884765802_5674347102,16.2,4,18
2025-11-27 13:01:46.697673,1884765806_1495020912,5.7,12,19
2025-11-27 13:01:46.841615,1884765806_1884765798,17.35,199,959
2025-11-27 13:01:47.036423,1884768305_1314209717,22.68,10,63
2025-11-27 13:01:47.288181,1884768305_1314209699,3.7,36,37
2025-11-27 13:01:47.499842,1884769977_6688503847,7.71,7,15
2025-11-27 13:01:47.639088,1884769977_1884769979,25.2,9,63
2025-11-27 13:01:47.779764,1884769979_6644672133,20.1,12,67
2025-11-27 13:01:48.072657,1884776799_445970799,17.86,101,501
2025-11-27 13:01:48.216352,1884776799_5954441639,17.93,147,732
2025-11-27 13:01:48.463910,1887748894_5875603186,23.14,7,45
2025-11-27 13:01:48.682050,1887751321_1312650077,12.9,12,43
2025-11-27 13:01:48.885398,1887751321_2185731481,25.2,8,56
2025-11-27 13:01:49.023891,1897734810_1897734813,16.65,8,37
2025-11-27 13:01:49.157881,1897734810_5710222979,5.49,217,331
2025-11-27 13:01:49.308742,1897734813_1897734810,19.03,7,37
2025-11-27 13:01:49.468214,1897734813_5093497429,18.76,19,99
2025-11-27 13:01:49.616386,1901865134_1901865135,19.2,6,32
2025-11-27 13:01:49.813875,1901865134_5710136485,23.26,26,168
2025-11-27 13:01:49.941758,1901865135_1901865134,22.84,169,1072
2025-11-27 13:01:50.079078,1901865135_5710673956,30.51,40,339
2025-11-27 13:01:50.323485,1904353550_1884776799,18.36,20,102
2025-11-27 13:01:50.518681,1904360482_2174649908,9.9,8,22
2025-11-27 13:01:50.722578,1904360482_106108917,21.99,55,336
2025-11-27 13:01:50.883493,1919720738_6641911209,0.0,0,6
2025-11-27 13:01:51.044968,1919750981_6631796343,25.92,5,36
2025-11-27 13:01:51.194135,1919750981_1919720738,23.66,7,46
2025-11-27 13:01:51.326944,1919751043_1919751060,32.4,2,18
2025-11-27 13:01:51.484550,1919751043_1748294250,12.7,89,314
2025-11-27 13:01:51.641882,1919751060_1954877845,32.4,2,18
2025-11-27 13:01:51.780477,1919751060_1919751043,10.8,6,18
2025-11-27 13:01:51.927269,1954877845_1919750981,26.8,9,67
2025-11-27 13:01:52.123211,2050902820_98031401,9.45,8,21
2025-11-27 13:01:52.279986,2050902820_6662639319,16.2,6,27
2025-11-27 13:01:52.415752,2050902827_445970127,5.2,9,13
2025-11-27 13:01:52.668733,2050902827_2050902836,31.89,14,124
2025-11-27 13:01:52.878776,2050902830_445970096,13.5,4,15
2025-11-27 13:01:53.032790,2050902830_2050902833,26.68,17,126
2025-11-27 13:01:53.254547,2050902832_2050902833,3.34,14,13
2025-11-27 13:01:53.471651,2050902832_445970096,23.8,18,119
2025-11-27 13:01:53.641319,2050902833_2050902827,25.84,17,122
2025-11-27 13:01:53.800684,2050902833_2050902832,5.85,8,13
2025-11-27 13:01:53.935990,2050902835_2050902836,7.2,8,16
2025-11-27 13:01:54.147178,2050902835_445970127,28.8,15,120
2025-11-27 13:01:54.288592,2050902836_2050902835,4.43,13,16
2025-11-27 13:01:54.486569,2050902836_5489009621,29.01,17,137
2025-11-27 13:01:54.633570,2053894358_8237661942,12.0,6,20
2025-11-27 13:01:54.859487,2053894358_2290010720,22.64,90,566
2025-11-27 13:01:55.066568,2084132002_5716649671,27.0,2,15
2025-11-27 13:01:55.202875,2084132003_5718871870,5.4,26,39
2025-11-27 13:01:55.388525,2084132003_5710673979,5.8,54,87
2025-11-27 13:01:55.582555,2084132003_98041849,3.19,35,31
2025-11-27 13:01:55.808567,2174649904_106108917,19.99,74,411
2025-11-27 13:01:55.982347,2174649904_2174649908,24.64,51,349
2025-11-27 13:01:56.202842,2174649908_1904360482,15.31,103,438
2025-11-27 13:01:56.332138,2174649908_4961341864,15.77,42,184
2025-11-27 13:01:56.462277,2175126932_6648227223,28.11,21,164
2025-11-27 13:01:56.690389,2175126939_2175126932,8.66,69,166
2025-11-27 13:01:56.819111,2175126939_444874857,4.64,38,49
2025-11-27 13:01:57.043687,2176926218_446030797,14.57,62,251
2025-11-27 13:01:57.172847,2176926218_6662241095,21.03,19,111
2025-11-27 13:01:57.399994,2176926218_5716616005,19.89,76,420
2025-11-27 13:01:57.586768,2185731222_1314191415,3.75,49,51
2025-11-27 13:01:57.744788,2185731222_436383687,7.03,127,248
2025-11-27 13:01:57.954968,2185731475_2185731477,30.24,10,84
2025-11-27 13:01:58.116993,2185731475_1312650079,7.46,28,58
2025-11-27 13:01:58.271478,2185731477_13327548965,28.8,21,168
2025-11-27 13:01:58.398432,2185731479_2185731481,32.4,9,81
2025-11-27 13:01:58.538088,2185731479_1887751321,4.1,50,57
2025-11-27 13:01:58.690302,2185731481_1879091753,34.8,12,116
2025-11-27 13:01:58.896749,2186671583_2186671586,2.7,12,9
2025-11-27 13:01:59.119735,2186671583_2291073251,5.23,42,61
2025-11-27 13:01:59.314479,2186671584_444398125,6.48,5,9
2025-11-27 13:01:59.466321,2186671584_2186671583,22.14,20,123
2025-11-27 13:01:59.681418,2186671585_2186671584,18.72,15,78
2025-11-27 13:01:59.868919,2186671586_2186671583,3.24,10,9
2025-11-27 13:02:00.026622,2186671586_444398125,16.56,30,138
2025-11-27 13:02:00.234855,2188036136_283139237,13.21,163,598
2025-11-27 13:02:00.439232,2188036136_444875375,6.13,74,126
2025-11-27 13:02:00.598024,2195296719_6644721587,0.0,0,4
2025-11-27 13:02:00.816094,2195296719_438036727,22.0,18,110
2025-11-27 13:02:01.082084,2195296719_309685730,16.91,145,681
2025-11-27 13:02:01.270798,2212544448_1314191436,6.17,7,12
2025-11-27 13:02:01.473648,2212544448_1314185648,19.1,46,244
2025-11-27 13:02:01.611187,2274969534_5828495464,4.5,12,15
2025-11-27 13:02:01.893888,2274969534_5718868836,28.05,43,335
2025-11-27 13:02:02.044979,2289976216_5718868836,24.59,100,683
2025-11-27 13:02:02.246483,2289976216_5828495464,25.51,47,333
2025-11-27 13:02:02.403051,2289997642_2289997644,4.4,9,11
2025-11-27 13:02:02.689541,2289997642_1314203102,12.37,39,134
2025-11-27 13:02:02.822621,2289997644_2289997642,13.2,3,11
2025-11-27 13:02:03.025275,2289997644_2289976216,23.83,21,139
2025-11-27 13:02:03.163699,2290010720_2290010722,6.3,8,14
2025-11-27 13:02:03.306294,2290010720_309595522,10.33,54,155
2025-11-27 13:02:03.582070,2290010722_2290010720,8.4,6,14
2025-11-27 13:02:03.778448,2290010722_8237661942,20.28,101,569
2025-11-27 13:02:04.031950,2291064324_319490613,23.2,18,116
2025-11-27 13:02:04.245833,2291064328_2291064324,21.6,10,60
2025-11-27 13:02:04.432106,2291064328_428673752,4.4,27,33
2025-11-27 13:02:04.652164,2291072469_317366886,8.64,5,12
2025-11-27 13:02:04.815198,2291072469_5710136488,15.82,167,734
2025-11-27 13:02:04.951797,2291072476_5710136485,10.8,6,18
2025-11-27 13:02:05.091516,2291072476_5710136487,28.8,4,32
2025-11-27 13:02:05.219485,2291073251_2291072469,9.9,8,22
2025-11-27 13:02:05.382500,2291073251_2291254030,26.85,35,261
2025-11-27 13:02:05.599575,2291254028_2291254030,13.6,9,34
2025-11-27 13:02:05.793276,2291254028_2291072469,12.79,74,263
2025-11-27 13:02:06.024636,2291254030_2291254028,22.86,180,1143
2025-11-27 13:02:06.151377,2291254030_444501637,29.74,42,347
2025-11-27 13:02:06.413994,2295384939_436388447,6.75,8,15
2025-11-27 13:02:06.561845,2295384939_5721511585,26.43,38,279
2025-11-27 13:02:06.708384,2302164518_2302164519,23.54,104,680
2025-11-27 13:02:06.858307,2302164518_5719031414,23.04,75,480
2025-11-27 13:02:06.994194,2302164519_2302164518,6.12,10,17
2025-11-27 13:02:07.128205,2302164519_12375164797,8.47,65,153
2025-11-27 13:02:07.311306,2302166519_1312645244,9.77,14,38
2025-11-27 13:02:07.518649,2302166519_1475295086,29.3,50,407
2025-11-27 13:02:07.647806,2303337176_1498038039,31.47,31,271
2025-11-27 13:02:07.792508,2326674277_5709923606,43.2,2,24
2025-11-27 13:02:08.004160,2326674277_2326674288,34.65,24,231
2025-11-27 13:02:08.197170,2326674281_5709923603,54.0,1,15
2025-11-27 13:02:08.348291,2326674281_1314191417,34.43,23,220
2025-11-27 13:02:08.544691,2326674288_4539674888,38.02,16,169
2025-11-27 13:02:08.757606,2570960524_12206582473,29.9,69,573
2025-11-27 13:02:08.913144,2570960524_5707647500,33.94,28,264
2025-11-27 13:02:09.073241,2584589542_5721511586,30.24,152,1277
2025-11-27 13:02:09.206112,2701058419_5716537675,13.25,50,184
2025-11-27 13:02:09.483668,2701184883_4539682086,18.7,31,161
2025-11-27 13:02:09.641612,3075526390_1919751043,28.8,3,24
2025-11-27 13:02:09.785500,3075526390_1954877845,23.6,9,59
2025-11-27 13:02:09.925375,3075526396_3075526390,27.45,8,61
2025-11-27 13:02:10.080246,3779255487_2701184883,16.84,291,1361
2025-11-27 13:02:10.259183,3779255487_5716537702,6.04,34,57
2025-11-27 13:02:10.444464,3779255494_4538405026,20.88,5,29
2025-11-27 13:02:10.729908,4004297090_1878921396,13.5,12,45
2025-11-27 13:02:10.854129,4004297090_1878921405,15.38,22,94
2025-11-27 13:02:11.077311,4025084971_6666128977,37.44,10,104
2025-11-27 13:02:11.240351,4025084971_4538571805,23.14,7,45
2025-11-27 13:02:11.434786,4025115175_5707407583,7.2,13,26
2025-11-27 13:02:11.563583,4025115175_5709996124,17.21,32,153
2025-11-27 13:02:11.700899,4027449781_6621078261,21.51,42,251
2025-11-27 13:02:11.906462,4106937190_4538404990,0.0,0,5
2025-11-27 13:02:12.106607,4538404990_13282498392,26.64,5,37
2025-11-27 13:02:12.300888,4538404991_4538405005,24.42,239,1621
2025-11-27 13:02:12.512445,4538404991_1221161727,22.52,475,2972
2025-11-27 13:02:12.671884,4538404998_3779255494,12.06,20,67
2025-11-27 13:02:12.805443,4538404998_1221161730,3.69,42,43
2025-11-27 13:02:12.937717,4538405005_4538405024,24.79,53,365
2025-11-27 13:02:13.074057,4538405006_1884747789,4.68,20,26
2025-11-27 13:02:13.228298,4538405006_2701184883,15.05,339,1417
2025-11-27 13:02:13.378894,4538405017_11700202516,32.74,53,482
2025-11-27 13:02:13.544320,4538405021_4538405024,40.3,77,862
2025-11-27 13:02:13.751785,4538405021_4538405061,32.12,418,3730
2025-11-27 13:02:13.944983,4538405024_6689058288,32.7,36,327
2025-11-27 13:02:14.122159,4538405026_4538405017,32.5,413,3728
2025-11-27 13:02:14.270188,4538405061_4538404998,28.8,3,24
2025-11-27 13:02:14.422475,4538405061_4106937190,6.93,160,308
2025-11-27 13:02:14.586637,4538405136_11768052437,30.45,72,609
2025-11-27 13:02:14.719021,4538405136_4538405137,33.6,63,588
2025-11-27 13:02:14.937711,4538405137_4540453395,13.82,25,96
2025-11-27 13:02:15.069853,4538571805_5707122780,37.55,188,1961
2025-11-27 13:02:15.217996,4538571805_4539675798,33.76,95,891
2025-11-27 13:02:15.371896,4538571806_4539675798,29.83,7,58
2025-11-27 13:02:15.517881,4538571806_5707122775,18.0,6,30
2025-11-27 13:02:15.770418,4538571818_1314191398,50.4,3,42
2025-11-27 13:02:15.910506,4539132150_4830545884,48.23,93,1246
2025-11-27 13:02:16.057408,4539132150_2326674277,29.77,26,215
2025-11-27 13:02:16.230269,4539132165_5716477055,18.09,38,191
2025-11-27 13:02:16.367079,4539674875_6621426593,25.2,9,63
2025-11-27 13:02:16.584028,4539674875_4539674879,7.41,35,72
2025-11-27 13:02:16.811342,4539674879_1314185677,20.54,17,97
2025-11-27 13:02:16.952322,4539674879_6628818468,26.74,7,52
2025-11-27 13:02:17.090330,4539674883_5716544649,41.02,33,376
2025-11-27 13:02:17.233807,4539674883_12606538099,56.08,95,1480
2025-11-27 13:02:17.407663,4539674888_1849738362,25.84,84,603
2025-11-27 13:02:17.542628,4539674888_3779255475,31.71,172,1515
2025-11-27 13:02:17.695781,4539675798_4538571805,33.7,407,3810
2025-11-27 13:02:17.826577,4539675798_5707122775,19.44,10,54
2025-11-27 13:02:17.969317,4539675798_10159724112,22.8,6,38
2025-11-27 13:02:18.166646,4539675829_444394912,24.65,26,178
2025-11-27 13:02:18.439913,4539682086_1881949103,28.8,55,440
2025-11-27 13:02:18.591781,4539682086_12606538104,26.52,60,442
2025-11-27 13:02:18.803208,4539684490_4539675829,30.53,50,424
2025-11-27 13:02:18.952744,4539684490_3779242655,54.47,91,1377
2025-11-27 13:02:19.153864,4540453369_4540453370,5.89,11,18
2025-11-27 13:02:19.303513,4540453370_4540453369,7.2,9,18
2025-11-27 13:02:19.514105,4540453370_5707271704,30.2,36,302
2025-11-27 13:02:19.655557,4540453378_5707271696,31.3,23,200
2025-11-27 13:02:19.784955,4540453393_4540453394,18.0,6,30
2025-11-27 13:02:19.957321,4540453393_10076263977,25.2,3,21
2025-11-27 13:02:20.149589,4540453394_5093497431,24.69,7,48
2025-11-27 13:02:20.312966,4540453394_4540453405,15.1,77,323
2025-11-27 13:02:20.462738,4540453395_4540453396,29.25,8,65
2025-11-27 13:02:20.599978,4540453395_4540453393,6.77,25,47
2025-11-27 13:02:20.819483,4540453396_4540453400,40.2,18,201
2025-11-27 13:02:21.098627,4540453399_10076263973,15.91,112,495
2025-11-27 13:02:21.220606,4540453399_5093497430,24.3,28,189
2025-11-27 13:02:21.443540,4540453400_444501629,13.99,349,1356
2025-11-27 13:02:21.656623,4540453404_10076263978,7.71,7,15
2025-11-27 13:02:21.835951,4540453404_4540453406,12.99,138,498
2025-11-27 13:02:21.972487,4540453405_4542621501,11.52,10,32
2025-11-27 13:02:22.120042,4540453405_10076263979,14.1,109,427
2025-11-27 13:02:22.261120,4540453406_4538405136,32.07,11,98
2025-11-27 13:02:22.417810,4541071715_4541071716,6.75,8,15
2025-11-27 13:02:22.628136,4541071715_6587550955,31.25,44,382
2025-11-27 13:02:22.802905,4541071716_4541071715,3.6,15,15
2025-11-27 13:02:23.011420,4541071716_10965136434,15.65,69,300
2025-11-27 13:02:23.184910,4541105058_5707271706,36.0,2,20
2025-11-27 13:02:23.339144,4541105059_4541105058,14.4,3,12
2025-11-27 13:02:23.539936,4541105059_11182265554,27.77,214,1651
2025-11-27 13:02:23.683566,4542621501_4540453393,9.77,14,38
2025-11-27 13:02:23.846848,4542621501_4540453406,24.0,6,40
2025-11-27 13:02:23.986543,4599745018_98027697,14.01,93,362
2025-11-27 13:02:24.177751,4599745018_10130533955,27.0,4,30
2025-11-27 13:02:24.348171,4599745018_7920618648,13.3,212,783
2025-11-27 13:02:24.572201,4600895552_10130533953,15.54,41,177
2025-11-27 13:02:24.708647,4600895552_6617292919,13.6,140,529
2025-11-27 13:02:24.927623,4830545876_6325815718,17.86,25,124
2025-11-27 13:02:25.067412,4830545876_5707122751,43.71,57,692
2025-11-27 13:02:25.300707,4830545884_106070559,57.7,37,593
2025-11-27 13:02:25.435701,4830545884_5707122751,38.03,23,243
2025-11-27 13:02:25.604407,4930425700_4930425704,39.6,21,231
2025-11-27 13:02:25.800350,4930425700_1314185585,51.05,44,624
2025-11-27 13:02:25.959095,4930425704_4025084971,57.6,2,32
2025-11-27 13:02:26.141811,4930438606_4830545876,52.2,2,29
2025-11-27 13:02:26.313753,4961341856_1497544719,10.22,105,298
2025-11-27 13:02:26.461808,4961341856_5707161154,20.62,11,63
2025-11-27 13:02:26.662418,4961341859_4961341860,9.56,122,324
2025-11-27 13:02:26.804913,4961341859_6661055809,5.58,20,31
2025-11-27 13:02:26.952493,4961341860_4961341865,8.03,13,29
2025-11-27 13:02:27.082463,4961341864_4961341859,7.85,11,24
2025-11-27 13:02:27.219366,4961341864_6685236291,26.35,22,161
2025-11-27 13:02:27.374767,4961341865_4961341864,17.08,82,389
2025-11-27 13:02:27.501921,4961341865_1904360482,21.25,31,183
2025-11-27 13:02:27.638661,5093497426_10076263973,28.64,23,183
2025-11-27 13:02:27.768892,5093497429_5093497426,18.98,11,58
2025-11-27 13:02:27.989574,5093497429_4540453405,7.6,18,38
2025-11-27 13:02:28.145870,5093497430_10076263976,3.2,27,24
2025-11-27 13:02:28.283869,5093497430_5093497431,27.6,9,69
2025-11-27 13:02:28.429151,5093497431_1897734810,16.11,21,94
2025-11-27 13:02:28.756931,5206119178_283139237,22.86,83,527
2025-11-27 13:02:28.964926,5206119178_420456683,22.17,182,1121
2025-11-27 13:02:29.117958,5485653490_5875623873,24.0,3,20
2025-11-27 13:02:29.285382,5485653490_6688490814,18.91,71,373
2025-11-27 13:02:29.558958,5485722628_6606566488,17.57,220,1074
2025-11-27 13:02:29.761835,5485722628_8341509537,22.61,64,402
2025-11-27 13:02:29.962287,5485722628_6610228314,9.0,24,60
2025-11-27 13:02:30.236401,5489009621_6677147310,23.4,4,26
2025-11-27 13:02:30.381809,5489009621_6677147301,21.6,24,144
2025-11-27 13:02:30.570209,5598303159_13282511305,0.0,0,5
2025-11-27 13:02:30.724021,5598303159_13282511304,38.7,72,774
2025-11-27 13:02:30.886435,5641890821_5641890822,25.05,193,1343
2025-11-27 13:02:31.043485,5641890821_6661487945,23.13,155,996
2025-11-27 13:02:31.200866,5641890822_5641890821,24.75,8,55
2025-11-27 13:02:31.405202,5641890822_5641890823,32.4,17,153
2025-11-27 13:02:31.538080,5641890823_10087376960,19.37,21,113
2025-11-27 13:02:31.678956,5641890823_11700202517,19.8,6,33
2025-11-27 13:02:31.852961,5645750065_9970440452,17.82,20,99
2025-11-27 13:02:31.996981,5645750065_9970440452,17.82,20,99
2025-11-27 13:02:32.266616,5674347102_1758629824,11.4,6,19
2025-11-27 13:02:32.424384,5674347102_7920618648,13.9,152,587
2025-11-27 13:02:32.584921,5683715143_1494041345,19.26,20,107
2025-11-27 13:02:32.796437,5683792676_1314209698,19.16,134,713
2025-11-27 13:02:32.929362,5683792676_98026475,19.2,9,48
2025-11-27 13:02:33.053450,5686426699_7985603148,35.2,9,88
2025-11-27 13:02:33.201511,5686449780_6688471376,31.05,8,69
2025-11-27 13:02:33.358948,5706891499_5706896622,23.93,122,811
2025-11-27 13:02:33.509890,5706891499_9980229913,24.6,12,82
2025-11-27 13:02:33.662951,5706896622_5706891499,11.25,8,25
2025-11-27 13:02:33.862767,5706896622_1497544738,9.75,55,149
2025-11-27 13:02:34.051636,5707122750_6677687648,31.54,362,3172
2025-11-27 13:02:34.177319,5707122750_1699561412,31.46,23,201
2025-11-27 13:02:34.389281,5707122751_6677687648,64.8,1,18
2025-11-27 13:02:34.530311,5707122775_10159724112,28.8,176,1408
2025-11-27 13:02:34.690364,5707122779_4538571806,35.82,20,199
2025-11-27 13:02:34.843887,5707122782_6677687639,29.1,24,194
2025-11-27 13:02:35.056750,5707161151_81806535,5.33,27,40
2025-11-27 13:02:35.281603,5707161153_1497544738,11.27,92,288
2025-11-27 13:02:35.505335,5707161153_5707161163,11.47,97,309
2025-11-27 13:02:35.722206,5707161153_1497544749,18.0,7,35
2025-11-27 13:02:35.855597,5707161154_8231491411,20.49,13,74
2025-11-27 13:02:36.011456,5707161162_1904353550,6.84,50,95
2025-11-27 13:02:36.202607,5707161162_1497544719,4.68,30,39
2025-11-27 13:02:36.358327,5707161163_5707161154,25.56,10,71
2025-11-27 13:02:36.502113,5707161163_4961341856,11.35,144,454
2025-11-27 13:02:36.633281,5707262958_6685466405,16.8,12,56
2025-11-27 13:02:36.845776,5707271696_4541105058,33.91,55,518
2025-11-27 13:02:37.045922,5707271700_5707271696,20.57,7,40
2025-11-27 13:02:37.186729,5707271703_5707271704,27.93,79,613
2025-11-27 13:02:37.370301,5707271703_4540453369,31.17,35,303
2025-11-27 13:02:37.568899,5707271704_5707271705,20.66,23,132
2025-11-27 13:02:37.718241,5707271705_4541105059,27.6,3,23
2025-11-27 13:02:37.872940,5707271705_12725862785,25.16,170,1188
2025-11-27 13:02:38.066290,5707271706_5707271705,26.88,118,881
2025-11-27 13:02:38.261136,5707271706_5707271703,29.7,16,132
2025-11-27 13:02:38.453613,5707407583_5707407590,22.8,3,19
2025-11-27 13:02:38.663226,5707407590_5707407591,7.2,7,14
2025-11-27 13:02:38.801343,5707407590_6670444529,28.05,43,335
2025-11-27 13:02:38.964733,5707407591_4025115175,15.12,5,21
2025-11-27 13:02:39.124556,5707407591_6685434573,25.2,25,175
2025-11-27 13:02:39.351098,5707647467_5707647500,26.27,198,1445
2025-11-27 13:02:39.487869,5707647467_12206582473,30.66,31,264
2025-11-27 13:02:39.624738,5707647500_5707647467,21.09,7,41
2025-11-27 13:02:39.803935,5707647500_6658364083,34.8,3,29
2025-11-27 13:02:40.075535,5707679597_11201648616,13.44,15,56
2025-11-27 13:02:40.255117,5709923601_1314185648,31.2,6,52
2025-11-27 13:02:40.433297,5709923602_1314191417,32.4,8,72
2025-11-27 13:02:40.612238,5709923603_5709923602,9.81,189,515
2025-11-27 13:02:40.744229,5709923603_6621357115,15.2,9,38
2025-11-27 13:02:40.953718,5709923606_1314185653,35.1,20,195
2025-11-27 13:02:41.085976,5709923606_6628818478,20.96,17,99
2025-11-27 13:02:41.276728,5709996124_5709996125,2.7,16,12
2025-11-27 13:02:41.501867,5709996124_448838032,6.02,149,249
2025-11-27 13:02:41.638094,5709996125_5709996124,4.8,9,12
2025-11-27 13:02:41.835834,5709996125_5707407583,13.26,41,151
2025-11-27 13:02:41.992337,5710098650_5716807750,11.25,8,25
2025-11-27 13:02:42.134467,5710098650_5717115613,35.36,28,275
2025-11-27 13:02:42.410282,5710136485_317778303,23.4,2,13
2025-11-27 13:02:42.620348,5710136487_1901865135,22.63,21,132
2025-11-27 13:02:42.792646,5710136488_5710136487,29.4,6,49
2025-11-27 13:02:42.928408,5710136488_2291072476,4.47,29,36
2025-11-27 13:02:43.081543,5710222979_2212544448,5.82,102,165
2025-11-27 13:02:43.303805,5710222986_5710222979,19.83,67,369
2025-11-27 13:02:43.440283,5710222986_3779255475,53.66,95,1416
2025-11-27 13:02:43.585249,5710222987_12606538099,25.37,64,451
2025-11-27 13:02:43.770338,5710222987_1897734813,25.01,390,2709
2025-11-27 13:02:43.918081,5710231827_1887748894,23.4,2,13
2025-11-27 13:02:44.069811,5710538391_5710538395,16.2,12,54
2025-11-27 13:02:44.236447,5710538391_11111175326,22.11,7,43
2025-11-27 13:02:44.440456,5710538395_5710691038,15.6,6,26
2025-11-27 13:02:44.591590,5710538395_5710691056,26.78,16,119
2025-11-27 13:02:44.811393,5710565212_5828999543,17.19,40,191
2025-11-27 13:02:45.016198,5710673956_5716670119,32.4,5,45
2025-11-27 13:02:45.208532,5710673956_2084132003,12.74,52,184
2025-11-27 13:02:45.392968,5710673974_5710673979,17.1,8,38
2025-11-27 13:02:45.603922,5710673974_98041257,7.2,11,22
2025-11-27 13:02:45.824239,5710673974_1748294274,18.15,118,595
2025-11-27 13:02:45.964366,5710673979_5710673992,30.6,22,187
2025-11-27 13:02:46.162753,5710673992_106078638,34.2,4,38
2025-11-27 13:02:46.295049,5710691038_5710538391,9.23,23,59
2025-11-27 13:02:46.426751,5710691038_5710691043,30.38,16,135
2025-11-27 13:02:46.589086,5710691044_5710691043,32.85,16,146
2025-11-27 13:02:46.739604,5710691044_5710691038,27.35,189,1436
2025-11-27 13:02:46.873303,5710691045_5710538395,8.96,49,122
2025-11-27 13:02:47.019914,5710691045_5710691056,36.36,20,202
2025-11-27 13:02:47.162061,5710691056_8462966000,29.52,5,41
2025-11-27 13:02:47.363232,5716241016_5716241017,22.95,8,51
2025-11-27 13:02:47.534321,5716241017_1881928278,23.68,161,1059
2025-11-27 13:02:47.665850,5716408768_1494035973,6.0,33,55
2025-11-27 13:02:47.832175,5716408768_6659134177,19.54,485,2632
2025-11-27 13:02:47.956697,5716408772_6659134177,22.11,7,43
2025-11-27 13:02:48.153634,5716477055_5716477056,24.58,105,717
2025-11-27 13:02:48.388207,5716477055_1495030950,25.03,43,299
2025-11-27 13:02:48.589326,5716477056_5716477055,6.8,18,34
2025-11-27 13:02:48.749884,5716477056_4539132150,18.38,38,194
2025-11-27 13:02:48.906978,5716537675_4538404990,8.64,20,48
2025-11-27 13:02:49.066203,5716537675_4538404991,17.4,6,29
2025-11-27 13:02:49.256248,5716537702_3779255494,19.8,8,44
2025-11-27 13:02:49.532652,5716537702_1221161730,10.8,14,42
2025-11-27 13:02:49.693557,5716544649_2326674281,33.0,18,165
2025-11-27 13:02:49.903123,5716616005_444875130,5.49,42,64
2025-11-27 13:02:50.117013,5716616005_2176926218,15.08,100,419
2025-11-27 13:02:50.273733,5716649671_5716670117,29.63,313,2576
2025-11-27 13:02:50.452149,5716670117_5718916301,32.65,29,263
2025-11-27 13:02:50.605981,5716670118_5716670117,32.49,199,1796
2025-11-27 13:02:50.752388,5716670118_5716670119,35.62,48,475
2025-11-27 13:02:50.951855,5716670119_5710673992,18.36,221,1127
2025-11-27 13:02:51.086868,5716670119_5716670118,27.2,144,1088
2025-11-27 13:02:51.242154,5716670621_5716670118,24.53,150,1022
2025-11-27 13:02:51.385666,5716670621_1498111685,30.83,23,197
2025-11-27 13:02:51.588742,5716670628_2084132002,7.07,28,55
2025-11-27 13:02:51.851353,5716670628_98041851,19.71,206,1128
2025-11-27 13:02:52.076005,5716807749_5717115613,28.29,71,558
2025-11-27 13:02:52.230729,5716807749_5716807750,33.12,30,276
2025-11-27 13:02:52.402687,5716807750_5710098650,25.71,183,1307
2025-11-27 13:02:52.559475,5716807750_6684737819,27.53,125,956
2025-11-27 13:02:52.710332,5717115613_5716807749,16.8,6,28
2025-11-27 13:02:52.835837,5717115613_4540453378,30.6,14,119
2025-11-27 13:02:53.058492,5718868836_2289976216,5.76,10,16
2025-11-27 13:02:53.203561,5718868836_2289997642,22.38,23,143
2025-11-27 13:02:53.401873,5718871870_283139229,14.53,193,779
2025-11-27 13:02:53.561090,5718871870_98041849,3.98,19,21
2025-11-27 13:02:53.771715,5718886024_1748294257,11.75,38,124
2025-11-27 13:02:53.901985,5718916274_5718916294,9.78,95,258
2025-11-27 13:02:54.091835,5718916274_10296445823,5.04,5,7
2025-11-27 13:02:54.227190,5718916291_12816414547,15.38,11,47
2025-11-27 13:02:54.431919,5718916291_98035472,7.01,19,37
2025-11-27 13:02:54.581651,5718916292_6650876736,14.41,286,1145
2025-11-27 13:02:54.772516,5718916292_12816414542,5.14,7,10
2025-11-27 13:02:54.977600,5718916293_5718916294,18.0,1,5
2025-11-27 13:02:55.141341,5718916294_98042270,25.04,44,306
2025-11-27 13:02:55.309781,5718916301_5718916302,14.92,208,862
2025-11-27 13:02:55.439483,5718916301_5718916291,7.92,15,33
2025-11-27 13:02:55.594781,5718916302_5718916301,8.84,11,27
2025-11-27 13:02:55.732004,5718916302_5716670621,30.77,31,265
2025-11-27 13:02:55.901194,5718946093_1748294274,6.35,17,30
2025-11-27 13:02:56.043984,5719031413_5719031414,13.2,9,33
2025-11-27 13:02:56.241952,5719031413_2302164519,24.34,71,480
2025-11-27 13:02:56.393547,5719031414_5719031413,27.79,71,548
2025-11-27 13:02:56.550384,5719031414_3075526396,29.31,21,171
2025-11-27 13:02:56.687557,5719125659_6648096524,44.4,3,37
2025-11-27 13:02:56.824065,5719125659_1758170772,23.96,67,446
2025-11-27 13:02:56.956376,5721511585_2584589542,40.32,5,56
2025-11-27 13:02:57.104381,5721511586_436388447,27.6,36,276
2025-11-27 13:02:57.236782,5828495464_2274969534,9.0,6,15
2025-11-27 13:02:57.390079,5828495464_5719125659,32.02,19,169
2025-11-27 13:02:57.528254,5828999542_5828999543,21.0,114,665
2025-11-27 13:02:57.745856,5828999542_1495025257,23.83,29,192
2025-11-27 13:02:57.908781,5828999543_5828999542,11.31,7,22
2025-11-27 13:02:58.107709,5828999543_6648227222,18.98,33,174
2025-11-27 13:02:58.248048,5831399053_6603014206,27.01,331,2483
2025-11-27 13:02:58.444107,5831399053_1494041374,34.8,66,638
2025-11-27 13:02:58.574048,5875603186_5645750065,26.1,12,87
2025-11-27 13:02:58.827773,5875603186_5206119178,23.2,63,406
2025-11-27 13:02:58.988250,5875623873_6677147301,22.5,4,25
2025-11-27 13:02:59.125159,5875623873_6677147310,18.23,16,81
2025-11-27 13:02:59.273420,5898769297_2185731475,36.55,13,132
2025-11-27 13:02:59.413655,5954441639_5954441640,3.6,8,8
2025-11-27 13:02:59.572705,5954441639_6659134171,27.0,14,105
2025-11-27 13:02:59.728024,5954441640_5954441639,1.92,15,8
2025-11-27 13:02:59.929148,5954441640_11201648616,21.22,57,336
2025-11-27 13:03:00.060755,5962836764_6325815718,47.62,57,754
2025-11-27 13:03:00.248668,5962836764_1314185585,40.07,23,256
2025-11-27 13:03:00.399339,6044465949_2701058419,20.23,76,427
2025-11-27 13:03:00.556415,6044465949_12606538104,18.1,277,1393
2025-11-27 13:03:00.685041,6325815718_6325815720,108.0,1,30
2025-11-27 13:03:00.879616,6325815720_4930438606,10.22,296,840
2025-11-27 13:03:01.057302,6325815720_2185731222,8.15,76,172
2025-11-27 13:03:01.265413,6405794494_6659134172,20.94,258,1501
2025-11-27 13:03:01.401084,6413551907_8341509537,25.2,2,14
2025-11-27 13:03:01.533076,6413551907_8341509535,20.4,12,68
2025-11-27 13:03:01.749858,6441639163_6689057478,26.88,30,224
2025-11-27 13:03:01.971352,6587550954_6587550955,5.2,9,13
2025-11-27 13:03:02.126746,6587550954_4541071716,27.36,50,380
2025-11-27 13:03:02.332540,6587550955_6587550954,3.34,14,13
2025-11-27 13:03:02.524372,6587550955_420456615,6.34,63,111
2025-11-27 13:03:02.730317,6587651051_1901865134,33.33,27,250
2025-11-27 13:03:02.922054,6600206282_13282498396,20.92,185,1075
2025-11-27 13:03:03.057882,6600206282_5598303159,28.38,17,134
2025-11-27 13:03:03.209626,6600206283_13282498396,22.86,160,1016
2025-11-27 13:03:03.353199,6600206283_2701058419,27.51,39,298
2025-11-27 13:03:03.507086,6601012241_6688570393,57.6,1,16
2025-11-27 13:03:03.669700,6601012241_6441639163,19.03,14,74
2025-11-27 13:03:03.818685,6603014206_10682258584,25.38,102,719
2025-11-27 13:03:03.965689,6603014206_6603014207,30.6,6,51
2025-11-27 13:03:04.130335,6603014207_6659072491,13.89,7,27
2025-11-27 13:03:04.279096,6603014207_6659072492,46.8,1,13
2025-11-27 13:03:04.413452,6606566485_10682258584,16.46,14,64
2025-11-27 13:03:04.609779,6606566485_6606566487,43.2,1,12
2025-11-27 13:03:04.766440,6606566485_1758651218,24.21,80,538
2025-11-27 13:03:04.896876,6606566487_6610228314,18.27,199,1010
2025-11-27 13:03:05.048440,6606566487_6606566485,43.2,1,12
2025-11-27 13:03:05.252842,6606566488_6606566487,18.0,12,60
2025-11-27 13:03:05.423630,6606566488_10682258584,24.0,3,20
2025-11-27 13:03:05.594764,6606566488_5485722628,19.24,201,1074
2025-11-27 13:03:05.757610,6610228314_10743484787,19.49,70,379
2025-11-27 13:03:05.929309,6610228314_6606566487,19.76,184,1010
2025-11-27 13:03:06.212465,6610228314_5485722628,8.17,26,59
2025-11-27 13:03:06.350425,6610574244_6659072491,20.85,24,139
2025-11-27 13:03:06.504960,6610574244_1758651218,23.52,15,98
2025-11-27 13:03:06.659217,6617292919_4600895552,15.89,58,256
2025-11-27 13:03:06.860108,6617292919_7985603136,4.24,34,40
2025-11-27 13:03:07.000167,6621078250_6621078251,5.2,9,13
2025-11-27 13:03:07.144029,6621078250_6621078260,31.35,31,270
2025-11-27 13:03:07.314829,6621078251_6621078250,3.9,12,13
2025-11-27 13:03:07.446947,6621078251_420456595,33.3,32,296
2025-11-27 13:03:07.600052,6621078260_6621078261,9.49,11,29
2025-11-27 13:03:07.739254,6621078260_2303337176,18.38,48,245
2025-11-27 13:03:07.881224,6621078261_6621078260,25.83,80,574
2025-11-27 13:03:08.087357,6621078261_420456583,31.3,23,200
2025-11-27 13:03:08.303627,6621357112_1314185653,54.0,2,30
2025-11-27 13:03:08.435181,6621357115_1314191420,5.18,41,59
2025-11-27 13:03:08.596029,6621357115_6621357112,15.67,17,74
2025-11-27 13:03:08.847219,6621426593_1314191414,32.4,2,18
2025-11-27 13:03:09.021580,6621426601_6621426593,11.06,125,384
2025-11-27 13:03:09.185634,6621426601_4539674879,4.89,39,53
2025-11-27 13:03:09.346095,6628818468_5709923601,27.6,9,69
2025-11-27 13:03:09.486394,6628818478_1314185677,3.94,42,46
2025-11-27 13:03:09.682543,6628818478_6628818468,8.47,145,341
2025-11-27 13:03:09.928859,6631796343_1692627215,31.2,3,26
2025-11-27 13:03:10.054559,6641911209_5719031413,33.16,19,175
2025-11-27 13:03:10.174502,6641911209_3075526396,25.71,7,50
2025-11-27 13:03:10.397758,6644672133_6644672135,20.57,49,280
2025-11-27 13:03:10.611678,6644672133_1884768305,9.97,26,72
2025-11-27 13:03:10.738682,6644672135_6644672133,19.76,51,280
2025-11-27 13:03:10.923429,6644672135_106111364,22.63,21,132
2025-11-27 13:03:11.117583,6644721587_2195296719,23.7,36,237
2025-11-27 13:03:11.303445,6644721587_11107112929,20.7,8,46
2025-11-27 13:03:11.491952,6647118933_2290010722,22.42,22,137
2025-11-27 13:03:11.653878,6647145130_8598733283,7.48,13,27
2025-11-27 13:03:11.786647,6647145130_5701309369,11.95,25,83
2025-11-27 13:03:12.005723,6648096523_1758170763,3.27,22,20
2025-11-27 13:03:12.218304,6648096523_1613087628,6.06,19,32
2025-11-27 13:03:12.375633,6648096524_6648096525,34.06,26,246
2025-11-27 13:03:12.550615,6648096524_12024836052,19.59,131,713
2025-11-27 13:03:12.738817,6648096525_6648096524,34.06,26,246
2025-11-27 13:03:12.928427,6648096525_5710565212,37.2,3,31
2025-11-27 13:03:13.139274,6648227219_2291254028,25.88,48,345
2025-11-27 13:03:13.279876,6648227221_6648227219,23.4,4,26
2025-11-27 13:03:13.482574,6648227221_6648227224,33.94,49,462
2025-11-27 13:03:13.621533,6648227222_6648227224,34.8,3,29
2025-11-27 13:03:13.899381,6648227222_2175126939,22.57,26,163
2025-11-27 13:03:14.041556,6648227223_5828999542,21.48,29,173
2025-11-27 13:03:14.177766,6648227224_6648227223,36.0,3,30
2025-11-27 13:03:14.344134,6648227224_6648227221,32.61,51,462
2025-11-27 13:03:14.559034,6650810650_444874859,9.6,36,96
2025-11-27 13:03:14.818163,6650810650_1613087620,5.28,15,22
2025-11-27 13:03:15.027893,6650876736_5718916292,6.29,202,353
2025-11-27 13:03:15.217329,6650876736_6650876740,9.98,566,1569
2025-11-27 13:03:15.412942,6650876740_6650876736,12.83,55,196
2025-11-27 13:03:15.612510,6650876740_634709500,18.7,272,1413
2025-11-27 13:03:15.820330,6650982900_6650982901,26.11,147,1066
2025-11-27 13:03:15.967555,6650982900_6648227219,26.45,23,169
2025-11-27 13:03:16.121198,6650982901_6650982900,8.88,45,111
2025-11-27 13:03:16.259440,6650982901_444875375,5.52,30,46
2025-11-27 13:03:16.483173,6651770209_6651770210,4.6,18,23
2025-11-27 13:03:16.633368,6651770209_444875374,12.0,165,550
2025-11-27 13:03:16.772209,6651770210_6651770209,18.25,185,938
2025-11-27 13:03:16.971710,6651770210_5716670628,16.9,85,399
2025-11-27 13:03:17.166054,6658429241_10130533935,26.45,147,1080
2025-11-27 13:03:17.302655,6658429241_11014094287,21.05,26,152
2025-11-27 13:03:17.503230,6659072489_5710231827,20.28,30,169
2025-11-27 13:03:17.651850,6659072490_6659072489,8.1,20,45
2025-11-27 13:03:17.875549,6659072490_1878921405,24.14,17,114
2025-11-27 13:03:18.016216,6659072491_6659072492,25.92,5,36
2025-11-27 13:03:18.153638,6659072491_6610574244,20.02,25,139
2025-11-27 13:03:18.312452,6659072492_6659072490,28.15,22,172
2025-11-27 13:03:18.469932,6659134171_1758633112,17.64,101,495
2025-11-27 13:03:18.623889,6659134171_1884769977,27.9,12,93
2025-11-27 13:03:18.837638,6659134172_5954441640,27.0,14,105
2025-11-27 13:03:18.984806,6659134174_5716408768,16.23,53,239
2025-11-27 13:03:19.202493,6659134177_1314209716,20.4,15,85
2025-11-27 13:03:19.401428,6661055809_2050902820,28.8,1,8
2025-11-27 13:03:19.597866,6661055810_6661055809,5.65,88,138
2025-11-27 13:03:19.745458,6661055810_4961341860,4.72,29,38
2025-11-27 13:03:19.900307,6661055813_6662639319,12.76,11,39
2025-11-27 13:03:20.040153,6661487944_6661487945,19.72,128,701
2025-11-27 13:03:20.179717,6661487944_5641890822,26.09,137,993
2025-11-27 13:03:20.301945,6661487945_6661487944,23.85,8,53
2025-11-27 13:03:20.491867,6661487945_12908782868,27.4,18,137
2025-11-27 13:03:20.622265,6662241086_6662241087,20.0,9,50
2025-11-27 13:03:20.804659,6662241086_4025115175,16.37,218,991
2025-11-27 13:03:20.936873,6662241087_6662241086,18.93,85,447
2025-11-27 13:03:21.061809,6662241087_6662241094,17.56,74,361
2025-11-27 13:03:21.209608,6662241094_6662241095,14.89,59,244
2025-11-27 13:03:21.336021,6662241094_446030797,11.11,35,108
2025-11-27 13:03:21.470442,6662241095_6662241094,19.44,5,27
2025-11-27 13:03:21.659396,6662241095_6662241086,17.29,76,365
2025-11-27 13:03:21.808040,6662639319_2050902830,21.12,15,88
2025-11-27 13:03:21.945469,6666128977_5962836764,61.2,1,17
2025-11-27 13:03:22.078775,6666479030_8598733283,0.0,0,4
2025-11-27 13:03:22.289475,6670444529_6670444530,28.34,71,559
2025-11-27 13:03:22.433804,6670444529_420456683,30.48,15,127
2025-11-27 13:03:22.626829,6670444530_6670444529,3.0,18,15
2025-11-27 13:03:22.748764,6670444530_12513272960,32.74,21,191
2025-11-27 13:03:22.915691,6672531385_12872373346,19.35,40,215
2025-11-27 13:03:23.066325,6677147301_5489009621,16.56,5,23
2025-11-27 13:03:23.257960,6677147301_2050902835,23.66,21,138
2025-11-27 13:03:23.456251,6677147310_5485653490,23.89,11,73
2025-11-27 13:03:23.647196,6677300866_309685730,16.46,91,416
2025-11-27 13:03:23.850659,6677300866_6677364041,18.0,10,50
2025-11-27 13:03:23.989640,6677338241_98026475,15.88,34,150
2025-11-27 13:03:24.140918,6677338241_1314209698,20.8,9,52
2025-11-27 13:03:24.400912,6677364041_2295384939,24.3,8,54
2025-11-27 13:03:24.566441,6677687639_5707122750,18.4,9,46
2025-11-27 13:03:24.725055,6677687639_4538571818,34.2,407,3866
2025-11-27 13:03:24.926466,6677687648_1314191405,0.0,0,10
2025-11-27 13:03:25.100034,6677687648_5707122750,22.5,8,50
2025-11-27 13:03:25.312261,6677895172_1494041352,23.52,335,2189
2025-11-27 13:03:25.509857,6677895172_1494041351,26.26,17,124
2025-11-27 13:03:25.733073,6677895176_1494041352,34.8,3,29
2025-11-27 13:03:25.899423,6677895176_1494041351,20.8,144,832
2025-11-27 13:03:26.028553,6684737819_4540453404,25.48,26,184
2025-11-27 13:03:26.157746,6684737819_4540453400,41.78,43,499
2025-11-27 13:03:26.289892,6685236291_6685236292,20.4,66,374
2025-11-27 13:03:26.425723,6685236291_8231491408,27.7,23,177
2025-11-27 13:03:26.585935,6685236292_6685236291,7.5,12,25
2025-11-27 13:03:26.731605,6685236292_4961341859,12.83,46,164
2025-11-27 13:03:26.950465,6685434573_6662241087,30.4,9,76
2025-11-27 13:03:27.148724,6687964478_442990465,16.46,150,686
2025-11-27 13:03:27.284116,6687964478_5716241017,19.35,8,43
2025-11-27 13:03:27.441056,6688471376_5686449780,15.97,224,994
2025-11-27 13:03:27.584448,6688471376_7920618647,12.39,84,289
2025-11-27 13:03:27.808323,6688490814_6647145130,5.63,23,36
2025-11-27 13:03:27.941983,6688490814_5485653490,23.61,34,223
2025-11-27 13:03:28.160268,6688503842_6405794494,24.0,3,20
2025-11-27 13:03:28.428360,6688503847_1758631175,10.08,10,28
2025-11-27 13:03:28.643021,6688503847_6688503842,7.4,18,37
2025-11-27 13:03:28.825398,6688570392_6441639163,21.6,3,18
2025-11-27 13:03:29.004540,6688570392_6688570393,28.16,67,524
2025-11-27 13:03:29.199903,6688570393_6688570397,33.4,36,334
2025-11-27 13:03:29.344986,6688570397_6688570401,14.7,12,49
2025-11-27 13:03:29.487407,6688570397_12600043488,30.24,5,42
2025-11-27 13:03:29.643425,6688570401_6688570392,29.79,40,331
2025-11-27 13:03:29.773855,6689057478_6689057484,36.0,3,30
2025-11-27 13:03:29.933628,6689057478_6689057482,18.51,7,36
2025-11-27 13:03:30.068195,6689057482_6601012241,34.35,24,229
2025-11-27 13:03:30.198735,6689057484_13206202825,29.42,35,286
2025-11-27 13:03:30.335789,6689058288_6689057482,32.4,2,18
2025-11-27 13:03:30.474274,6689058288_6689057484,24.12,10,67
2025-11-27 13:03:30.631313,7301485388_1497544796,8.1,12,27
2025-11-27 13:03:30.792530,7920618640_5683715143,23.08,73,468
2025-11-27 13:03:30.937089,7920618640_5683715143,23.08,73,468
2025-11-27 13:03:31.075285,7920618647_4599745018,22.5,4,25
2025-11-27 13:03:31.238279,7920618647_7920618648,17.55,8,39
2025-11-27 13:03:31.372572,7920618648_5674347102,13.04,162,587
2025-11-27 13:03:31.504575,7920618648_10130533955,12.18,13,44
2025-11-27 13:03:31.670875,7920618648_4599745018,13.26,209,770
2025-11-27 13:03:31.884715,7985603136_98027697,18.6,6,31
2025-11-27 13:03:32.039551,7985603136_10130533953,17.04,289,1368
2025-11-27 13:03:32.240785,7985603138_5686449780,25.94,39,281
2025-11-27 13:03:32.392970,7985603147_7985603148,22.26,331,2047
2025-11-27 13:03:32.576857,7985603147_7920618640,26.95,703,5263
2025-11-27 13:03:32.722372,7985603148_7985603147,36.28,13,131
2025-11-27 13:03:32.869140,7985603148_6617292919,24.84,20,138
2025-11-27 13:03:33.034001,8231491408_8231491411,11.39,116,367
2025-11-27 13:03:33.185161,8231491408_5707161162,20.75,17,98
2025-11-27 13:03:33.342954,8231491411_8231491408,3.78,20,21
2025-11-27 13:03:33.476611,8231491411_6685236292,26.06,25,181
2025-11-27 13:03:33.622081,8237661942_2053894358,5.54,13,20
2025-11-27 13:03:33.888809,8237661942_308728680,17.53,61,297
2025-11-27 13:03:34.049505,8242664547_11107112958,20.69,372,2138
2025-11-27 13:03:34.189408,8242664547_12174413404,25.2,8,56
2025-11-27 13:03:34.361195,8242664547_12559133535,20.42,363,2059
2025-11-27 13:03:34.512587,8295729267_3779242655,45.1,36,451
2025-11-27 13:03:34.745582,8295729267_6600206282,28.11,42,328
2025-11-27 13:03:34.898413,8341509535_10743484787,16.8,3,14
2025-11-27 13:03:35.061460,8341509537_5485722628,21.93,66,402
2025-11-27 13:03:35.201977,8341509537_6413551907,25.2,2,14
2025-11-27 13:03:35.393625,8462967636_5710691044,54.0,1,15
2025-11-27 13:03:35.581817,8598733283_6666479030,14.4,1,4
2025-11-27 13:03:35.729138,8598733283_6688490814,23.76,10,66
2025-11-27 13:03:35.904135,8823455179_6661055810,14.89,383,1584
2025-11-27 13:03:36.095132,8823455180_8823455179,8.28,10,23
2025-11-27 13:03:36.262891,8823455180_98031401,9.77,7,19
2025-11-27 13:03:36.403030,8921282801_10202001781,7.92,35,77
2025-11-27 13:03:36.537791,9576908879_1314203096,12.6,14,49
2025-11-27 13:03:36.750314,9970440452_12484632695,28.8,16,128
2025-11-27 13:03:36.899467,9980229913_1497544764,24.33,95,642
2025-11-27 13:03:37.085132,9980229913_7301485388,26.4,42,308
2025-11-27 13:03:37.241197,10076263973_5710098650,28.24,122,957
2025-11-27 13:03:37.386480,10076263976_10076263977,9.78,53,144
2025-11-27 13:03:37.589925,10076263976_4540453394,12.38,125,430
2025-11-27 13:03:37.751566,10076263977_4540453396,30.6,2,17
2025-11-27 13:03:37.905713,10076263978_10076263979,2.57,35,25
2025-11-27 13:03:38.049542,10076263978_4542621501,5.14,14,20
2025-11-27 13:03:38.246723,10076263979_5093497426,27.0,2,15
2025-11-27 13:03:38.370319,10087376960_5641890823,18.72,10,52
2025-11-27 13:03:38.502574,10087376960_5641890821,34.2,16,152
2025-11-27 13:03:38.710115,10100966682_12513272960,18.35,144,734
2025-11-27 13:03:38.853534,10100966682_6685434573,16.12,67,300
2025-11-27 13:03:39.123308,10130533935_1495023340,18.93,316,1662
2025-11-27 13:03:39.262390,10130533953_4600895552,14.5,151,608
2025-11-27 13:03:39.424842,10130533953_7985603138,12.9,12,43
2025-11-27 13:03:39.559160,10130533953_98027697,3.41,37,35
2025-11-27 13:03:39.691754,10130533955_7985603147,36.8,18,184
2025-11-27 13:03:39.894334,10151536198_2570960524,27.67,35,269
2025-11-27 13:03:40.054660,10159724112_6666128977,54.0,1,15
2025-11-27 13:03:40.256278,10180671333_420522002,32.4,6,54
2025-11-27 13:03:40.469987,10180671333_98041254,6.84,20,38
2025-11-27 13:03:40.601614,10202001781_1881927757,19.72,86,471
2025-11-27 13:03:40.811207,10203920310_1881928279,50.4,1,14
2025-11-27 13:03:40.969585,10203920310_5718886024,24.87,11,76
2025-11-27 13:03:41.113160,10203920324_10203920325,14.4,3,12
2025-11-27 13:03:41.268100,10203920324_1881928007,0.0,12,0
2025-11-27 13:03:41.543752,10203920325_5718886024,10.8,1,3
2025-11-27 13:03:41.685440,10203920328_1881927759,0.0,0,0
2025-11-27 13:03:41.827123,10203920329_10203920328,19.12,58,308
2025-11-27 13:03:42.017592,10203920329_1219243636,5.13,33,47
2025-11-27 13:03:42.234031,10296445822_10997686363,23.88,185,1227
2025-11-27 13:03:42.471717,10296445822_10296445824,15.72,397,1734
2025-11-27 13:03:42.672114,10296445822_309816683,15.72,389,1699
2025-11-27 13:03:42.798007,10296445823_309816683,7.8,18,39
2025-11-27 13:03:42.949922,10296445823_10296445822,5.4,34,51
2025-11-27 13:03:43.100316,10296445824_5718916302,25.2,5,35
2025-11-27 13:03:43.318528,10542328776_6685605986,18.51,7,36
2025-11-27 13:03:43.452028,10542328776_1748294274,6.17,28,48
2025-11-27 13:03:43.589536,10542328776_13023100784,23.29,83,537
2025-11-27 13:03:43.745745,10682258584_6603014206,24.65,105,719
2025-11-27 13:03:43.900852,10682258584_6606566488,24.0,3,20
2025-11-27 13:03:44.104994,10743484787_8341509535,25.2,2,14
2025-11-27 13:03:44.269769,10743484787_6610228314,21.32,64,379
2025-11-27 13:03:44.426138,10743484787_8341509537,15.6,15,65
2025-11-27 13:03:44.604087,10965136434_420456595,8.4,6,14
2025-11-27 13:03:44.730735,10965136434_6621078250,30.75,35,299
2025-11-27 13:03:44.877920,10997686363_10296445822,16.26,327,1477
2025-11-27 13:03:45.035727,10997686363_11107112927,21.09,7,41
2025-11-27 13:03:45.228273,11014094287_11014094288,12.03,35,117
2025-11-27 13:03:45.392103,11014094287_1884765802,17.54,164,799
2025-11-27 13:03:45.546928,11014094288_11014094287,14.07,11,43
2025-11-27 13:03:45.709157,11014094288_1495023340,27.36,20,152
2025-11-27 13:03:45.876611,11107112919_438036727,21.6,10,60
2025-11-27 13:03:46.031219,11107112919_12559133535,30.6,2,17
2025-11-27 13:03:46.315728,11107112923_10997686363,29.52,5,41
2025-11-27 13:03:46.446716,11107112923_11107112927,27.26,7,53
2025-11-27 13:03:46.579493,11107112927_11107112935,27.0,4,30
2025-11-27 13:03:46.726326,11107112929_11107112919,0.0,0,0
2025-11-27 13:03:46.863074,11107112935_11107112929,22.95,8,51
2025-11-27 13:03:47.015864,11107112935_6644721587,20.41,367,2081
2025-11-27 13:03:47.144071,11107112958_8242664547,18.44,165,845
2025-11-27 13:03:47.355116,11111175323_11111175326,31.8,6,53
2025-11-27 13:03:47.546084,11111175326_6600206283,34.12,111,1052
2025-11-27 13:03:47.713051,11182265554_4540453378,21.42,40,238
2025-11-27 13:03:47.865784,11182265554_5716807749,30.6,14,119
2025-11-27 13:03:48.021737,11201648616_445970799,17.82,80,396
2025-11-27 13:03:48.185490,11209721500_11209721504,20.16,10,56
2025-11-27 13:03:48.322178,11209721504_13322115744,38.95,44,476
2025-11-27 13:03:48.477754,11700202516_11700202517,21.42,20,119
2025-11-27 13:03:48.612482,11700202516_10087376960,39.6,3,33
2025-11-27 13:03:48.778936,11700202517_11700202516,13.8,12,46
2025-11-27 13:03:48.914157,11700202517_4538405021,30.17,58,486
2025-11-27 13:03:49.099332,11768052436_4538405137,41.4,2,23
2025-11-27 13:03:49.245558,11768052436_11768052437,13.8,12,46
2025-11-27 13:03:49.427690,11768052437_1881949102,36.0,24,240
2025-11-27 13:03:49.655553,11950483412_1884765806,4.11,21,24
2025-11-27 13:03:49.799608,11950483412_11950483417,5.29,32,47
2025-11-27 13:03:50.010265,11950483417_1314209717,36.0,1,10
2025-11-27 13:03:50.158974,12024836052_2274969534,27.0,22,165
2025-11-27 13:03:50.326423,12174413404_8242664547,20.31,358,2020
2025-11-27 13:03:50.546811,12206582473_2570960524,23.41,141,917
2025-11-27 13:03:50.692949,12206582473_6661487944,28.74,58,463
2025-11-27 13:03:50.892392,12357580642_12357580645,10.44,20,58
2025-11-27 13:03:51.142068,12357580642_421080868,5.56,22,34
2025-11-27 13:03:51.396440,12357580645_1497544736,14.85,8,33
2025-11-27 13:03:51.546977,12375164794_12768097335,23.4,2,13
2025-11-27 13:03:51.697974,12375164795_12375164794,11.67,33,107
2025-11-27 13:03:51.854017,12375164795_2302166519,0.0,0,7
2025-11-27 13:03:52.004786,12375164797_1691398148,5.66,7,11
2025-11-27 13:03:52.149684,12375164797_12375164798,9.43,42,110
2025-11-27 13:03:52.289522,12375164798_2302164518,25.2,21,147
2025-11-27 13:03:52.483218,12484632695_12484632696,29.7,52,429
2025-11-27 13:03:52.610869,12484632695_12600043494,31.07,19,164
2025-11-27 13:03:52.749589,12484632696_5831399053,33.02,29,266
2025-11-27 13:03:52.890440,12513272960_10100966682,46.8,1,13
2025-11-27 13:03:53.109470,12513272960_5707407591,9.93,54,149
2025-11-27 13:03:53.311718,12559133535_11107112958,30.4,9,76
2025-11-27 13:03:53.477244,12559133535_8242664547,24.83,29,200
2025-11-27 13:03:53.764626,12600043488_12484632696,30.42,20,169
2025-11-27 13:03:53.915793,12600043494_6688570401,35.28,5,49
2025-11-27 13:03:54.063445,12600043494_12600043488,28.8,12,96
2025-11-27 13:03:54.204660,12606538099_4539684490,42.63,38,450
2025-11-27 13:03:54.342455,12606538104_5710222986,16.17,120,539
2025-11-27 13:03:54.530312,12725862784_4541105059,22.32,191,1184
2025-11-27 13:03:54.658441,12725862785_12725862784,18.9,4,21
2025-11-27 13:03:54.881857,12725862785_10151536198,25.71,7,50
2025-11-27 13:03:55.011738,12768097332_1881927756,6.55,11,20
2025-11-27 13:03:55.168130,12768097332_12768097335,9.0,18,45
2025-11-27 13:03:55.309422,12816414542_5718916293,23.85,8,53
2025-11-27 13:03:55.453139,12816414542_98035472,7.42,112,231
2025-11-27 13:03:55.635996,12816414547_5718916292,12.6,4,14
2025-11-27 13:03:55.904646,12872373345_12872373346,8.0,9,20
2025-11-27 13:03:56.040923,12872373345_10203920310,16.8,45,210
2025-11-27 13:03:56.175589,12872373346_12872373345,10.29,7,20
2025-11-27 13:03:56.363130,12872373346_1219243660,13.42,11,41
2025-11-27 13:03:56.562733,12908782868_10151536198,28.8,7,56
2025-11-27 13:03:56.721912,12908782868_12725862784,36.0,5,50
2025-11-27 13:03:56.922229,13023100784_10542328776,19.14,101,537
2025-11-27 13:03:57.141012,13023100784_13023100793,0.0,4,0
2025-11-27 13:03:57.282182,13023100793_13023100794,0.0,0,1
2025-11-27 13:03:57.456149,13023100793_420456583,16.65,157,726
2025-11-27 13:03:57.660155,13023100794_442993523,17.33,75,361
2025-11-27 13:03:57.822016,13023100794_13023100784,0.0,0,1
2025-11-27 13:03:58.037857,13206202825_4538405017,37.59,86,898
2025-11-27 13:03:58.171258,13206202825_4538405006,31.99,44,391
2025-11-27 13:03:58.313094,13282498392_8295729267,29.52,15,123
2025-11-27 13:03:58.460115,13282498392_13282498396,35.76,45,447
2025-11-27 13:03:58.658415,13282498396_6600206282,20.93,183,1064
2025-11-27 13:03:58.788168,13282498396_6600206283,10.58,16,47
2025-11-27 13:03:58.995031,13282498396_13282511305,30.15,16,134
2025-11-27 13:03:59.128431,13282511304_5710691045,36.51,7,71
2025-11-27 13:03:59.253605,13282511305_5598303159,0.0,0,5
2025-11-27 13:03:59.474666,13282511305_13282511304,37.9,74,779
2025-11-27 13:03:59.607096,13322115743_13322115744,27.21,140,1058
2025-11-27 13:03:59.764348,13322115743_5707262958,27.46,62,473
2025-11-27 13:03:59.939345,13322115744_13322115743,20.91,141,819
2025-11-27 13:04:00.207932,13322115744_1879088106,31.84,32,283
2025-11-27 13:04:00.357815,13327548965_13327548966,34.2,2,19
2025-11-27 13:04:00.521410,13327548966_10202001781,14.34,57,227
2025-11-27 13:04:00.711041,13327548966_13327548968,17.68,80,393
2025-11-27 13:04:00.845059,13327548967_2185731479,25.5,24,170
2025-11-27 13:04:01.006268,13327548967_13327548965,15.0,137,571
2025-11-27 13:04:01.167604,13327548968_13327548967,17.28,5,24
2025-11-27 13:06:01.350041,81805393_11950483412,4.15,13,15
2025-11-27 13:06:01.533760,81805393_1884765798,15.89,210,927
2025-11-27 13:06:01.670702,81806535_1497544749,13.68,10,38
2025-11-27 13:06:01.801465,81806535_5707161153,9.13,114,289
2025-11-27 13:06:01.941156,98026475_6677338241,18.42,120,614
2025-11-27 13:06:02.138116,98027697_4599745018,11.16,10,31
2025-11-27 13:06:02.379484,98027697_7985603138,21.6,6,36
2025-11-27 13:06:02.540083,98027697_10130533953,16.85,154,721
2025-11-27 13:06:02.734789,98031401_6661055810,0.0,12,0
2025-11-27 13:06:02.897629,98031401_8823455179,10.03,98,273
2025-11-27 13:06:03.046443,98035472_309816683,16.35,159,722
2025-11-27 13:06:03.187741,98035472_12816414547,15.11,214,898
2025-11-27 13:06:03.356819,98035472_5718916293,18.45,8,41
2025-11-27 13:06:03.549269,98041254_420456615,9.36,5,13
2025-11-27 13:06:03.684393,98041254_420522002,24.48,5,34
2025-11-27 13:06:03.951330,98041257_98041849,10.44,10,29
2025-11-27 13:06:04.161836,98041257_5710673974,19.8,4,22
2025-11-27 13:06:04.398225,98041257_5710673979,32.4,3,27
2025-11-27 13:06:04.557682,98041849_98041257,9.49,11,29
2025-11-27 13:06:04.771584,98041849_5718871870,15.12,5,21
2025-11-27 13:06:04.954684,98041849_733429120,8.67,27,65
2025-11-27 13:06:05.107065,98041851_98041254,22.3,169,1047
2025-11-27 13:06:05.237242,98041851_2084132002,34.2,4,38
2025-11-27 13:06:05.428462,98042270_309816682,17.8,125,618
2025-11-27 13:06:05.626715,98042270_6677300866,19.37,55,296
2025-11-27 13:06:05.833641,106078638_6587651051,36.0,5,50
2025-11-27 13:06:05.992318,106078638_442990465,25.71,7,50
2025-11-27 13:06:06.124219,106108917_2174649904,8.26,17,39
2025-11-27 13:06:06.257874,106108917_2176926218,23.34,91,590
2025-11-27 13:06:06.450776,106111364_6644672135,22.86,20,127
2025-11-27 13:06:06.637690,106111364_446030797,15.61,215,932
2025-11-27 13:06:06.775043,283139229_444875375,9.0,8,20
2025-11-27 13:06:06.920332,283139229_5718871870,18.09,155,779
2025-11-27 13:06:07.171167,283139229_6650982900,27.0,6,45
2025-11-27 13:06:07.338268,283139237_5206119178,21.81,87,527
2025-11-27 13:06:07.469059,283139237_2188036136,25.08,30,209
2025-11-27 13:06:07.669238,308728680_1314203102,10.2,6,17
2025-11-27 13:06:07.880230,308728680_310729950,17.26,181,868
2025-11-27 13:06:08.056569,308728680_2289997644,20.19,23,129
2025-11-27 13:06:08.256716,309595522_6666479030,9.49,11,29
2025-11-27 13:06:08.485094,309685730_6677300866,20.88,5,29
2025-11-27 13:06:08.675042,309685730_2195296719,19.15,128,681
2025-11-27 13:06:08.809166,309685730_309816682,19.54,56,304
2025-11-27 13:06:08.951545,309816682_98042270,9.36,10,26
2025-11-27 13:06:09.186159,309816682_5718916274,16.07,69,308
2025-11-27 13:06:09.353234,309816683_98035472,9.64,62,166
2025-11-27 13:06:09.538746,309816683_10296445822,13.74,236,901
2025-11-27 13:06:09.692744,309816683_10296445824,15.75,8,35
2025-11-27 13:06:09.911118,310729950_6677364041,6.32,37,65
2025-11-27 13:06:10.047621,310729950_6677300866,6.1,23,39
2025-11-27 13:06:10.202369,317366886_444501629,9.45,8,21
2025-11-27 13:06:10.421683,317366886_4540453399,18.98,147,775
2025-11-27 13:06:10.632908,317778303_427847910,9.0,8,20
2025-11-27 13:06:10.831269,317778303_5716477056,33.2,36,332
2025-11-27 13:06:11.089475,319490613_1104490487,25.45,131,926
2025-11-27 13:06:11.273927,420456583_6621078251,24.92,13,90
2025-11-27 13:06:11.407388,420456583_13023100793,16.29,19,86
2025-11-27 13:06:11.603975,420456595_10965136434,2.4,21,14
2025-11-27 13:06:11.744711,420456595_4541071715,14.35,75,299
2025-11-27 13:06:11.963984,420456615_733429120,18.0,6,30
2025-11-27 13:06:12.115408,420456615_98041257,8.32,29,67
2025-11-27 13:06:12.262900,420456683_5710231827,19.56,104,565
2025-11-27 13:06:12.496417,420456683_5206119178,13.45,19,71
2025-11-27 13:06:12.632655,420456683_1878932244,28.2,18,141
2025-11-27 13:06:12.898749,420457653_11107112923,30.0,36,300
2025-11-27 13:06:13.120094,420460217_1878921396,20.52,314,1790
2025-11-27 13:06:13.254078,420460217_4004297090,4.5,60,75
2025-11-27 13:06:13.455583,420522002_6587550954,29.6,9,74
2025-11-27 13:06:13.629588,421080868_4961341856,10.47,11,32
2025-11-27 13:06:13.771907,421080868_12357580645,14.47,102,410
2025-11-27 13:06:13.932361,427847910_2291072476,13.5,4,15
2025-11-27 13:06:14.263746,427847910_1495030951,21.6,6,36
2025-11-27 13:06:14.475981,428673752_421080868,13.62,83,314
2025-11-27 13:06:14.631870,428673752_2291064324,18.0,10,50
2025-11-27 13:06:14.856389,436383687_5710222987,30.13,19,159
2025-11-27 13:06:14.996576,436388447_2295384939,4.5,12,15
2025-11-27 13:06:15.131341,436388447_309685730,11.16,30,93
2025-11-27 13:06:15.275269,442990465_106078638,18.3,84,427
2025-11-27 13:06:15.409130,442990465_6687964478,14.53,170,686
2025-11-27 13:06:15.563608,442990465_6587651051,15.94,7,31
2025-11-27 13:06:15.764415,442993523_13023100794,19.4,67,361
2025-11-27 13:06:15.934086,444394912_2701184883,17.2,287,1371
2025-11-27 13:06:16.124538,444394912_4538405026,27.26,14,106
2025-11-27 13:06:16.283538,444394912_5716537702,5.54,39,60
2025-11-27 13:06:16.509236,444398125_444393381,18.38,19,97
2025-11-27 13:06:16.656594,444398125_2186671584,4.63,7,9
2025-11-27 13:06:16.795470,444501629_2291073251,12.96,5,18
2025-11-27 13:06:16.996090,444501629_2186671586,15.67,17,74
2025-11-27 13:06:17.148271,444501637_6648227221,46.8,2,26
2025-11-27 13:06:17.308245,444501637_6650982901,29.31,21,171
2025-11-27 13:06:17.519309,444874857_444875374,7.65,8,17
2025-11-27 13:06:17.685755,444874857_6651770210,28.8,45,360
2025-11-27 13:06:17.878375,444874859_6650810650,22.26,109,674
2025-11-27 13:06:18.011519,444874859_5710565212,25.2,19,133
2025-11-27 13:06:18.221220,444875109_448838032,16.2,4,18
2025-11-27 13:06:18.388900,444875109_5709996125,13.81,115,441
2025-11-27 13:06:18.532470,444875130_1613087628,18.0,4,20
2025-11-27 13:06:18.712050,444875130_1758170763,27.9,4,31
2025-11-27 13:06:18.848068,444875374_444875109,13.34,44,163
2025-11-27 13:06:18.975569,444875374_283139229,16.43,16,73
2025-11-27 13:06:19.131911,444875375_283139229,10.29,7,20
2025-11-27 13:06:19.347038,444875375_444875109,14.2,18,71
2025-11-27 13:06:19.545517,444875375_2188036136,23.01,105,671
2025-11-27 13:06:19.694070,445970096_2050902830,13.5,4,15
2025-11-27 13:06:19.912780,445970096_8823455180,6.89,46,88
2025-11-27 13:06:20.056647,445970127_2050902827,11.7,4,13
2025-11-27 13:06:20.189282,445970127_2050902832,28.56,15,119
2025-11-27 13:06:20.332393,445970799_1884776799,14.96,149,619
2025-11-27 13:06:20.522758,445970799_2291064328,15.81,23,101
2025-11-27 13:06:20.683400,446030797_2176926218,15.6,6,26
2025-11-27 13:06:20.841108,446030797_2174649904,20.64,101,579
2025-11-27 13:06:20.998627,446030797_106111364,18.63,46,238
2025-11-27 13:06:21.218351,448838032_444874857,13.68,5,19
2025-11-27 13:06:21.418472,448838032_2175126932,22.5,8,50
2025-11-27 13:06:21.628056,634709500_1613087622,17.81,301,1489
2025-11-27 13:06:21.767227,634709500_6650876740,22.02,17,104
2025-11-27 13:06:21.908661,733429120_98041851,12.24,5,17
2025-11-27 13:06:22.134572,733429120_6651770209,34.64,45,433
2025-11-27 13:06:22.276686,1104490487_319490613,8.1,8,18
2025-11-27 13:06:22.489471,1104490487_12357580642,23.79,163,1077
2025-11-27 13:06:22.623367,1219243636_1220930858,12.96,5,18
2025-11-27 13:06:22.793675,1219243636_1881928280,21.6,7,42
2025-11-27 13:06:22.948809,1219243660_12872373346,10.54,14,41
2025-11-27 13:06:23.123218,1220930858_1221053112,6.3,8,14
2025-11-27 13:06:23.257873,1220930858_10203920325,27.0,6,45
2025-11-27 13:06:23.457732,1220930867_12872373345,15.05,11,46
2025-11-27 13:06:23.593846,1221053112_1748294231,10.8,6,18
2025-11-27 13:06:23.760372,1221053112_1881928008,25.8,6,43
2025-11-27 13:06:23.945604,1221161727_1884747787,18.0,6,30
2025-11-27 13:06:24.117156,1221161727_3779255487,22.97,242,1544
2025-11-27 13:06:24.258997,1221161730_4106937190,21.6,11,66
2025-11-27 13:06:24.401935,1221161730_1221161727,4.16,45,52
2025-11-27 13:06:24.606196,1312645244_1691398148,15.6,3,13
2025-11-27 13:06:24.764537,1312645244_12375164798,13.2,3,11
2025-11-27 13:06:24.908746,1312650077_1838584736,17.1,4,19
2025-11-27 13:06:25.059042,1312650077_1879088108,20.33,164,926
2025-11-27 13:06:25.191759,1312650079_1887751321,18.0,4,20
2025-11-27 13:06:25.353333,1312650079_2185731477,26.55,8,59
2025-11-27 13:06:25.537212,1314185585_4539132165,45.36,100,1260
2025-11-27 13:06:25.694812,1314185648_4539132165,28.13,27,211
2025-11-27 13:06:25.908987,1314185653_2326674288,43.2,1,12
2025-11-27 13:06:26.175193,1314185677_1314191420,24.17,171,1148
2025-11-27 13:06:26.309192,1314185677_6621357112,28.87,145,1163
2025-11-27 13:06:26.489993,1314191398_106070559,34.6,420,4037
2025-11-27 13:06:26.692627,1314191405_5707122750,34.12,407,3857
2025-11-27 13:06:26.851059,1314191405_4538571818,40.2,6,67
2025-11-27 13:06:27.013933,1314191414_436383687,24.48,5,34
2025-11-27 13:06:27.151112,1314191415_1314191414,7.93,74,163
2025-11-27 13:06:27.277643,1314191415_4539674875,4.7,62,81
2025-11-27 13:06:27.456973,1314191417_4930438606,39.6,14,154
2025-11-27 13:06:27.627106,1314191420_4539674875,8.37,46,107
2025-11-27 13:06:27.765287,1314191420_5709923602,10.65,141,417
2025-11-27 13:06:27.943698,1314191436_6621426601,4.75,25,33
2025-11-27 13:06:28.078873,1314191436_5709923601,21.12,30,176
2025-11-27 13:06:28.279149,1314203096_2053894358,20.81,41,237
2025-11-27 13:06:28.411402,1314203102_308728680,17.57,126,615
2025-11-27 13:06:28.629981,1314203102_1314203096,17.02,11,52
2025-11-27 13:06:28.871040,1314209691_1495020912,14.87,237,979
2025-11-27 13:06:29.016762,1314209691_6405794494,9.52,31,82
2025-11-27 13:06:29.161400,1314209698_1884765802,16.2,4,18
2025-11-27 13:06:29.299536,1314209698_11014094288,24.0,6,40
2025-11-27 13:06:29.581258,1314209699_11950483417,22.32,5,31
2025-11-27 13:06:29.728178,1314209699_1884765806,16.43,193,881
2025-11-27 13:06:29.858866,1314209716_6677895172,28.8,28,224
2025-11-27 13:06:30.036417,1314209716_1887748894,21.92,159,968
2025-11-27 13:06:30.242458,1314209717_6659134174,25.2,15,105
2025-11-27 13:06:30.440354,1475295085_1475295086,21.6,8,48
2025-11-27 13:06:30.578840,1475295085_1312645244,19.39,75,404
2025-11-27 13:06:30.735038,1475295086_1475295085,25.92,321,2311
2025-11-27 13:06:30.945606,1475295086_1879091756,36.05,77,771
2025-11-27 13:06:31.101122,1494041345_6677895176,20.16,5,28
2025-11-27 13:06:31.243295,1494041345_4004297090,7.42,50,103
2025-11-27 13:06:31.454534,1494041351_1494041366,33.12,20,184
2025-11-27 13:06:31.600768,1494041352_1494041374,29.05,29,234
2025-11-27 13:06:31.742878,1494041366_1878932244,23.11,86,552
2025-11-27 13:06:31.881168,1494041366_6670444530,30.04,32,267
2025-11-27 13:06:32.090101,1494041374_1758633098,16.87,83,389
2025-11-27 13:06:32.213189,1495020912_1758631175,15.0,6,25
2025-11-27 13:06:32.349510,1495020912_6688503842,20.16,5,28
2025-11-27 13:06:32.542781,1495022225_634709500,20.7,4,23
2025-11-27 13:06:32.737207,1495023340_1314209691,20.83,93,538
2025-11-27 13:06:32.874472,1495025257_6648096525,37.2,3,31
2025-11-27 13:06:33.019287,1495025257_6650810650,21.93,22,134
2025-11-27 13:06:33.154446,1495030950_1495030951,17.67,11,54
2025-11-27 13:06:33.349602,1495030950_427847910,7.4,18,37
2025-11-27 13:06:33.565745,1495030951_317366886,14.26,185,733
2025-11-27 13:06:33.728354,1497544719_428673752,6.48,20,36
2025-11-27 13:06:33.859395,1497544719_1904353550,10.08,20,56
2025-11-27 13:06:33.999848,1497544736_5707161153,15.6,6,26
2025-11-27 13:06:34.266050,1497544736_5707161151,14.4,25,100
2025-11-27 13:06:34.416082,1497544738_5707161163,15.12,5,21
2025-11-27 13:06:34.563518,1497544749_5706891499,19.37,21,113
2025-11-27 13:06:34.703946,1497544764_9980229913,21.49,32,191
2025-11-27 13:06:34.834896,1497544764_5706896622,27.49,11,84
2025-11-27 13:06:34.981191,1497544796_7301485388,25.11,116,809
2025-11-27 13:06:35.208998,1497544796_5704011299,23.54,191,1249
2025-11-27 13:06:35.345271,1497544796_1497544764,28.34,39,307
2025-11-27 13:06:35.567384,1498038039_420457653,9.4,49,128
2025-11-27 13:06:35.790759,1498111685_10180671333,10.8,5,15
2025-11-27 13:06:35.948374,1498111685_5716649671,12.74,13,46
2025-11-27 13:06:36.208963,1613087620_444875130,7.8,6,13
2025-11-27 13:06:36.401123,1613087620_5716616005,16.89,13,61
2025-11-27 13:06:36.540201,1613087622_1613087620,19.43,133,718
2025-11-27 13:06:36.669985,1613087622_444874859,24.0,3,20
2025-11-27 13:06:36.823989,1613087628_1613087622,12.24,5,17
2025-11-27 13:06:37.019608,1613087628_1495022225,18.4,9,46
2025-11-27 13:06:37.242291,1691398148_1881927756,23.48,256,1670
2025-11-27 13:06:37.478602,1692627215_6631796343,25.67,38,271
2025-11-27 13:06:37.734578,1692627215_1919720738,23.76,5,33
2025-11-27 13:06:37.926260,1699561405_1849738362,7.84,17,37
2025-11-27 13:06:38.129073,1699561405_5716544649,33.96,704,6642
2025-11-27 13:06:38.266161,1748294231_1219243636,7.2,7,14
2025-11-27 13:06:38.399313,1748294231_10203920328,21.15,8,47
2025-11-27 13:06:38.599221,1748294250_1748294257,8.4,6,14
2025-11-27 13:06:38.741478,1748294250_10203920324,22.11,21,129
2025-11-27 13:06:38.918011,1748294257_1748294250,8.4,6,14
2025-11-27 13:06:39.104435,1748294257_1919751060,18.99,58,306
2025-11-27 13:06:39.363878,1748294274_5710673974,17.85,120,595
2025-11-27 13:06:39.637534,1748294274_10542328776,4.8,36,48
2025-11-27 13:06:39.847603,1758170763_12024836052,26.16,15,109
2025-11-27 13:06:39.989015,1758170772_6648096523,7.2,7,14
2025-11-27 13:06:40.210548,1758170772_1495022225,9.1,36,91
2025-11-27 13:06:40.417716,1758629824_5683792676,15.6,3,13
2025-11-27 13:06:40.569171,1758631175_1314209699,20.4,3,17
2025-11-27 13:06:40.777672,1758631175_1884769979,18.0,8,40
2025-11-27 13:06:40.991224,1758633098_1758633108,27.6,3,23
2025-11-27 13:06:41.214640,1758633098_81805393,21.44,253,1507
2025-11-27 13:06:41.440895,1758633108_6659134174,31.2,3,26
2025-11-27 13:06:41.665565,1758633108_1758633112,23.89,77,511
2025-11-27 13:06:41.871504,1758633112_6659134172,22.19,190,1171
2025-11-27 13:06:42.033065,1758633112_1758633108,30.48,30,254
2025-11-27 13:06:42.247574,1758651218_6610574244,22.73,16,101
2025-11-27 13:06:42.467220,1758651218_6606566485,22.79,85,538
2025-11-27 13:06:42.621217,1838584736_1312650079,17.64,10,49
2025-11-27 13:06:42.789898,1838584736_1879088105,24.0,12,80
2025-11-27 13:06:42.981569,1849738362_1699561405,3.81,35,37
2025-11-27 13:06:43.168969,1849738362_5898769297,41.77,53,615
2025-11-27 13:06:43.373974,1878921396_6659072489,18.0,1,5
2025-11-27 13:06:43.565726,1878921403_5686426699,34.27,50,476
2025-11-27 13:06:43.717912,1878921403_5686426699,34.27,50,476
2025-11-27 13:06:43.868459,1878921405_1878921403,20.08,19,106
2025-11-27 13:06:44.034777,1878932244_1494041366,15.0,6,25
2025-11-27 13:06:44.235113,1878932244_420460217,18.4,36,184
2025-11-27 13:06:44.447118,1879088105_1879091755,29.31,14,114
2025-11-27 13:06:44.648039,1879088106_1879088105,21.41,19,113
2025-11-27 13:06:44.792555,1879088106_1838584736,13.27,150,553
2025-11-27 13:06:44.999154,1879088107_1879088108,25.44,15,106
2025-11-27 13:06:45.173629,1879088107_1312650077,7.69,37,79
2025-11-27 13:06:45.358361,1879088108_13322115743,36.12,29,291
2025-11-27 13:06:45.555332,1879091753_1879091756,13.89,14,54
2025-11-27 13:06:45.693140,1879091753_1475295085,37.67,71,743
2025-11-27 13:06:45.884499,1879091755_5898769297,13.37,154,572
2025-11-27 13:06:46.024450,1879091755_1699561405,27.89,79,612
2025-11-27 13:06:46.188128,1879091756_1879091753,16.7,172,798
2025-11-27 13:06:46.410870,1879091756_1879088107,27.3,12,91
2025-11-27 13:06:46.554456,1881927756_2302166519,14.4,4,16
2025-11-27 13:06:46.736175,1881927756_12375164794,43.2,1,12
2025-11-27 13:06:46.916511,1881927757_1881928008,6.0,78,130
2025-11-27 13:06:47.092704,1881927757_1881927759,5.46,60,91
2025-11-27 13:06:47.220216,1881927757_1748294231,2.89,51,41
2025-11-27 13:06:47.485995,1881927759_6687964478,20.57,196,1120
2025-11-27 13:06:47.732882,1881928007_1881928008,24.8,9,62
2025-11-27 13:06:47.900877,1881928007_1221053112,4.8,30,40
2025-11-27 13:06:48.038483,1881928008_1881927757,7.53,11,23
2025-11-27 13:06:48.195861,1881928008_13327548968,20.66,122,700
2025-11-27 13:06:48.473100,1881928278_10203920329,0.0,0,6
2025-11-27 13:06:48.675668,1881928278_6672531385,27.82,11,85
2025-11-27 13:06:48.888418,1881928279_1881928280,6.6,72,132
2025-11-27 13:06:49.024258,1881928279_1220930858,3.69,42,43
2025-11-27 13:06:49.179940,1881928280_6672531385,43.2,1,12
2025-11-27 13:06:49.451024,1881949102_1881949103,17.72,13,64
2025-11-27 13:06:49.651496,1881949102_4539675829,34.61,44,423
2025-11-27 13:06:49.802432,1881949103_1881949102,31.32,60,522
2025-11-27 13:06:50.060961,1881949103_11768052436,33.98,25,236
2025-11-27 13:06:50.205320,1884747787_4538405005,18.9,4,21
2025-11-27 13:06:50.411625,1884747789_1884747787,15.6,15,65
2025-11-27 13:06:50.542141,1884747789_3779255487,4.65,24,31
2025-11-27 13:06:50.825953,1884765798_6658429241,22.96,85,542
2025-11-27 13:06:51.018971,1884765802_1758629824,14.4,5,20
2025-11-27 13:06:51.275535,1884765802_5674347102,16.2,4,18
2025-11-27 13:06:51.451318,1884765806_1495020912,6.22,11,19
2025-11-27 13:06:51.582101,1884765806_1884765798,18.56,186,959
2025-11-27 13:06:51.782957,1884768305_1314209717,22.68,10,63
2025-11-27 13:06:51.918885,1884768305_1314209699,3.7,36,37
2025-11-27 13:06:52.122199,1884769977_6688503847,7.71,7,15
2025-11-27 13:06:52.332413,1884769977_1884769979,17.45,13,63
2025-11-27 13:06:52.593657,1884769979_6644672133,20.1,12,67
2025-11-27 13:06:52.754780,1884776799_445970799,20.04,90,501
2025-11-27 13:06:52.895868,1884776799_5954441639,19.24,137,732
2025-11-27 13:06:53.118342,1887748894_5875603186,23.14,7,45
2025-11-27 13:06:53.250519,1887751321_1312650077,15.48,10,43
2025-11-27 13:06:53.439520,1887751321_2185731481,28.8,7,56
2025-11-27 13:06:53.638622,1897734810_1897734813,16.65,8,37
2025-11-27 13:06:53.889847,1897734810_5710222979,6.89,173,331
2025-11-27 13:06:54.066041,1897734813_1897734810,13.32,10,37
2025-11-27 13:06:54.255731,1897734813_5093497429,17.82,20,99
2025-11-27 13:06:54.475088,1901865134_1901865135,19.2,6,32
2025-11-27 13:06:54.630401,1901865134_5710136485,23.26,26,168
2025-11-27 13:06:54.773167,1901865135_1901865134,22.44,172,1072
2025-11-27 13:06:54.935083,1901865135_5710673956,29.06,42,339
2025-11-27 13:06:55.067398,1904353550_1884776799,18.36,20,102
2025-11-27 13:06:55.320295,1904360482_2174649908,9.9,8,22
2025-11-27 13:06:55.530820,1904360482_106108917,19.2,63,336
2025-11-27 13:06:55.783912,1919720738_6641911209,0.0,0,6
2025-11-27 13:06:55.985176,1919750981_6631796343,25.92,5,36
2025-11-27 13:06:56.106667,1919750981_1919720738,23.66,7,46
2025-11-27 13:06:56.301275,1919751043_1919751060,32.4,2,18
2025-11-27 13:06:56.461632,1919751043_1748294250,13.62,83,314
2025-11-27 13:06:56.642165,1919751060_1954877845,32.4,2,18
2025-11-27 13:06:56.837514,1919751060_1919751043,10.8,6,18
2025-11-27 13:06:57.009321,1954877845_1919750981,26.8,9,67
2025-11-27 13:06:57.206052,2050902820_98031401,6.87,11,21
2025-11-27 13:06:57.415382,2050902820_6662639319,16.2,6,27
2025-11-27 13:06:57.585405,2050902827_445970127,5.2,9,13
2025-11-27 13:06:57.787899,2050902827_2050902836,31.89,14,124
2025-11-27 13:06:57.953359,2050902830_445970096,9.0,6,15
2025-11-27 13:06:58.145243,2050902830_2050902833,26.68,17,126
2025-11-27 13:06:58.283107,2050902832_2050902833,3.34,14,13
2025-11-27 13:06:58.496394,2050902832_445970096,22.93,19,121
2025-11-27 13:06:58.633840,2050902833_2050902827,27.45,16,122
2025-11-27 13:06:58.772245,2050902833_2050902832,6.69,7,13
2025-11-27 13:06:58.971472,2050902835_2050902836,7.2,8,16
2025-11-27 13:06:59.101528,2050902835_445970127,30.86,14,120
2025-11-27 13:06:59.318654,2050902836_2050902835,4.43,13,16
2025-11-27 13:06:59.475002,2050902836_5489009621,30.82,16,137
2025-11-27 13:06:59.757243,2053894358_8237661942,9.0,8,20
2025-11-27 13:06:59.948512,2053894358_2290010720,22.15,92,566
2025-11-27 13:07:00.134624,2084132002_5716649671,27.0,2,15
2025-11-27 13:07:00.347320,2084132003_5718871870,4.25,33,39
2025-11-27 13:07:00.556403,2084132003_5710673979,6.33,70,123
2025-11-27 13:07:00.693702,2084132003_98041849,3.38,33,31
2025-11-27 13:07:00.870765,2174649904_106108917,18.73,79,411
2025-11-27 13:07:01.081715,2174649904_2174649908,25.13,50,349
2025-11-27 13:07:01.221665,2174649908_1904360482,14.47,109,438
2025-11-27 13:07:01.434724,2174649908_4961341864,15.77,42,184
2025-11-27 13:07:01.693100,2175126932_6648227223,28.11,21,164
2025-11-27 13:07:01.900548,2175126939_2175126932,8.92,67,166
2025-11-27 13:07:02.039899,2175126939_444874857,5.04,35,49
2025-11-27 13:07:02.184112,2176926218_446030797,14.81,61,251
2025-11-27 13:07:02.379071,2176926218_6662241095,22.2,18,111
2025-11-27 13:07:02.523784,2176926218_5716616005,18.67,81,420
2025-11-27 13:07:02.732119,2185731222_1314191415,3.53,52,51
2025-11-27 13:07:02.925494,2185731222_436383687,5.13,146,208
2025-11-27 13:07:03.098670,2185731475_2185731477,27.49,11,84
2025-11-27 13:07:03.254200,2185731475_1312650079,6.53,32,58
2025-11-27 13:07:03.463171,2185731477_13327548965,27.49,22,168
2025-11-27 13:07:03.645263,2185731479_2185731481,36.45,8,81
2025-11-27 13:07:03.848540,2185731479_1887751321,4.02,51,57
2025-11-27 13:07:03.987782,2185731481_1879091753,34.8,12,116
2025-11-27 13:07:04.174150,2186671583_2186671586,2.7,12,9
2025-11-27 13:07:04.299039,2186671583_2291073251,5.36,41,61
2025-11-27 13:07:04.439191,2186671584_444398125,8.1,4,9
2025-11-27 13:07:04.577056,2186671584_2186671583,22.14,20,123
2025-11-27 13:07:04.794428,2186671585_2186671584,18.72,15,78
2025-11-27 13:07:05.002297,2186671586_2186671583,10.8,3,9
2025-11-27 13:07:05.142090,2186671586_444398125,16.56,30,138
2025-11-27 13:07:05.306740,2188036136_283139237,14.16,152,598
2025-11-27 13:07:05.455440,2188036136_444875375,6.87,66,126
2025-11-27 13:07:05.668130,2195296719_6644721587,0.0,0,4
2025-11-27 13:07:05.871432,2195296719_438036727,22.0,18,110
2025-11-27 13:07:06.020378,2195296719_309685730,16.45,149,681
2025-11-27 13:07:06.278635,2212544448_1314191436,3.93,11,12
2025-11-27 13:07:06.430528,2212544448_1314185648,16.57,53,244
2025-11-27 13:07:06.644895,2274969534_5828495464,4.5,12,15
2025-11-27 13:07:06.851327,2274969534_5718868836,29.41,41,335
2025-11-27 13:07:07.042400,2289976216_5718868836,26.16,94,683
2025-11-27 13:07:07.203816,2289976216_5828495464,25.51,47,333
2025-11-27 13:07:07.399806,2289997642_2289997644,4.4,9,11
2025-11-27 13:07:07.561606,2289997642_1314203102,12.69,38,134
2025-11-27 13:07:07.718972,2289997644_2289997642,13.2,3,11
2025-11-27 13:07:07.866957,2289997644_2289976216,25.02,20,139
2025-11-27 13:07:08.090617,2290010720_2290010722,5.6,9,14
2025-11-27 13:07:08.255771,2290010720_309595522,9.96,56,155
2025-11-27 13:07:08.409167,2290010722_2290010720,10.08,5,14
2025-11-27 13:07:08.647292,2290010722_8237661942,20.9,98,569
2025-11-27 13:07:08.864540,2291064324_319490613,21.98,19,116
2025-11-27 13:07:08.999648,2291064328_2291064324,19.64,11,60
2025-11-27 13:07:09.153222,2291064328_428673752,3.71,32,33
2025-11-27 13:07:09.349131,2291072469_317366886,8.64,5,12
2025-11-27 13:07:09.484742,2291072469_5710136488,15.82,167,734
2025-11-27 13:07:09.672286,2291072476_5710136485,12.96,5,18
2025-11-27 13:07:09.944872,2291072476_5710136487,28.8,4,32
2025-11-27 13:07:10.147721,2291073251_2291072469,8.8,9,22
2025-11-27 13:07:10.344442,2291073251_2291254030,27.64,34,261
2025-11-27 13:07:10.553570,2291254028_2291254030,10.2,12,34
2025-11-27 13:07:10.683537,2291254028_2291072469,12.79,74,263
2025-11-27 13:07:10.854822,2291254030_2291254028,22.86,180,1143
2025-11-27 13:07:11.107890,2291254030_444501637,29.05,43,347
2025-11-27 13:07:11.258491,2295384939_436388447,6.75,8,15
2025-11-27 13:07:11.522679,2295384939_5721511585,26.43,38,279
2025-11-27 13:07:11.710193,2302164518_2302164519,23.09,106,680
2025-11-27 13:07:11.914499,2302164518_5719031414,22.74,76,480
2025-11-27 13:07:12.094353,2302164519_2302164518,6.12,10,17
2025-11-27 13:07:12.223893,2302164519_12375164797,7.87,70,153
2025-11-27 13:07:12.370448,2302166519_1312645244,9.77,14,38
2025-11-27 13:07:12.546488,2302166519_1475295086,29.3,50,407
2025-11-27 13:07:12.744061,2303337176_1498038039,31.47,31,271
2025-11-27 13:07:12.969282,2326674277_5709923606,43.2,2,24
2025-11-27 13:07:13.234977,2326674277_2326674288,34.65,24,231
2025-11-27 13:07:13.381605,2326674281_5709923603,54.0,1,15
2025-11-27 13:07:13.586509,2326674281_1314191417,33.0,24,220
2025-11-27 13:07:13.711097,2326674288_4539674888,38.02,16,169
2025-11-27 13:07:13.864387,2570960524_12206582473,30.79,67,573
2025-11-27 13:07:14.016321,2570960524_5707647500,32.77,29,264
2025-11-27 13:07:14.235464,2584589542_5721511586,30.65,150,1277
2025-11-27 13:07:14.481053,2701058419_5716537675,16.56,40,184
2025-11-27 13:07:14.635650,2701184883_4539682086,21.47,27,161
2025-11-27 13:07:14.808104,3075526390_1919751043,28.8,3,24
2025-11-27 13:07:14.942642,3075526390_1954877845,23.6,9,59
2025-11-27 13:07:15.204760,3075526396_3075526390,27.45,8,61
2025-11-27 13:07:15.368845,3779255487_2701184883,17.69,277,1361
2025-11-27 13:07:15.531412,3779255487_5716537702,5.7,36,57
2025-11-27 13:07:15.706709,3779255494_4538405026,26.1,4,29
2025-11-27 13:07:15.851774,4004297090_1878921396,12.46,13,45
2025-11-27 13:07:16.053965,4004297090_1878921405,15.38,22,94
2025-11-27 13:07:16.307509,4025084971_6666128977,37.44,10,104
2025-11-27 13:07:16.508411,4025084971_4538571805,23.14,7,45
2025-11-27 13:07:16.743708,4025115175_5707407583,6.69,14,26
2025-11-27 13:07:16.946936,4025115175_5709996124,19.67,28,153
2025-11-27 13:07:17.220996,4027449781_6621078261,20.54,44,251
2025-11-27 13:07:17.407739,4106937190_4538404990,0.0,0,5
2025-11-27 13:07:17.572477,4538404990_13282498392,26.64,5,37
2025-11-27 13:07:17.794347,4538404991_4538405005,25.05,233,1621
2025-11-27 13:07:17.958613,4538404991_1221161727,23.21,461,2972
2025-11-27 13:07:18.092503,4538404998_3779255494,15.08,16,67
2025-11-27 13:07:18.294802,4538404998_1221161730,3.23,48,43
2025-11-27 13:07:18.571691,4538405005_4538405024,24.79,53,365
2025-11-27 13:07:18.761004,4538405006_1884747789,4.07,23,26
2025-11-27 13:07:18.934016,4538405006_2701184883,15.32,333,1417
2025-11-27 13:07:19.154059,4538405017_11700202516,33.37,52,482
2025-11-27 13:07:19.440260,4538405021_4538405024,38.79,80,862
2025-11-27 13:07:19.707289,4538405021_4538405061,31.97,420,3730
2025-11-27 13:07:19.922419,4538405024_6689058288,33.63,35,327
2025-11-27 13:07:20.076855,4538405026_4538405017,32.34,415,3728
2025-11-27 13:07:20.220028,4538405061_4538404998,21.6,4,24
2025-11-27 13:07:20.379579,4538405061_4106937190,6.6,168,308
2025-11-27 13:07:20.658051,4538405136_11768052437,29.23,75,609
2025-11-27 13:07:20.862479,4538405136_4538405137,32.07,66,588
2025-11-27 13:07:21.050431,4538405137_4540453395,13.82,25,96
2025-11-27 13:07:21.235703,4538571805_5707122780,37.16,190,1961
2025-11-27 13:07:21.433604,4538571805_4539675798,33.41,96,891
2025-11-27 13:07:21.579142,4538571806_4539675798,29.83,7,58
2025-11-27 13:07:21.762616,4538571806_5707122775,18.0,6,30
2025-11-27 13:07:21.906884,4538571818_1314191398,50.4,3,42
2025-11-27 13:07:22.096152,4539132150_4830545884,48.23,93,1246
2025-11-27 13:07:22.264952,4539132150_2326674277,29.77,26,215
2025-11-27 13:07:22.435960,4539132165_5716477055,18.58,37,191
2025-11-27 13:07:22.618467,4539674875_6621426593,25.2,9,63
2025-11-27 13:07:22.787653,4539674875_4539674879,7.01,37,72
2025-11-27 13:07:22.927284,4539674879_1314185677,20.54,17,97
2025-11-27 13:07:23.059813,4539674879_6628818468,26.74,7,52
2025-11-27 13:07:23.265766,4539674883_5716544649,42.3,32,376
2025-11-27 13:07:23.457880,4539674883_12606538099,60.55,88,1480
2025-11-27 13:07:23.636506,4539674888_1849738362,27.48,79,603
2025-11-27 13:07:23.803983,4539674888_3779255475,33.05,165,1515
2025-11-27 13:07:23.956287,4539675798_4538571805,33.78,406,3810
2025-11-27 13:07:24.094353,4539675798_5707122775,19.44,10,54
2025-11-27 13:07:24.254651,4539675798_10159724112,22.8,6,38
2025-11-27 13:07:24.421428,4539675829_444394912,25.63,25,178
2025-11-27 13:07:24.628886,4539682086_1881949103,29.33,54,440
2025-11-27 13:07:24.845686,4539682086_12606538104,26.52,60,442
2025-11-27 13:07:25.104723,4539684490_4539675829,31.8,48,424
2025-11-27 13:07:25.333759,4539684490_3779242655,52.18,95,1377
2025-11-27 13:07:25.539216,4540453369_4540453370,6.48,10,18
2025-11-27 13:07:25.670286,4540453370_4540453369,7.2,9,18
2025-11-27 13:07:25.883513,4540453370_5707271704,30.2,36,302
2025-11-27 13:07:26.034026,4540453378_5707271696,31.3,23,200
2025-11-27 13:07:26.284613,4540453393_4540453394,15.43,7,30
2025-11-27 13:07:26.443072,4540453393_10076263977,25.2,3,21
2025-11-27 13:07:26.625615,4540453394_5093497431,19.2,9,48
2025-11-27 13:07:26.815209,4540453394_4540453405,9.45,123,323
2025-11-27 13:07:27.034044,4540453395_4540453396,26.0,9,65
2025-11-27 13:07:27.194450,4540453395_4540453393,6.51,26,47
2025-11-27 13:07:27.401001,4540453396_4540453400,40.2,18,201
2025-11-27 13:07:27.573347,4540453399_10076263973,16.05,111,495
2025-11-27 13:07:27.722282,4540453399_5093497430,24.3,28,189
2025-11-27 13:07:27.884459,4540453400_444501629,15.16,322,1356
2025-11-27 13:07:28.083448,4540453404_10076263978,7.71,7,15
2025-11-27 13:07:28.286609,4540453404_4540453406,9.74,184,498
2025-11-27 13:07:28.469163,4540453405_4542621501,12.8,9,32
2025-11-27 13:07:28.663537,4540453405_10076263979,14.23,108,427
2025-11-27 13:07:28.824388,4540453406_4538405136,32.07,11,98
2025-11-27 13:07:29.092407,4541071715_4541071716,6.75,8,15
2025-11-27 13:07:29.232077,4541071715_6587550955,31.25,44,382
2025-11-27 13:07:29.420046,4541071716_4541071715,3.6,15,15
2025-11-27 13:07:29.568408,4541071716_10965136434,17.7,61,300
2025-11-27 13:07:29.728489,4541105058_5707271706,36.0,2,20
2025-11-27 13:07:29.870838,4541105059_4541105058,14.4,3,12
2025-11-27 13:07:30.058895,4541105059_11182265554,28.44,209,1651
2025-11-27 13:07:30.189618,4542621501_4540453393,11.4,12,38
2025-11-27 13:07:30.315269,4542621501_4540453406,28.8,5,40
2025-11-27 13:07:30.516365,4599745018_98027697,14.17,92,362
2025-11-27 13:07:30.654632,4599745018_10130533955,27.0,4,30
2025-11-27 13:07:30.816603,4599745018_7920618648,14.24,198,783
2025-11-27 13:07:30.977708,4600895552_10130533953,15.93,40,177
2025-11-27 13:07:31.190474,4600895552_6617292919,14.21,134,529
2025-11-27 13:07:31.391107,4830545876_6325815718,18.6,24,124
2025-11-27 13:07:31.597320,4830545876_5707122751,44.49,56,692
2025-11-27 13:07:31.732113,4830545884_106070559,57.7,37,593
2025-11-27 13:07:31.937867,4830545884_5707122751,39.76,22,243
2025-11-27 13:07:32.153678,4930425700_4930425704,39.6,21,231
2025-11-27 13:07:32.314299,4930425700_1314185585,51.05,44,624
2025-11-27 13:07:32.471776,4930425704_4025084971,57.6,2,32
2025-11-27 13:07:32.623227,4930438606_4830545876,52.2,2,29
2025-11-27 13:07:32.771954,4961341856_1497544719,10.32,104,298
2025-11-27 13:07:33.041891,4961341856_5707161154,22.68,10,63
2025-11-27 13:07:33.243207,4961341859_4961341860,7.57,154,324
2025-11-27 13:07:33.430875,4961341859_6661055809,4.85,23,31
2025-11-27 13:07:33.626178,4961341860_4961341865,6.53,16,29
2025-11-27 13:07:33.755824,4961341864_4961341859,7.85,11,24
2025-11-27 13:07:33.919763,4961341864_6685236291,26.35,22,161
2025-11-27 13:07:34.148822,4961341865_4961341864,16.1,87,389
2025-11-27 13:07:34.350659,4961341865_1904360482,17.81,37,183
2025-11-27 13:07:34.623749,5093497426_10076263973,28.64,23,183
2025-11-27 13:07:34.826991,5093497429_5093497426,18.98,11,58
2025-11-27 13:07:34.986205,5093497429_4540453405,8.05,17,38
2025-11-27 13:07:35.189148,5093497430_10076263976,3.32,26,24
2025-11-27 13:07:35.384050,5093497430_5093497431,22.58,11,69
2025-11-27 13:07:35.518788,5093497431_1897734810,5.83,58,94
2025-11-27 13:07:35.675968,5206119178_283139237,23.14,82,527
2025-11-27 13:07:35.822485,5206119178_420456683,22.8,177,1121
2025-11-27 13:07:36.038395,5485653490_5875623873,24.0,3,20
2025-11-27 13:07:36.322552,5485653490_6688490814,18.91,71,373
2025-11-27 13:07:36.463606,5485722628_6606566488,17.57,220,1074
2025-11-27 13:07:36.669389,5485722628_8341509537,22.61,64,402
2025-11-27 13:07:36.880838,5485722628_6610228314,8.64,25,60
2025-11-27 13:07:37.028674,5489009621_6677147310,23.4,4,26
2025-11-27 13:07:37.241342,5489009621_6677147301,22.54,23,144
2025-11-27 13:07:37.374962,5598303159_13282511305,0.0,0,5
2025-11-27 13:07:37.585616,5598303159_13282511304,37.65,74,774
2025-11-27 13:07:37.788317,5641890821_5641890822,25.31,191,1343
2025-11-27 13:07:38.043871,5641890821_6661487945,23.13,155,996
2025-11-27 13:07:38.185276,5641890822_5641890821,24.75,8,55
2025-11-27 13:07:38.457720,5641890822_5641890823,32.4,17,153
2025-11-27 13:07:38.660102,5641890823_10087376960,19.37,21,113
2025-11-27 13:07:38.896145,5641890823_11700202517,19.8,6,33
2025-11-27 13:07:39.035124,5645750065_9970440452,17.82,20,99
2025-11-27 13:07:39.175594,5645750065_9970440452,17.82,20,99
2025-11-27 13:07:39.312752,5674347102_1758629824,11.4,6,19
2025-11-27 13:07:39.528646,5674347102_7920618648,13.04,162,587
2025-11-27 13:07:39.771822,5683715143_1494041345,20.27,19,107
2025-11-27 13:07:39.912486,5683792676_1314209698,18.33,140,713
2025-11-27 13:07:40.042475,5683792676_98026475,19.2,9,48
2025-11-27 13:07:40.250741,5686426699_7985603148,35.2,9,88
2025-11-27 13:07:40.387897,5686449780_6688471376,31.05,8,69
2025-11-27 13:07:40.651255,5706891499_5706896622,23.93,122,811
2025-11-27 13:07:40.835120,5706891499_9980229913,24.6,12,82
2025-11-27 13:07:40.989263,5706896622_5706891499,11.25,8,25
2025-11-27 13:07:41.199281,5706896622_1497544738,11.17,48,149
2025-11-27 13:07:41.410559,5707122750_6677687648,31.46,363,3172
2025-11-27 13:07:41.594449,5707122750_1699561412,31.46,23,201
2025-11-27 13:07:41.743118,5707122751_6677687648,64.8,1,18
2025-11-27 13:07:41.912602,5707122775_10159724112,27.85,182,1408
2025-11-27 13:07:42.069964,5707122779_4538571806,35.82,20,199
2025-11-27 13:07:42.271880,5707122782_6677687639,27.94,25,194
2025-11-27 13:07:42.495595,5707161151_81806535,4.97,29,40
2025-11-27 13:07:42.693501,5707161153_1497544738,11.92,87,288
2025-11-27 13:07:42.884794,5707161153_5707161163,12.09,92,309
2025-11-27 13:07:43.019668,5707161153_1497544749,18.0,7,35
2025-11-27 13:07:43.251010,5707161154_8231491411,22.2,12,74
2025-11-27 13:07:43.455519,5707161162_1904353550,6.11,56,95
2025-11-27 13:07:43.596235,5707161162_1497544719,4.13,34,39
2025-11-27 13:07:43.799086,5707161163_5707161154,28.4,9,71
2025-11-27 13:07:43.963495,5707161163_4961341856,11.35,144,454
2025-11-27 13:07:44.169564,5707262958_6685466405,15.51,13,56
2025-11-27 13:07:44.289743,5707271696_4541105058,33.91,55,518
2025-11-27 13:07:44.490130,5707271700_5707271696,20.57,7,40
2025-11-27 13:07:44.673777,5707271703_5707271704,27.93,79,613
2025-11-27 13:07:44.871986,5707271703_4540453369,32.08,34,303
2025-11-27 13:07:45.114349,5707271704_5707271705,19.8,24,132
2025-11-27 13:07:45.259046,5707271705_4541105059,27.6,3,23
2025-11-27 13:07:45.464469,5707271705_12725862785,26.73,160,1188
2025-11-27 13:07:45.670613,5707271706_5707271705,26.65,119,881
2025-11-27 13:07:45.801987,5707271706_5707271703,31.68,15,132
2025-11-27 13:07:46.013137,5707407583_5707407590,22.8,3,19
2025-11-27 13:07:46.239197,5707407590_5707407591,7.2,7,14
2025-11-27 13:07:46.439360,5707407590_6670444529,28.71,42,335
2025-11-27 13:07:46.684300,5707407591_4025115175,15.12,5,21
2025-11-27 13:07:46.890904,5707407591_6685434573,25.2,25,175
2025-11-27 13:07:47.097252,5707647467_5707647500,26.54,196,1445
2025-11-27 13:07:47.307628,5707647467_12206582473,31.68,30,264
2025-11-27 13:07:47.457039,5707647500_5707647467,21.09,7,41
2025-11-27 13:07:47.674203,5707647500_6658364083,26.1,4,29
2025-11-27 13:07:47.880668,5707679597_11201648616,13.44,15,56
2025-11-27 13:07:48.034410,5709923601_1314185648,37.44,5,52
2025-11-27 13:07:48.194202,5709923602_1314191417,28.8,9,72
2025-11-27 13:07:48.341097,5709923603_5709923602,9.81,189,515
2025-11-27 13:07:48.466986,5709923603_6621357115,17.1,8,38
2025-11-27 13:07:48.667062,5709923606_1314185653,35.1,20,195
2025-11-27 13:07:48.840507,5709923606_6628818478,18.76,19,99
2025-11-27 13:07:49.053375,5709996124_5709996125,2.7,16,12
2025-11-27 13:07:49.278476,5709996124_448838032,5.82,154,249
2025-11-27 13:07:49.430323,5709996125_5709996124,4.8,9,12
2025-11-27 13:07:49.588604,5709996125_5707407583,15.99,34,151
2025-11-27 13:07:49.807816,5710098650_5716807750,15.0,6,25
2025-11-27 13:07:50.014218,5710098650_5717115613,34.14,29,275
2025-11-27 13:07:50.159891,5710136485_317778303,46.8,1,13
2025-11-27 13:07:50.358594,5710136487_1901865135,22.63,21,132
2025-11-27 13:07:50.543689,5710136488_5710136487,25.2,7,49
2025-11-27 13:07:50.750105,5710136488_2291072476,4.32,30,36
2025-11-27 13:07:50.907715,5710222979_2212544448,5.38,111,166
2025-11-27 13:07:51.090111,5710222986_5710222979,15.63,85,369
2025-11-27 13:07:51.271626,5710222986_3779255475,49.98,102,1416
2025-11-27 13:07:51.457089,5710222987_12606538099,25.77,63,451
2025-11-27 13:07:51.611993,5710222987_1897734813,23.0,424,2709
2025-11-27 13:07:51.815088,5710231827_1887748894,23.4,2,13
2025-11-27 13:07:52.028642,5710538391_5710538395,32.4,6,54
2025-11-27 13:07:52.185269,5710538391_11111175326,25.8,6,43
2025-11-27 13:07:52.377590,5710538395_5710691038,9.36,10,26
2025-11-27 13:07:52.563550,5710538395_5710691056,25.2,17,119
2025-11-27 13:07:52.763740,5710565212_5828999543,20.84,33,191
2025-11-27 13:07:52.960285,5710673956_5716670119,32.4,5,45
2025-11-27 13:07:53.104160,5710673956_2084132003,11.42,58,184
2025-11-27 13:07:53.300059,5710673974_5710673979,17.1,8,38
2025-11-27 13:07:53.520042,5710673974_98041257,8.8,9,22
2025-11-27 13:07:53.669328,5710673974_1748294274,17.7,121,595
2025-11-27 13:07:53.860438,5710673979_5710673992,30.6,22,187
2025-11-27 13:07:54.081482,5710673992_106078638,34.2,4,38
2025-11-27 13:07:54.249237,5710691038_5710538391,11.18,19,59
2025-11-27 13:07:54.497135,5710691038_5710691043,30.38,16,135
2025-11-27 13:07:54.665978,5710691044_5710691043,32.85,16,146
2025-11-27 13:07:54.833583,5710691044_5710691038,27.79,186,1436
2025-11-27 13:07:55.082059,5710691045_5710538395,9.15,48,122
2025-11-27 13:07:55.222990,5710691045_5710691056,36.36,20,202
2025-11-27 13:07:55.450768,5710691056_8462966000,29.52,5,41
2025-11-27 13:07:55.674628,5716241016_5716241017,26.23,7,51
2025-11-27 13:07:55.819844,5716241017_1881928278,23.68,161,1059
2025-11-27 13:07:56.021260,5716408768_1494035973,5.5,36,55
2025-11-27 13:07:56.236991,5716408768_6659134177,19.86,477,2632
2025-11-27 13:07:56.381501,5716408772_6659134177,19.35,8,43
2025-11-27 13:07:56.549842,5716477055_5716477056,22.84,113,717
2025-11-27 13:07:56.755694,5716477055_1495030950,23.4,46,299
2025-11-27 13:07:56.886258,5716477056_5716477055,7.65,16,34
2025-11-27 13:07:57.020832,5716477056_4539132150,17.03,41,194
2025-11-27 13:07:57.170563,5716537675_4538404990,9.6,18,48
2025-11-27 13:07:57.367867,5716537675_4538404991,14.91,7,29
2025-11-27 13:07:57.556124,5716537702_3779255494,22.63,7,44
2025-11-27 13:07:57.720709,5716537702_1221161730,10.08,15,42
2025-11-27 13:07:57.915602,5716544649_2326674281,37.12,16,165
2025-11-27 13:07:58.062395,5716616005_444875130,6.4,36,64
2025-11-27 13:07:58.281691,5716616005_2176926218,16.22,93,419
2025-11-27 13:07:58.505127,5716649671_5716670117,29.63,313,2576
2025-11-27 13:07:58.755136,5716670117_5718916301,31.56,30,263
2025-11-27 13:07:58.948961,5716670118_5716670117,32.65,198,1796
2025-11-27 13:07:59.105019,5716670118_5716670119,36.38,47,475
2025-11-27 13:07:59.291724,5716670119_5710673992,17.79,228,1127
2025-11-27 13:07:59.439868,5716670119_5716670118,27.01,145,1088
2025-11-27 13:07:59.638009,5716670621_5716670118,24.05,153,1022
2025-11-27 13:07:59.800420,5716670621_1498111685,30.83,23,197
2025-11-27 13:08:00.009819,5716670628_2084132002,9.43,21,55
2025-11-27 13:08:00.178065,5716670628_98041851,20.0,203,1128
2025-11-27 13:08:00.360826,5716807749_5717115613,28.7,70,558
2025-11-27 13:08:00.539648,5716807749_5716807750,34.26,29,276
2025-11-27 13:08:00.677348,5716807750_5710098650,25.43,185,1307
2025-11-27 13:08:00.824110,5716807750_6684737819,26.68,129,956
2025-11-27 13:08:00.953633,5717115613_5716807749,20.16,5,28
2025-11-27 13:08:01.142890,5717115613_4540453378,30.6,14,119
2025-11-27 13:08:01.303314,5718868836_2289976216,5.76,10,16
2025-11-27 13:08:01.453658,5718868836_2289997642,22.38,23,143
2025-11-27 13:08:01.605972,5718871870_283139229,14.31,196,779
2025-11-27 13:08:01.748249,5718871870_98041849,4.2,18,21
2025-11-27 13:08:01.937532,5718886024_1748294257,12.06,37,124
2025-11-27 13:08:02.134774,5718916274_5718916294,9.78,95,258
2025-11-27 13:08:02.330911,5718916274_10296445823,5.04,5,7
2025-11-27 13:08:02.542868,5718916291_12816414547,16.92,10,47
2025-11-27 13:08:02.682116,5718916291_98035472,6.34,21,37
2025-11-27 13:08:02.883539,5718916292_6650876736,14.26,289,1145
2025-11-27 13:08:03.099093,5718916292_12816414542,5.14,7,10
2025-11-27 13:08:03.307485,5718916293_5718916294,18.0,1,5
2025-11-27 13:08:03.504813,5718916294_98042270,25.79,43,308
2025-11-27 13:08:03.747934,5718916301_5718916302,14.99,207,862
2025-11-27 13:08:03.948486,5718916301_5718916291,7.92,15,33
2025-11-27 13:08:04.108009,5718916302_5718916301,9.72,10,27
2025-11-27 13:08:04.238777,5718916302_5716670621,29.81,32,265
2025-11-27 13:08:04.459230,5718946093_1748294274,6.35,17,30
2025-11-27 13:08:04.654238,5719031413_5719031414,13.2,9,33
2025-11-27 13:08:04.792516,5719031413_2302164519,21.87,79,480
2025-11-27 13:08:04.947588,5719031414_5719031413,28.18,70,548
2025-11-27 13:08:05.085703,5719031414_3075526396,29.31,21,171
2025-11-27 13:08:05.281779,5719125659_6648096524,44.4,3,37
2025-11-27 13:08:05.422413,5719125659_1758170772,21.99,73,446
2025-11-27 13:08:05.622293,5721511585_2584589542,40.32,5,56
2025-11-27 13:08:05.769448,5721511586_436388447,25.48,39,276
2025-11-27 13:08:05.896026,5828495464_2274969534,13.5,4,15
2025-11-27 13:08:06.033818,5828495464_5719125659,28.97,21,169
2025-11-27 13:08:06.218788,5828999542_5828999543,18.6,145,749
2025-11-27 13:08:06.363628,5828999542_1495025257,23.83,29,192
2025-11-27 13:08:06.508809,5828999543_5828999542,11.31,7,22
2025-11-27 13:08:06.668055,5828999543_6648227222,20.21,31,174
2025-11-27 13:08:06.902168,5831399053_6603014206,27.34,327,2483
2025-11-27 13:08:07.037799,5831399053_1494041374,34.8,66,638
2025-11-27 13:08:07.246852,5875603186_5645750065,26.1,12,87
2025-11-27 13:08:07.379049,5875603186_5206119178,23.2,63,406
2025-11-27 13:08:07.588081,5875623873_6677147301,22.5,4,25
2025-11-27 13:08:07.800346,5875623873_6677147310,17.15,17,81
2025-11-27 13:08:07.930716,5898769297_2185731475,39.6,12,132
2025-11-27 13:08:08.129138,5954441639_5954441640,3.6,8,8
2025-11-27 13:08:08.263337,5954441639_6659134171,27.0,14,105
2025-11-27 13:08:08.486006,5954441640_5954441639,1.92,15,8
2025-11-27 13:08:08.685513,5954441640_11201648616,20.16,60,336
2025-11-27 13:08:08.922441,5962836764_6325815718,47.62,57,754
2025-11-27 13:08:09.085804,5962836764_1314185585,40.07,23,256
2025-11-27 13:08:09.279336,6044465949_2701058419,19.96,77,427
2025-11-27 13:08:09.472161,6044465949_12606538104,17.91,280,1393
2025-11-27 13:08:09.656655,6325815718_6325815720,108.0,1,30
2025-11-27 13:08:09.806077,6325815720_4930438606,10.22,296,840
2025-11-27 13:08:09.933019,6325815720_2185731222,10.86,57,172
2025-11-27 13:08:10.104211,6405794494_6659134172,21.79,248,1501
2025-11-27 13:08:10.337570,6413551907_8341509537,25.2,2,14
2025-11-27 13:08:10.506313,6413551907_8341509535,22.25,11,68
2025-11-27 13:08:10.709512,6441639163_6689057478,27.81,29,224
2025-11-27 13:08:10.858039,6587550954_6587550955,5.2,9,13
2025-11-27 13:08:10.992829,6587550954_4541071716,32.57,42,380
2025-11-27 13:08:11.131296,6587550955_6587550954,3.12,15,13
2025-11-27 13:08:11.288206,6587550955_420456615,7.84,51,111
2025-11-27 13:08:11.437521,6587651051_1901865134,34.62,26,250
2025-11-27 13:08:11.629669,6600206282_13282498396,21.86,177,1075
2025-11-27 13:08:11.759844,6600206282_5598303159,28.38,17,134
2025-11-27 13:08:11.958266,6600206283_13282498396,24.06,152,1016
2025-11-27 13:08:12.135970,6600206283_2701058419,28.99,37,298
2025-11-27 13:08:12.348736,6601012241_6688570393,57.6,1,16
2025-11-27 13:08:12.516980,6601012241_6441639163,24.22,11,74
2025-11-27 13:08:12.702749,6603014206_10682258584,25.88,100,719
2025-11-27 13:08:12.918282,6603014206_6603014207,30.6,6,51
2025-11-27 13:08:13.176177,6603014207_6659072491,12.15,8,27
2025-11-27 13:08:13.386100,6603014207_6659072492,46.8,1,13
2025-11-27 13:08:13.587960,6606566485_10682258584,16.46,14,64
2025-11-27 13:08:13.776103,6606566485_6606566487,43.2,1,12
2025-11-27 13:08:13.936208,6606566485_1758651218,24.21,80,538
2025-11-27 13:08:14.085829,6606566487_6610228314,18.0,202,1010
2025-11-27 13:08:14.263329,6606566487_6606566485,43.2,1,12
2025-11-27 13:08:14.432674,6606566488_6606566487,18.0,12,60
2025-11-27 13:08:14.627770,6606566488_10682258584,24.0,3,20
2025-11-27 13:08:14.826945,6606566488_5485722628,18.95,204,1074
2025-11-27 13:08:14.967676,6610228314_10743484787,19.22,71,379
2025-11-27 13:08:15.180809,6610228314_6606566487,19.87,183,1010
2025-11-27 13:08:15.381714,6610228314_5485722628,7.87,27,59
2025-11-27 13:08:15.540260,6610574244_6659072491,20.85,24,139
2025-11-27 13:08:15.733652,6610574244_1758651218,22.05,16,98
2025-11-27 13:08:15.949791,6617292919_4600895552,19.2,48,256
2025-11-27 13:08:16.133934,6617292919_7985603136,4.24,34,40
2025-11-27 13:08:16.323039,6621078250_6621078251,5.2,9,13
2025-11-27 13:08:16.575361,6621078250_6621078260,32.4,30,270
2025-11-27 13:08:16.736353,6621078251_6621078250,3.9,12,13
2025-11-27 13:08:16.929896,6621078251_420456595,34.37,31,296
2025-11-27 13:08:17.081715,6621078260_6621078261,8.7,12,29
2025-11-27 13:08:17.226366,6621078260_2303337176,19.17,46,245
2025-11-27 13:08:17.424821,6621078261_6621078260,25.83,80,574
2025-11-27 13:08:17.642462,6621078261_420456583,31.3,23,200
2025-11-27 13:08:17.829345,6621357112_1314185653,36.0,3,30
2025-11-27 13:08:18.020910,6621357115_1314191420,4.33,49,59
2025-11-27 13:08:18.183985,6621357115_6621357112,17.76,15,74
2025-11-27 13:08:18.358718,6621426593_1314191414,32.4,2,18
2025-11-27 13:08:18.520012,6621426601_6621426593,11.24,123,384
2025-11-27 13:08:18.703957,6621426601_4539674879,5.3,36,53
2025-11-27 13:08:18.964765,6628818468_5709923601,27.6,9,69
2025-11-27 13:08:19.129332,6628818478_1314185677,3.6,46,46
2025-11-27 13:08:19.306623,6628818478_6628818468,8.24,149,341
2025-11-27 13:08:19.439721,6631796343_1692627215,31.2,3,26
2025-11-27 13:08:19.580159,6641911209_5719031413,31.5,20,175
2025-11-27 13:08:19.740840,6641911209_3075526396,25.71,7,50
2025-11-27 13:08:19.880559,6644672133_6644672135,21.0,48,280
2025-11-27 13:08:20.016333,6644672133_1884768305,13.64,19,72
2025-11-27 13:08:20.233805,6644672135_6644672133,20.57,49,280
2025-11-27 13:08:20.380676,6644672135_106111364,22.63,21,132
2025-11-27 13:08:20.535812,6644721587_2195296719,25.09,34,237
2025-11-27 13:08:20.714156,6644721587_11107112929,23.66,7,46
2025-11-27 13:08:20.912412,6647118933_2290010722,22.42,22,137
2025-11-27 13:08:21.108950,6647145130_8598733283,8.1,12,27
2025-11-27 13:08:21.328975,6647145130_5701309369,12.45,24,83
2025-11-27 13:08:21.520779,6648096523_1758170763,3.27,22,20
2025-11-27 13:08:21.670720,6648096523_1613087628,6.06,19,32
2025-11-27 13:08:21.815349,6648096524_6648096525,32.8,27,246
2025-11-27 13:08:21.975027,6648096524_12024836052,18.08,142,713
2025-11-27 13:08:22.099611,6648096525_6648096524,32.8,27,246
2025-11-27 13:08:22.314121,6648096525_5710565212,37.2,3,31
2025-11-27 13:08:22.528891,6648227219_2291254028,26.43,47,345
2025-11-27 13:08:22.741653,6648227221_6648227219,23.4,4,26
2025-11-27 13:08:22.955970,6648227221_6648227224,33.26,50,462
2025-11-27 13:08:23.091499,6648227222_6648227224,34.8,3,29
2025-11-27 13:08:23.229481,6648227222_2175126939,24.45,24,163
2025-11-27 13:08:23.380763,6648227223_5828999542,20.76,30,173
2025-11-27 13:08:23.569303,6648227224_6648227223,36.0,3,30
2025-11-27 13:08:23.773125,6648227224_6648227221,33.26,50,462
2025-11-27 13:08:23.935265,6650810650_444874859,9.09,38,96
2025-11-27 13:08:24.129069,6650810650_1613087620,5.28,15,22
2025-11-27 13:08:24.289918,6650876736_5718916292,4.67,272,353
2025-11-27 13:08:24.507213,6650876736_6650876740,18.8,673,3514
2025-11-27 13:08:24.726039,6650876740_6650876736,13.57,52,196
2025-11-27 13:08:24.902659,6650876740_634709500,18.84,270,1413
2025-11-27 13:08:25.112497,6650982900_6650982901,26.47,145,1066
2025-11-27 13:08:25.317728,6650982900_6648227219,27.65,22,169
2025-11-27 13:08:25.473550,6650982901_6650982900,9.08,44,111
2025-11-27 13:08:25.609290,6650982901_444875375,5.52,30,46
2025-11-27 13:08:25.819953,6651770209_6651770210,4.6,18,23
2025-11-27 13:08:26.006066,6651770209_444875374,12.53,158,550
2025-11-27 13:08:26.164786,6651770210_6651770209,16.08,210,938
2025-11-27 13:08:26.386184,6651770210_5716670628,12.6,114,399
2025-11-27 13:08:26.550907,6658429241_10130533935,25.41,153,1080
2025-11-27 13:08:26.705253,6658429241_11014094287,21.89,25,152
2025-11-27 13:08:26.856282,6659072489_5710231827,21.73,28,169
2025-11-27 13:08:27.043182,6659072490_6659072489,7.71,21,45
2025-11-27 13:08:27.190981,6659072490_1878921405,24.14,17,114
2025-11-27 13:08:27.413758,6659072491_6659072492,18.51,7,36
2025-11-27 13:08:27.546235,6659072491_6610574244,20.85,24,139
2025-11-27 13:08:27.709966,6659072492_6659072490,28.15,22,172
2025-11-27 13:08:27.910692,6659134171_1758633112,16.97,105,495
2025-11-27 13:08:28.060210,6659134171_1884769977,27.9,12,93
2025-11-27 13:08:28.196942,6659134172_5954441640,29.08,13,105
2025-11-27 13:08:28.346975,6659134174_5716408768,17.56,49,239
2025-11-27 13:08:28.513121,6659134177_1314209716,20.4,15,85
2025-11-27 13:08:28.709241,6661055809_2050902820,28.8,1,8
2025-11-27 13:08:28.858034,6661055810_6661055809,5.84,85,138
2025-11-27 13:08:29.013515,6661055810_4961341860,4.89,28,38
2025-11-27 13:08:29.208859,6661055813_6662639319,10.8,13,39
2025-11-27 13:08:29.393959,6661487944_6661487945,20.86,121,701
2025-11-27 13:08:29.523054,6661487944_5641890822,26.29,136,993
2025-11-27 13:08:29.660342,6661487945_6661487944,21.2,9,53
2025-11-27 13:08:29.849659,6661487945_12908782868,25.96,19,137
2025-11-27 13:08:30.056414,6662241086_6662241087,20.0,9,50
2025-11-27 13:08:30.195818,6662241086_4025115175,16.14,221,991
2025-11-27 13:08:30.344753,6662241087_6662241086,18.5,87,447
2025-11-27 13:08:30.582123,6662241087_6662241094,17.33,75,361
2025-11-27 13:08:30.741115,6662241094_6662241095,14.4,61,244
2025-11-27 13:08:30.889345,6662241094_446030797,10.23,38,108
2025-11-27 13:08:31.084118,6662241095_6662241094,13.89,7,27
2025-11-27 13:08:31.219955,6662241095_6662241086,18.0,73,365
2025-11-27 13:08:31.359271,6662639319_2050902830,19.8,16,88
2025-11-27 13:08:31.517688,6666128977_5962836764,61.2,1,17
2025-11-27 13:08:31.672069,6666479030_8598733283,0.0,0,4
2025-11-27 13:08:31.808253,6670444529_6670444530,26.83,75,559
2025-11-27 13:08:31.961429,6670444529_420456683,30.48,15,127
2025-11-27 13:08:32.102313,6670444530_6670444529,3.18,17,15
2025-11-27 13:08:32.297956,6670444530_12513272960,29.9,23,191
2025-11-27 13:08:32.428622,6672531385_12872373346,19.85,39,215
2025-11-27 13:08:32.663450,6677147301_5489009621,11.83,7,23
2025-11-27 13:08:32.871858,6677147301_2050902835,24.84,20,138
2025-11-27 13:08:33.063075,6677147310_5485653490,23.89,11,73
2025-11-27 13:08:33.224581,6677300866_309685730,15.93,94,416
2025-11-27 13:08:33.417093,6677300866_6677364041,20.0,9,50
2025-11-27 13:08:33.618531,6677338241_98026475,16.36,33,150
2025-11-27 13:08:33.761212,6677338241_1314209698,17.02,11,52
2025-11-27 13:08:33.898184,6677364041_2295384939,24.3,8,54
2025-11-27 13:08:34.033050,6677687639_5707122750,18.4,9,46
2025-11-27 13:08:34.173648,6677687639_4538571818,34.45,404,3866
2025-11-27 13:08:34.305852,6677687648_1314191405,0.0,0,10
2025-11-27 13:08:34.461744,6677687648_5707122750,22.5,8,50
2025-11-27 13:08:34.631852,6677895172_1494041352,22.91,344,2189
2025-11-27 13:08:34.834104,6677895172_1494041351,26.26,17,124
2025-11-27 13:08:35.102814,6677895176_1494041352,26.1,4,29
2025-11-27 13:08:35.258003,6677895176_1494041351,20.66,145,832
2025-11-27 13:08:35.437960,6684737819_4540453404,27.6,24,184
2025-11-27 13:08:35.634488,6684737819_4540453400,39.05,46,499
2025-11-27 13:08:35.834662,6685236291_6685236292,19.51,69,374
2025-11-27 13:08:36.032186,6685236291_8231491408,26.55,24,177
2025-11-27 13:08:36.239587,6685236292_6685236291,7.5,12,25
2025-11-27 13:08:36.388718,6685236292_4961341859,12.3,48,164
2025-11-27 13:08:36.528197,6685434573_6662241087,27.36,10,76
2025-11-27 13:08:36.675930,6687964478_442990465,16.46,150,686
2025-11-27 13:08:36.822453,6687964478_5716241017,19.35,8,43
2025-11-27 13:08:37.024528,6688471376_5686449780,15.42,232,994
2025-11-27 13:08:37.198747,6688471376_7920618647,13.17,79,289
2025-11-27 13:08:37.463056,6688490814_6647145130,5.63,23,36
2025-11-27 13:08:37.621328,6688490814_5485653490,22.94,35,223
2025-11-27 13:08:37.752418,6688503842_6405794494,24.0,3,20
2025-11-27 13:08:37.897620,6688503847_1758631175,8.4,12,28
2025-11-27 13:08:38.117160,6688503847_6688503842,6.66,20,37
2025-11-27 13:08:38.327756,6688570392_6441639163,21.6,3,18
2025-11-27 13:08:38.547140,6688570392_6688570393,28.58,66,524
2025-11-27 13:08:38.741479,6688570393_6688570397,32.5,37,334
2025-11-27 13:08:38.951613,6688570397_6688570401,17.64,10,49
2025-11-27 13:08:39.129983,6688570397_12600043488,30.24,5,42
2025-11-27 13:08:39.344089,6688570401_6688570392,30.55,39,331
2025-11-27 13:08:39.524832,6689057478_6689057484,36.0,3,30
2025-11-27 13:08:39.708180,6689057478_6689057482,16.2,8,36
2025-11-27 13:08:39.913374,6689057482_6601012241,34.35,24,229
2025-11-27 13:08:40.124305,6689057484_13206202825,29.42,35,286
2025-11-27 13:08:40.269140,6689058288_6689057482,32.4,2,18
2025-11-27 13:08:40.410955,6689058288_6689057484,26.8,9,67
2025-11-27 13:08:40.602988,7301485388_1497544796,8.1,12,27
2025-11-27 13:08:40.817438,7920618640_5683715143,29.56,57,468
2025-11-27 13:08:41.010425,7920618640_5683715143,29.56,57,468
2025-11-27 13:08:41.205048,7920618647_4599745018,22.5,4,25
2025-11-27 13:08:41.465599,7920618647_7920618648,17.55,8,39
2025-11-27 13:08:41.619078,7920618648_5674347102,12.43,170,587
2025-11-27 13:08:41.770787,7920618648_10130533955,10.56,15,44
2025-11-27 13:08:41.936419,7920618648_4599745018,14.0,198,770
2025-11-27 13:08:42.082286,7985603136_98027697,15.94,7,31
2025-11-27 13:08:42.310674,7985603136_10130533953,17.28,285,1368
2025-11-27 13:08:42.516289,7985603138_5686449780,27.34,37,281
2025-11-27 13:08:42.740631,7985603147_7985603148,22.26,331,2047
2025-11-27 13:08:42.920264,7985603147_7920618640,27.66,685,5263
2025-11-27 13:08:43.077780,7985603148_7985603147,39.3,12,131
2025-11-27 13:08:43.239429,7985603148_6617292919,22.58,22,138
2025-11-27 13:08:43.457588,8231491408_8231491411,11.1,119,367
2025-11-27 13:08:43.651862,8231491408_5707161162,22.05,16,98
2025-11-27 13:08:43.798366,8231491411_8231491408,4.2,18,21
2025-11-27 13:08:43.971963,8231491411_6685236292,25.06,26,181
2025-11-27 13:08:44.154416,8237661942_2053894358,5.54,13,20
2025-11-27 13:08:44.317950,8237661942_308728680,17.25,62,297
2025-11-27 13:08:44.579657,8242664547_11107112958,20.58,374,2138
2025-11-27 13:08:44.713978,8242664547_12174413404,25.2,8,56
2025-11-27 13:08:44.904195,8242664547_12559133535,20.31,365,2059
2025-11-27 13:08:45.099835,8295729267_3779242655,43.88,37,451
2025-11-27 13:08:45.288828,8295729267_6600206282,26.84,44,328
2025-11-27 13:08:45.414002,8341509535_10743484787,25.2,2,14
2025-11-27 13:08:45.554227,8341509537_5485722628,22.26,65,402
2025-11-27 13:08:45.686769,8341509537_6413551907,25.2,2,14
2025-11-27 13:08:45.890857,8462967636_5710691044,54.0,1,15
2025-11-27 13:08:46.089994,8598733283_6666479030,14.4,1,4
2025-11-27 13:08:46.242729,8598733283_6688490814,21.6,11,66
2025-11-27 13:08:46.448535,8823455179_6661055810,14.33,398,1584
2025-11-27 13:08:46.655720,8823455180_8823455179,6.9,12,23
2025-11-27 13:08:46.779498,8823455180_98031401,11.4,6,19
2025-11-27 13:08:47.042837,8921282801_10202001781,8.4,33,77
2025-11-27 13:08:47.228072,9576908879_1314203096,5.35,33,49
2025-11-27 13:08:47.435086,9970440452_12484632695,28.8,16,128
2025-11-27 13:08:47.571530,9980229913_1497544764,23.83,97,642
2025-11-27 13:08:47.731868,9980229913_7301485388,25.79,43,308
2025-11-27 13:08:47.869866,10076263973_5710098650,28.47,121,957
2025-11-27 13:08:48.070804,10076263976_10076263977,9.43,55,144
2025-11-27 13:08:48.207293,10076263976_4540453394,12.29,126,430
2025-11-27 13:08:48.341134,10076263977_4540453396,20.4,3,17
2025-11-27 13:08:48.472744,10076263978_10076263979,2.65,34,25
2025-11-27 13:08:48.657010,10076263978_4542621501,4.24,17,20
2025-11-27 13:08:48.796428,10076263979_5093497426,27.0,2,15
2025-11-27 13:08:48.965493,10087376960_5641890823,20.8,9,52
2025-11-27 13:08:49.102617,10087376960_5641890821,34.2,16,152
2025-11-27 13:08:49.320043,10100966682_12513272960,17.62,150,734
2025-11-27 13:08:49.465259,10100966682_6685434573,15.65,69,300
2025-11-27 13:08:49.612972,10130533935_1495023340,19.43,308,1662
2025-11-27 13:08:49.808517,10130533953_4600895552,15.2,144,608
2025-11-27 13:08:49.977314,10130533953_7985603138,12.9,12,43
2025-11-27 13:08:50.119614,10130533953_98027697,3.82,33,35
2025-11-27 13:08:50.330743,10130533955_7985603147,31.54,21,184
2025-11-27 13:08:50.601722,10151536198_2570960524,27.67,35,269
2025-11-27 13:08:50.744628,10159724112_6666128977,54.0,1,15
2025-11-27 13:08:50.998185,10180671333_420522002,27.77,7,54
2025-11-27 13:08:51.140263,10180671333_98041254,6.22,22,38
2025-11-27 13:08:51.282330,10202001781_1881927757,19.05,89,471
2025-11-27 13:08:51.485493,10203920310_1881928279,50.4,1,14
2025-11-27 13:08:51.662660,10203920310_5718886024,27.36,10,76
2025-11-27 13:08:51.848267,10203920324_10203920325,14.4,3,12
2025-11-27 13:08:52.014042,10203920324_1881928007,0.0,12,0
2025-11-27 13:08:52.161302,10203920325_5718886024,10.8,1,3
2025-11-27 13:08:52.301327,10203920328_1881927759,0.0,0,0
2025-11-27 13:08:52.442282,10203920329_10203920328,18.48,60,308
2025-11-27 13:08:52.677260,10203920329_1219243636,6.51,26,47
2025-11-27 13:08:52.871535,10296445822_10997686363,24.4,181,1227
2025-11-27 13:08:53.047812,10296445822_10296445824,16.38,381,1734
2025-11-27 13:08:53.323086,10296445822_309816683,16.4,373,1699
2025-11-27 13:08:53.536499,10296445823_309816683,7.02,20,39
2025-11-27 13:08:53.754640,10296445823_10296445822,5.4,34,51
2025-11-27 13:08:53.920562,10296445824_5718916302,25.2,5,35
2025-11-27 13:08:54.127868,10542328776_6685605986,18.51,7,36
2025-11-27 13:08:54.273988,10542328776_1748294274,5.24,33,48
2025-11-27 13:08:54.498728,10542328776_13023100784,22.48,86,537
2025-11-27 13:08:54.645909,10682258584_6603014206,24.89,104,719
2025-11-27 13:08:54.800651,10682258584_6606566488,24.0,3,20
2025-11-27 13:08:54.966522,10743484787_8341509535,25.2,2,14
2025-11-27 13:08:55.128178,10743484787_6610228314,22.37,61,379
2025-11-27 13:08:55.277638,10743484787_8341509537,15.6,15,65
2025-11-27 13:08:55.413093,10965136434_420456595,8.4,6,14
2025-11-27 13:08:55.564861,10965136434_6621078250,31.66,34,299
2025-11-27 13:08:55.718353,10997686363_10296445822,16.31,326,1477
2025-11-27 13:08:55.914621,10997686363_11107112927,24.6,6,41
2025-11-27 13:08:56.182379,11014094287_11014094288,12.03,35,117
2025-11-27 13:08:56.334503,11014094287_1884765802,17.87,161,799
2025-11-27 13:08:56.470367,11014094288_11014094287,14.07,11,43
2025-11-27 13:08:56.622045,11014094288_1495023340,28.8,19,152
2025-11-27 13:08:56.820430,11107112919_438036727,21.6,10,60
2025-11-27 13:08:57.024659,11107112919_12559133535,30.6,2,17
2025-11-27 13:08:57.159672,11107112923_10997686363,29.52,5,41
2025-11-27 13:08:57.339640,11107112923_11107112927,27.26,7,53
2025-11-27 13:08:57.556451,11107112927_11107112935,27.0,4,30
2025-11-27 13:08:57.720512,11107112929_11107112919,0.0,0,0
2025-11-27 13:08:57.859332,11107112935_11107112929,22.95,8,51
2025-11-27 13:08:58.004565,11107112935_6644721587,20.19,371,2081
2025-11-27 13:08:58.158567,11107112958_8242664547,20.01,152,845
2025-11-27 13:08:58.367566,11111175323_11111175326,31.8,6,53
2025-11-27 13:08:58.518148,11111175326_6600206283,35.07,108,1052
2025-11-27 13:08:58.722563,11182265554_4540453378,21.42,40,238
2025-11-27 13:08:58.867944,11182265554_5716807749,32.95,13,119
2025-11-27 13:08:59.014081,11201648616_445970799,16.77,85,396
2025-11-27 13:08:59.196414,11209721500_11209721504,20.16,10,56
2025-11-27 13:08:59.377122,11209721504_13322115744,38.08,45,476
2025-11-27 13:08:59.595335,11700202516_11700202517,22.55,19,119
2025-11-27 13:08:59.757476,11700202516_10087376960,39.6,3,33
2025-11-27 13:08:59.896268,11700202517_11700202516,15.05,11,46
2025-11-27 13:09:00.029595,11700202517_4538405021,30.17,58,486
2025-11-27 13:09:00.178678,11768052436_4538405137,41.4,2,23
2025-11-27 13:09:00.376953,11768052436_11768052437,13.8,12,46
2025-11-27 13:09:00.508010,11768052437_1881949102,37.57,23,240
2025-11-27 13:09:00.660413,11950483412_1884765806,4.55,19,24
2025-11-27 13:09:00.810102,11950483412_11950483417,4.98,34,47
2025-11-27 13:09:00.993419,11950483417_1314209717,36.0,1,10
2025-11-27 13:09:01.152364,12024836052_2274969534,27.0,22,165
2025-11-27 13:09:01.360344,12174413404_8242664547,20.14,361,2020
2025-11-27 13:09:01.496455,12206582473_2570960524,23.92,138,917
2025-11-27 13:09:01.650471,12206582473_6661487944,30.31,55,463
2025-11-27 13:09:01.785637,12357580642_12357580645,10.99,19,58
2025-11-27 13:09:01.946913,12357580642_421080868,5.32,23,34
2025-11-27 13:09:02.101354,12357580645_1497544736,10.8,11,33
2025-11-27 13:09:02.292351,12375164794_12768097335,23.4,2,13
2025-11-27 13:09:02.473216,12375164795_12375164794,12.04,32,107
2025-11-27 13:09:02.738970,12375164795_2302166519,0.0,0,7
2025-11-27 13:09:02.956112,12375164797_1691398148,5.66,7,11
2025-11-27 13:09:03.213030,12375164797_12375164798,9.66,41,110
2025-11-27 13:09:03.339784,12375164798_2302164518,27.85,19,147
2025-11-27 13:09:03.554320,12484632695_12484632696,30.28,51,429
2025-11-27 13:09:03.749669,12484632695_12600043494,31.07,19,164
2025-11-27 13:09:03.902152,12484632696_5831399053,33.02,29,266
2025-11-27 13:09:04.029211,12513272960_10100966682,46.8,1,13
2025-11-27 13:09:04.158700,12513272960_5707407591,9.09,59,149
2025-11-27 13:09:04.368060,12559133535_11107112958,34.2,8,76
2025-11-27 13:09:04.508607,12559133535_8242664547,24.83,29,200
2025-11-27 13:09:04.643923,12600043488_12484632696,32.02,19,169
2025-11-27 13:09:04.842039,12600043494_6688570401,35.28,5,49
2025-11-27 13:09:04.976926,12600043494_12600043488,28.8,12,96
2025-11-27 13:09:05.179549,12606538099_4539684490,38.57,42,450
2025-11-27 13:09:05.323604,12606538104_5710222986,11.41,170,539
2025-11-27 13:09:05.516421,12725862784_4541105059,22.08,193,1184
2025-11-27 13:09:05.720158,12725862785_12725862784,18.9,4,21
2025-11-27 13:09:05.910680,12725862785_10151536198,25.71,7,50
2025-11-27 13:09:06.100736,12768097332_1881927756,6.0,12,20
2025-11-27 13:09:06.298457,12768097332_12768097335,9.0,18,45
2025-11-27 13:09:06.477630,12816414542_5718916293,21.2,9,53
2025-11-27 13:09:06.622610,12816414542_98035472,7.92,105,231
2025-11-27 13:09:06.826826,12816414547_5718916292,12.6,4,14
2025-11-27 13:09:06.988080,12872373345_12872373346,8.0,9,20
2025-11-27 13:09:07.138229,12872373345_10203920310,17.58,43,210
2025-11-27 13:09:07.330784,12872373346_12872373345,12.0,6,20
2025-11-27 13:09:07.465051,12872373346_1219243660,13.42,11,41
2025-11-27 13:09:07.594067,12908782868_10151536198,28.8,7,56
2025-11-27 13:09:07.758041,12908782868_12725862784,36.0,5,50
2025-11-27 13:09:08.010183,13023100784_10542328776,18.41,105,537
2025-11-27 13:09:08.171002,13023100784_13023100793,0.0,3,0
2025-11-27 13:09:08.344020,13023100793_13023100794,0.0,0,1
2025-11-27 13:09:08.528016,13023100793_420456583,17.54,149,726
2025-11-27 13:09:08.696087,13023100794_442993523,18.57,70,361
2025-11-27 13:09:08.852913,13023100794_13023100784,0.0,0,1
2025-11-27 13:09:09.042903,13206202825_4538405017,38.03,85,898
2025-11-27 13:09:09.193800,13206202825_4538405006,30.6,46,391
2025-11-27 13:09:09.382150,13282498392_8295729267,26.05,17,123
2025-11-27 13:09:09.547155,13282498392_13282498396,37.42,43,447
2025-11-27 13:09:09.711360,13282498396_6600206282,21.4,179,1064
2025-11-27 13:09:09.855608,13282498396_6600206283,10.58,16,47
2025-11-27 13:09:10.037820,13282498396_13282511305,34.46,14,134
2025-11-27 13:09:10.192422,13282511304_5710691045,36.51,7,71
2025-11-27 13:09:10.332219,13282511305_5598303159,0.0,0,5
2025-11-27 13:09:10.532559,13282511305_13282511304,38.95,72,779
2025-11-27 13:09:10.667797,13322115743_13322115744,27.01,141,1058
2025-11-27 13:09:10.859575,13322115743_5707262958,27.46,62,473
2025-11-27 13:09:11.016263,13322115744_13322115743,21.06,140,819
2025-11-27 13:09:11.173868,13322115744_1879088106,29.96,34,283
2025-11-27 13:09:11.360568,13327548965_13327548966,34.2,2,19
2025-11-27 13:09:11.523730,13327548966_10202001781,14.86,55,227
2025-11-27 13:09:11.680454,13327548966_13327548968,17.91,79,393
2025-11-27 13:09:11.848320,13327548967_2185731479,26.61,23,170
2025-11-27 13:09:12.006970,13327548967_13327548965,16.06,128,571
2025-11-27 13:09:12.147343,13327548968_13327548967,28.8,3,24
2025-11-27 13:11:01.293690,81805393_11950483412,4.91,11,15
2025-11-27 13:11:01.451070,81805393_1884765798,17.03,196,927
2025-11-27 13:11:01.589235,81806535_1497544749,13.68,10,38
2025-11-27 13:11:01.715944,81806535_5707161153,9.05,115,289
2025-11-27 13:11:01.883403,98026475_6677338241,18.73,118,614
2025-11-27 13:11:02.024302,98027697_4599745018,9.3,12,31
2025-11-27 13:11:02.156880,98027697_7985603138,21.6,6,36
2025-11-27 13:11:02.316111,98027697_10130533953,16.12,161,721
2025-11-27 13:11:02.446603,98031401_6661055810,0.0,10,0
2025-11-27 13:11:02.598687,98031401_8823455179,10.24,96,273
2025-11-27 13:11:02.831266,98035472_309816683,16.45,158,722
2025-11-27 13:11:02.988877,98035472_12816414547,15.47,209,898
2025-11-27 13:11:03.131617,98035472_5718916293,16.4,9,41
2025-11-27 13:11:03.285988,98041254_420456615,9.36,5,13
2025-11-27 13:11:03.448132,98041254_420522002,24.48,5,34
2025-11-27 13:11:03.605863,98041257_98041849,10.44,10,29
2025-11-27 13:11:03.748382,98041257_5710673974,15.84,5,22
2025-11-27 13:11:03.902710,98041257_5710673979,32.4,3,27
2025-11-27 13:11:04.058721,98041849_98041257,11.6,9,29
2025-11-27 13:11:04.198155,98041849_5718871870,12.6,6,21
2025-11-27 13:11:04.346325,98041849_733429120,11.14,21,65
2025-11-27 13:11:04.483930,98041851_98041254,22.44,168,1047
2025-11-27 13:11:04.623312,98041851_2084132002,34.2,4,38
2025-11-27 13:11:04.785275,98042270_309816682,18.39,121,618
2025-11-27 13:11:04.928146,98042270_6677300866,19.03,56,296
2025-11-27 13:11:05.078519,106078638_6587651051,36.0,5,50
2025-11-27 13:11:05.223109,106078638_442990465,25.71,7,50
2025-11-27 13:11:05.379682,106108917_2174649904,8.78,16,39
2025-11-27 13:11:05.587832,106108917_2176926218,23.87,89,590
2025-11-27 13:11:05.753470,106111364_6644672135,22.86,20,127
2025-11-27 13:11:05.903121,106111364_446030797,15.39,218,932
2025-11-27 13:11:06.033590,283139229_444875375,9.0,8,20
2025-11-27 13:11:06.168033,283139229_5718871870,17.86,157,779
2025-11-27 13:11:06.384498,283139229_6650982900,27.0,6,45
2025-11-27 13:11:06.510249,283139237_5206119178,21.08,90,527
2025-11-27 13:11:06.696088,283139237_2188036136,26.87,28,209
2025-11-27 13:11:06.894065,308728680_1314203102,7.65,8,17
2025-11-27 13:11:07.052384,308728680_310729950,17.46,179,868
2025-11-27 13:11:07.181996,308728680_2289997644,20.19,23,129
2025-11-27 13:11:07.352199,309595522_6666479030,10.44,10,29
2025-11-27 13:11:07.566493,309685730_6677300866,20.88,5,29
2025-11-27 13:11:07.698690,309685730_2195296719,18.86,130,681
2025-11-27 13:11:07.833452,309685730_309816682,20.27,54,304
2025-11-27 13:11:07.966834,309816682_98042270,8.51,11,26
2025-11-27 13:11:08.110319,309816682_5718916274,17.6,63,308
2025-11-27 13:11:08.272474,309816683_98035472,9.49,63,166
2025-11-27 13:11:08.418988,309816683_10296445822,13.92,233,901
2025-11-27 13:11:08.574228,309816683_10296445824,15.75,8,35
2025-11-27 13:11:08.715998,310729950_6677364041,9.0,26,65
2025-11-27 13:11:08.856454,310729950_6677300866,7.02,20,39
2025-11-27 13:11:09.070841,317366886_444501629,7.56,10,21
2025-11-27 13:11:09.270743,317366886_4540453399,17.77,157,775
2025-11-27 13:11:09.407021,317778303_427847910,9.0,8,20
2025-11-27 13:11:09.541698,317778303_5716477056,33.2,36,332
2025-11-27 13:11:09.704455,319490613_1104490487,25.06,133,926
2025-11-27 13:11:09.919439,420456583_6621078251,23.14,14,90
2025-11-27 13:11:10.153580,420456583_13023100793,17.2,18,86
2025-11-27 13:11:10.310531,420456595_10965136434,2.4,21,14
2025-11-27 13:11:10.454537,420456595_4541071715,15.6,69,299
2025-11-27 13:11:10.613681,420456615_733429120,18.0,6,30
2025-11-27 13:11:10.747799,420456615_98041257,7.78,31,67
2025-11-27 13:11:10.888491,420456683_5710231827,20.14,101,565
2025-11-27 13:11:11.052040,420456683_5206119178,14.2,18,71
2025-11-27 13:11:11.222812,420456683_1878932244,29.86,17,141
2025-11-27 13:11:11.412266,420457653_11107112923,29.19,37,300
2025-11-27 13:11:11.568840,420460217_1878921396,25.17,231,1615
2025-11-27 13:11:11.708317,420460217_4004297090,5.29,51,75
2025-11-27 13:11:11.839718,420522002_6587550954,29.6,9,74
2025-11-27 13:11:11.988965,421080868_4961341856,10.47,11,32
2025-11-27 13:11:12.126385,421080868_12357580645,14.06,105,410
2025-11-27 13:11:12.270971,427847910_2291072476,18.0,3,15
2025-11-27 13:11:12.434421,427847910_1495030951,21.6,6,36
2025-11-27 13:11:12.591117,428673752_421080868,13.46,84,314
2025-11-27 13:11:12.742317,428673752_2291064324,16.36,11,50
2025-11-27 13:11:12.898812,436383687_5710222987,31.8,18,159
2025-11-27 13:11:13.057251,436388447_2295384939,5.4,10,15
2025-11-27 13:11:13.208005,436388447_309685730,10.15,33,93
2025-11-27 13:11:13.379997,442990465_106078638,18.52,83,427
2025-11-27 13:11:13.529120,442990465_6687964478,14.36,172,686
2025-11-27 13:11:13.761298,442990465_6587651051,13.95,8,31
2025-11-27 13:11:13.929148,442993523_13023100794,19.69,66,361
2025-11-27 13:11:14.078202,444394912_2701184883,16.96,291,1371
2025-11-27 13:11:14.223441,444394912_4538405026,27.26,14,106
2025-11-27 13:11:14.354276,444394912_5716537702,5.54,39,60
2025-11-27 13:11:14.554935,444398125_444393381,16.63,21,97
2025-11-27 13:11:14.698509,444398125_2186671584,4.63,7,9
2025-11-27 13:11:14.916669,444501629_2291073251,9.26,7,18
2025-11-27 13:11:15.059592,444501629_2186671586,15.67,17,74
2025-11-27 13:11:15.189386,444501637_6648227221,46.8,2,26
2025-11-27 13:11:15.334748,444501637_6650982901,29.31,21,171
2025-11-27 13:11:15.490837,444874857_444875374,7.65,8,17
2025-11-27 13:11:15.654224,444874857_6651770210,27.0,48,360
2025-11-27 13:11:15.792699,444874859_6650810650,22.06,110,674
2025-11-27 13:11:15.945755,444874859_5710565212,25.2,19,133
2025-11-27 13:11:16.109997,444875109_448838032,12.96,5,18
2025-11-27 13:11:16.277580,444875109_5709996125,13.93,114,441
2025-11-27 13:11:16.425461,444875130_1613087628,18.0,4,20
2025-11-27 13:11:16.566183,444875130_1758170763,27.9,4,31
2025-11-27 13:11:16.692019,444875374_444875109,11.88,10,33
2025-11-27 13:11:16.835253,444875374_283139229,17.52,15,73
2025-11-27 13:11:16.968087,444875375_283139229,9.0,8,20
2025-11-27 13:11:17.118154,444875375_444875109,10.65,24,71
2025-11-27 13:11:17.264026,444875375_2188036136,21.57,112,671
2025-11-27 13:11:17.401356,445970096_2050902830,13.5,4,15
2025-11-27 13:11:17.595507,445970096_8823455180,8.34,38,88
2025-11-27 13:11:17.738572,445970127_2050902827,11.7,4,13
2025-11-27 13:11:17.900451,445970127_2050902832,28.56,15,119
2025-11-27 13:11:18.060313,445970799_1884776799,14.96,149,619
2025-11-27 13:11:18.193293,445970799_2291064328,15.81,23,101
2025-11-27 13:11:18.391516,446030797_2176926218,13.37,7,26
2025-11-27 13:11:18.528976,446030797_2174649904,20.04,104,579
2025-11-27 13:11:18.667098,446030797_106111364,18.23,47,238
2025-11-27 13:11:18.816580,448838032_444874857,11.4,6,19
2025-11-27 13:11:19.037073,448838032_2175126932,22.5,8,50
2025-11-27 13:11:19.200524,634709500_1613087622,17.75,302,1489
2025-11-27 13:11:19.391783,634709500_6650876740,22.02,17,104
2025-11-27 13:11:19.548459,733429120_98041851,15.3,4,17
2025-11-27 13:11:19.712505,733429120_6651770209,35.43,44,433
2025-11-27 13:11:19.847510,1104490487_319490613,8.1,8,18
2025-11-27 13:11:20.040542,1104490487_12357580642,23.36,166,1077
2025-11-27 13:11:20.192307,1219243636_1220930858,16.2,4,18
2025-11-27 13:11:20.414919,1219243636_1881928280,21.6,7,42
2025-11-27 13:11:20.618774,1219243660_12872373346,10.54,14,41
2025-11-27 13:11:20.747736,1220930858_1221053112,6.3,8,14
2025-11-27 13:11:20.902659,1220930858_10203920325,27.0,6,45
2025-11-27 13:11:21.111981,1220930867_12872373345,15.05,11,46
2025-11-27 13:11:21.254928,1221053112_1748294231,10.8,6,18
2025-11-27 13:11:21.385710,1221053112_1881928008,30.96,5,43
2025-11-27 13:11:21.524370,1221161727_1884747787,18.0,6,30
2025-11-27 13:11:21.668558,1221161727_3779255487,23.45,237,1544
2025-11-27 13:11:21.823459,1221161730_4106937190,21.6,11,66
2025-11-27 13:11:21.973594,1221161730_1221161727,4.68,40,52
2025-11-27 13:11:22.158646,1312645244_1691398148,11.7,4,13
2025-11-27 13:11:22.302131,1312645244_12375164798,19.8,2,11
2025-11-27 13:11:22.459351,1312650077_1838584736,22.8,3,19
2025-11-27 13:11:22.647664,1312650077_1879088108,20.45,163,926
2025-11-27 13:11:22.806836,1312650079_1887751321,18.0,4,20
2025-11-27 13:11:22.952747,1312650079_2185731477,26.55,8,59
2025-11-27 13:11:23.103546,1314185585_4539132165,44.04,103,1260
2025-11-27 13:11:23.251625,1314185648_4539132165,30.38,25,211
2025-11-27 13:11:23.397963,1314185653_2326674288,43.2,1,12
2025-11-27 13:11:23.569225,1314185677_1314191420,24.45,169,1148
2025-11-27 13:11:23.806373,1314185677_6621357112,28.68,146,1163
2025-11-27 13:11:23.948616,1314191398_106070559,34.52,421,4037
2025-11-27 13:11:24.094117,1314191405_5707122750,34.03,408,3857
2025-11-27 13:11:24.223034,1314191405_4538571818,40.2,6,67
2025-11-27 13:11:24.370970,1314191414_436383687,24.48,5,34
2025-11-27 13:11:24.596777,1314191415_1314191414,8.5,69,163
2025-11-27 13:11:24.797159,1314191415_4539674875,4.86,60,81
2025-11-27 13:11:24.948581,1314191417_4930438606,39.6,14,154
2025-11-27 13:11:25.092518,1314191420_4539674875,9.63,40,107
2025-11-27 13:11:25.264278,1314191420_5709923602,11.64,129,417
2025-11-27 13:11:25.396349,1314191436_6621426601,4.4,27,33
2025-11-27 13:11:25.546530,1314191436_5709923601,20.44,31,176
2025-11-27 13:11:25.690498,1314203096_2053894358,21.33,40,237
2025-11-27 13:11:25.857975,1314203102_308728680,17.43,127,615
2025-11-27 13:11:26.031016,1314203102_1314203096,15.6,12,52
2025-11-27 13:11:26.183157,1314209691_1495020912,15.13,233,979
2025-11-27 13:11:26.322358,1314209691_6405794494,9.22,32,82
2025-11-27 13:11:26.452157,1314209698_1884765802,16.2,4,18
2025-11-27 13:11:26.613757,1314209698_11014094288,24.0,6,40
2025-11-27 13:11:26.756936,1314209699_11950483417,22.32,5,31
2025-11-27 13:11:26.898935,1314209699_1884765806,16.78,189,881
2025-11-27 13:11:27.076134,1314209716_6677895172,29.87,27,224
2025-11-27 13:11:27.250758,1314209716_1887748894,21.64,161,968
2025-11-27 13:11:27.393000,1314209717_6659134174,27.0,14,105
2025-11-27 13:11:27.524959,1475295085_1475295086,21.6,8,48
2025-11-27 13:11:27.718721,1475295085_1312645244,19.39,75,404
2025-11-27 13:11:27.866167,1475295086_1475295085,26.84,310,2311
2025-11-27 13:11:28.020672,1475295086_1879091756,36.05,77,771
2025-11-27 13:11:28.228373,1494041345_6677895176,20.16,5,28
2025-11-27 13:11:28.363162,1494041345_4004297090,8.83,42,103
2025-11-27 13:11:28.501275,1494041351_1494041366,31.54,21,184
2025-11-27 13:11:28.636206,1494041352_1494041374,29.05,29,234
2025-11-27 13:11:28.773658,1494041366_1878932244,23.94,83,552
2025-11-27 13:11:28.978492,1494041366_6670444530,31.01,31,267
2025-11-27 13:11:29.117265,1494041374_1758633098,16.87,83,389
2025-11-27 13:11:29.277307,1495020912_1758631175,15.0,6,25
2025-11-27 13:11:29.425822,1495020912_6688503842,16.8,6,28
2025-11-27 13:11:29.566508,1495022225_634709500,20.7,4,23
2025-11-27 13:11:29.709542,1495023340_1314209691,21.76,89,538
2025-11-27 13:11:29.929722,1495025257_6648096525,37.2,3,31
2025-11-27 13:11:30.079903,1495025257_6650810650,22.97,21,134
2025-11-27 13:11:30.212252,1495030950_1495030951,17.67,11,54
2025-11-27 13:11:30.413697,1495030950_427847910,7.4,18,37
2025-11-27 13:11:30.624355,1495030951_317366886,13.74,192,733
2025-11-27 13:11:30.759259,1497544719_428673752,5.89,22,36
2025-11-27 13:11:30.918821,1497544719_1904353550,8.77,23,56
2025-11-27 13:11:31.056720,1497544736_5707161153,15.6,6,26
2025-11-27 13:11:31.188367,1497544736_5707161151,13.85,26,100
2025-11-27 13:11:31.311984,1497544738_5707161163,12.6,6,21
2025-11-27 13:11:31.451276,1497544749_5706891499,20.34,20,113
2025-11-27 13:11:31.634300,1497544764_9980229913,21.49,32,191
2025-11-27 13:11:31.763454,1497544764_5706896622,27.49,11,84
2025-11-27 13:11:31.917855,1497544796_7301485388,24.89,117,809
2025-11-27 13:11:32.189526,1497544796_5704011299,23.54,191,1249
2025-11-27 13:11:32.321060,1497544796_1497544764,27.63,40,307
2025-11-27 13:11:32.482109,1498038039_420457653,9.22,50,128
2025-11-27 13:11:32.666953,1498111685_10180671333,10.8,5,15
2025-11-27 13:11:32.823225,1498111685_5716649671,11.83,14,46
2025-11-27 13:11:32.959477,1613087620_444875130,7.8,6,13
2025-11-27 13:11:33.106860,1613087620_5716616005,18.3,12,61
2025-11-27 13:11:33.260331,1613087622_1613087620,19.73,131,718
2025-11-27 13:11:33.387153,1613087622_444874859,24.0,3,20
2025-11-27 13:11:33.537275,1613087628_1613087622,12.24,5,17
2025-11-27 13:11:33.676559,1613087628_1495022225,20.7,8,46
2025-11-27 13:11:33.940747,1691398148_1881927756,23.03,261,1670
2025-11-27 13:11:34.080524,1692627215_6631796343,25.67,38,271
2025-11-27 13:11:34.217851,1692627215_1919720738,23.76,5,33
2025-11-27 13:11:34.385160,1699561405_1849738362,9.51,14,37
2025-11-27 13:11:34.542781,1699561405_5716544649,33.82,707,6642
2025-11-27 13:11:34.693059,1748294231_1219243636,7.2,7,14
2025-11-27 13:11:34.890762,1748294231_10203920328,24.17,7,47
2025-11-27 13:11:35.052513,1748294250_1748294257,8.4,6,14
2025-11-27 13:11:35.210857,1748294250_10203920324,19.35,24,129
2025-11-27 13:11:35.346107,1748294257_1748294250,7.2,7,14
2025-11-27 13:11:35.575827,1748294257_1919751060,19.33,57,306
2025-11-27 13:11:35.716320,1748294274_5710673974,17.7,121,595
2025-11-27 13:11:35.865810,1748294274_10542328776,4.94,35,48
2025-11-27 13:11:36.026227,1758170763_12024836052,24.53,16,109
2025-11-27 13:11:36.173342,1758170772_6648096523,8.4,6,14
2025-11-27 13:11:36.306518,1758170772_1495022225,9.64,34,91
2025-11-27 13:11:36.470306,1758629824_5683792676,15.6,3,13
2025-11-27 13:11:36.680609,1758631175_1314209699,20.4,3,17
2025-11-27 13:11:36.899744,1758631175_1884769979,18.0,8,40
2025-11-27 13:11:37.193820,1758633098_1758633108,27.6,3,23
2025-11-27 13:11:37.410501,1758633098_81805393,21.88,248,1507
2025-11-27 13:11:37.609027,1758633108_6659134174,31.2,3,26
2025-11-27 13:11:37.767049,1758633108_1758633112,23.89,77,511
2025-11-27 13:11:37.907247,1758633112_6659134172,22.66,186,1171
2025-11-27 13:11:38.061778,1758633112_1758633108,29.5,31,254
2025-11-27 13:11:38.288437,1758651218_6610574244,22.73,16,101
2025-11-27 13:11:38.440474,1758651218_6606566485,22.79,85,538
2025-11-27 13:11:38.616945,1838584736_1312650079,16.04,11,49
2025-11-27 13:11:38.820311,1838584736_1879088105,26.18,11,80
2025-11-27 13:11:38.957056,1849738362_1699561405,3.81,35,37
2025-11-27 13:11:39.119565,1849738362_5898769297,41.0,54,615
2025-11-27 13:11:39.400373,1878921396_6659072489,18.0,1,5
2025-11-27 13:11:39.556883,1878921403_5686426699,34.27,50,476
2025-11-27 13:11:39.792934,1878921403_5686426699,34.27,50,476
2025-11-27 13:11:39.991181,1878921405_1878921403,20.08,19,106
2025-11-27 13:11:40.168559,1878932244_1494041366,12.86,7,25
2025-11-27 13:11:40.339275,1878932244_420460217,18.4,36,184
2025-11-27 13:11:40.491921,1879088105_1879091755,29.31,14,114
2025-11-27 13:11:40.660162,1879088106_1879088105,21.41,19,113
2025-11-27 13:11:40.871887,1879088106_1838584736,13.73,145,553
2025-11-27 13:11:41.082541,1879088107_1879088108,27.26,14,106
2025-11-27 13:11:41.295385,1879088107_1312650077,8.62,33,79
2025-11-27 13:11:41.449919,1879088108_13322115743,37.41,28,291
2025-11-27 13:11:41.720835,1879091753_1879091756,14.95,13,54
2025-11-27 13:11:41.942144,1879091753_1475295085,37.15,72,743
2025-11-27 13:11:42.108264,1879091755_5898769297,13.64,151,572
2025-11-27 13:11:42.249276,1879091755_1699561405,28.25,78,612
2025-11-27 13:11:42.398235,1879091756_1879091753,17.95,160,798
2025-11-27 13:11:42.532347,1879091756_1879088107,29.78,11,91
2025-11-27 13:11:42.669602,1881927756_2302166519,19.2,3,16
2025-11-27 13:11:42.837876,1881927756_12375164794,43.2,1,12
2025-11-27 13:11:43.030175,1881927757_1881928008,6.59,71,130
2025-11-27 13:11:43.237538,1881927757_1881927759,6.18,53,91
2025-11-27 13:11:43.366117,1881927757_1748294231,3.28,45,41
2025-11-27 13:11:43.531017,1881927759_6687964478,20.06,201,1120
2025-11-27 13:11:43.699559,1881928007_1881928008,24.8,9,62
2025-11-27 13:11:43.896939,1881928007_1221053112,4.65,31,40
2025-11-27 13:11:44.036485,1881928008_1881927757,8.28,10,23
2025-11-27 13:11:44.172247,1881928008_13327548968,20.49,123,700
2025-11-27 13:11:44.340620,1881928278_10203920329,0.0,0,6
2025-11-27 13:11:44.480696,1881928278_6672531385,30.6,10,85
2025-11-27 13:11:44.685862,1881928279_1881928280,6.6,72,132
2025-11-27 13:11:44.824097,1881928279_1220930858,3.6,43,43
2025-11-27 13:11:45.021464,1881928280_6672531385,43.2,1,12
2025-11-27 13:11:45.230002,1881949102_1881949103,28.8,8,64
2025-11-27 13:11:45.365239,1881949102_4539675829,31.08,49,423
2025-11-27 13:11:45.519428,1881949103_1881949102,30.81,61,522
2025-11-27 13:11:45.685805,1881949103_11768052436,33.98,25,236
2025-11-27 13:11:45.884311,1884747787_4538405005,18.9,4,21
2025-11-27 13:11:46.064568,1884747789_1884747787,15.6,15,65
2025-11-27 13:11:46.203419,1884747789_3779255487,4.29,26,31
2025-11-27 13:11:46.358176,1884765798_6658429241,23.8,82,542
2025-11-27 13:11:46.566102,1884765802_1758629824,14.4,5,20
2025-11-27 13:11:46.765979,1884765802_5674347102,16.2,4,18
2025-11-27 13:11:46.907915,1884765806_1495020912,6.22,11,19
2025-11-27 13:11:47.061844,1884765806_1884765798,18.76,184,959
2025-11-27 13:11:47.189569,1884768305_1314209717,22.68,10,63
2025-11-27 13:11:47.325692,1884768305_1314209699,3.7,36,37
2025-11-27 13:11:47.493056,1884769977_6688503847,5.4,10,15
2025-11-27 13:11:47.647779,1884769977_1884769979,20.62,11,63
2025-11-27 13:11:47.782198,1884769979_6644672133,18.55,13,67
2025-11-27 13:11:47.942222,1884776799_445970799,18.99,95,501
2025-11-27 13:11:48.083036,1884776799_5954441639,18.69,141,732
2025-11-27 13:11:48.216977,1887748894_5875603186,23.14,7,45
2025-11-27 13:11:48.414253,1887751321_1312650077,17.2,9,43
2025-11-27 13:11:48.593540,1887751321_2185731481,33.6,6,56
2025-11-27 13:11:48.725749,1897734810_1897734813,14.8,9,37
2025-11-27 13:11:48.934188,1897734810_5710222979,4.99,239,331
2025-11-27 13:11:49.077250,1897734813_1897734810,14.8,9,37
2025-11-27 13:11:49.325719,1897734813_5093497429,17.82,20,99
2025-11-27 13:11:49.495396,1901865134_1901865135,19.2,6,32
2025-11-27 13:11:49.637929,1901865134_5710136485,21.6,28,168
2025-11-27 13:11:49.788753,1901865135_1901865134,23.11,167,1072
2025-11-27 13:11:49.923387,1901865135_5710673956,29.77,41,339
2025-11-27 13:11:50.082709,1904353550_1884776799,19.33,19,102
2025-11-27 13:11:50.278461,1904360482_2174649908,11.31,7,22
2025-11-27 13:11:50.503201,1904360482_106108917,21.22,57,336
2025-11-27 13:11:50.649419,1919720738_6641911209,0.0,0,6
2025-11-27 13:11:50.829922,1919750981_6631796343,25.92,5,36
2025-11-27 13:11:51.038737,1919750981_1919720738,18.4,9,46
2025-11-27 13:11:51.275907,1919751043_1919751060,32.4,2,18
2025-11-27 13:11:51.435639,1919751043_1748294250,13.3,85,314
2025-11-27 13:11:51.588050,1919751060_1954877845,32.4,2,18
2025-11-27 13:11:51.751425,1919751060_1919751043,10.8,6,18
2025-11-27 13:11:51.965564,1954877845_1919750981,26.8,9,67
2025-11-27 13:11:52.100908,2050902820_98031401,6.87,11,21
2025-11-27 13:11:52.250531,2050902820_6662639319,16.2,6,27
2025-11-27 13:11:52.521259,2050902827_445970127,6.69,7,13
2025-11-27 13:11:52.723349,2050902827_2050902836,31.89,14,124
2025-11-27 13:11:52.856702,2050902830_445970096,10.8,5,15
2025-11-27 13:11:53.043405,2050902830_2050902833,26.68,17,126
2025-11-27 13:11:53.185964,2050902832_2050902833,3.34,14,13
2025-11-27 13:11:53.396238,2050902832_445970096,20.74,21,121
2025-11-27 13:11:53.540996,2050902833_2050902827,27.45,16,122
2025-11-27 13:11:53.679433,2050902833_2050902832,6.69,7,13
2025-11-27 13:11:53.890178,2050902835_2050902836,7.2,8,16
2025-11-27 13:11:54.040322,2050902835_445970127,30.86,14,120
2025-11-27 13:11:54.169135,2050902836_2050902835,4.43,13,16
2025-11-27 13:11:54.311347,2050902836_5489009621,30.82,16,137
2025-11-27 13:11:54.590473,2053894358_8237661942,8.0,9,20
2025-11-27 13:11:54.754995,2053894358_2290010720,21.91,93,566
2025-11-27 13:11:54.960815,2084132002_5716649671,27.0,2,15
2025-11-27 13:11:55.160372,2084132003_5718871870,5.4,26,39
2025-11-27 13:11:55.338782,2084132003_5710673979,13.62,23,87
2025-11-27 13:11:55.475974,2084132003_98041849,3.49,32,31
2025-11-27 13:11:55.728050,2174649904_106108917,19.73,75,411
2025-11-27 13:11:55.917902,2174649904_2174649908,24.16,52,349
2025-11-27 13:11:56.117319,2174649908_1904360482,14.6,108,438
2025-11-27 13:11:56.319464,2174649908_4961341864,15.05,44,184
2025-11-27 13:11:56.594737,2175126932_6648227223,28.11,21,164
2025-11-27 13:11:56.791307,2175126939_2175126932,9.49,63,166
2025-11-27 13:11:56.932788,2175126939_444874857,5.51,32,49
2025-11-27 13:11:57.158025,2176926218_446030797,13.69,66,251
2025-11-27 13:11:57.356553,2176926218_6662241095,22.2,18,111
2025-11-27 13:11:57.524572,2176926218_5716616005,19.89,76,420
2025-11-27 13:11:57.709442,2185731222_1314191415,4.27,43,51
2025-11-27 13:11:57.935517,2185731222_436383687,6.09,123,208
2025-11-27 13:11:58.182871,2185731475_2185731477,27.49,11,84
2025-11-27 13:11:58.338374,2185731475_1312650079,6.33,33,58
2025-11-27 13:11:58.513922,2185731477_13327548965,27.49,22,168
2025-11-27 13:11:58.650983,2185731479_2185731481,29.16,10,81
2025-11-27 13:11:58.840610,2185731479_1887751321,4.46,46,57
2025-11-27 13:11:58.979258,2185731481_1879091753,34.8,12,116
2025-11-27 13:11:59.141029,2186671583_2186671586,2.7,12,9
2025-11-27 13:11:59.307929,2186671583_2291073251,4.99,44,61
2025-11-27 13:11:59.500320,2186671584_444398125,8.1,4,9
2025-11-27 13:11:59.656264,2186671584_2186671583,19.25,23,123
2025-11-27 13:11:59.870509,2186671585_2186671584,18.72,15,78
2025-11-27 13:12:00.010820,2186671586_2186671583,10.8,3,9
2025-11-27 13:12:00.170006,2186671586_444398125,16.03,31,138
2025-11-27 13:12:00.401348,2188036136_283139237,13.8,156,598
2025-11-27 13:12:00.622959,2188036136_444875375,6.48,70,126
2025-11-27 13:12:00.776795,2195296719_6644721587,0.0,0,4
2025-11-27 13:12:00.962593,2195296719_438036727,22.0,18,110
2025-11-27 13:12:01.104546,2195296719_309685730,16.34,150,681
2025-11-27 13:12:01.242082,2212544448_1314191436,6.17,7,12
2025-11-27 13:12:01.444982,2212544448_1314185648,20.43,43,244
2025-11-27 13:12:01.699438,2274969534_5828495464,4.15,13,15
2025-11-27 13:12:01.835573,2274969534_5718868836,28.71,42,335
2025-11-27 13:12:01.979830,2289976216_5718868836,26.16,94,683
2025-11-27 13:12:02.106826,2289976216_5828495464,26.06,46,333
2025-11-27 13:12:02.254199,2289997642_2289997644,4.4,9,11
2025-11-27 13:12:02.448239,2289997642_1314203102,12.69,38,134
2025-11-27 13:12:02.599880,2289997644_2289997642,13.2,3,11
2025-11-27 13:12:02.761259,2289997644_2289976216,23.83,21,139
2025-11-27 13:12:02.911190,2290010720_2290010722,6.3,8,14
2025-11-27 13:12:03.071182,2290010720_309595522,9.79,57,155
2025-11-27 13:12:03.203718,2290010722_2290010720,8.4,6,14
2025-11-27 13:12:03.355089,2290010722_8237661942,21.34,96,569
2025-11-27 13:12:03.495597,2291064324_319490613,23.2,18,116
2025-11-27 13:12:03.640405,2291064328_2291064324,19.64,11,60
2025-11-27 13:12:03.844305,2291064328_428673752,3.6,33,33
2025-11-27 13:12:04.027946,2291072469_317366886,8.64,5,12
2025-11-27 13:12:04.240112,2291072469_5710136488,15.92,166,734
2025-11-27 13:12:04.454358,2291072476_5710136485,10.8,6,18
2025-11-27 13:12:04.616243,2291072476_5710136487,28.8,4,32
2025-11-27 13:12:04.774530,2291073251_2291072469,8.8,9,22
2025-11-27 13:12:04.915046,2291073251_2291254030,26.85,35,261
2025-11-27 13:12:05.064235,2291254028_2291254030,12.24,10,34
2025-11-27 13:12:05.190342,2291254028_2291072469,12.97,73,263
2025-11-27 13:12:05.426397,2291254030_2291254028,22.86,180,1143
2025-11-27 13:12:05.559089,2291254030_444501637,27.76,45,347
2025-11-27 13:12:05.755293,2295384939_436388447,6.75,8,15
2025-11-27 13:12:05.969668,2295384939_5721511585,26.43,38,279
2025-11-27 13:12:06.103560,2302164518_2302164519,22.25,110,680
2025-11-27 13:12:06.276512,2302164518_5719031414,22.74,76,480
2025-11-27 13:12:06.440453,2302164519_2302164518,6.12,10,17
2025-11-27 13:12:06.598557,2302164519_12375164797,9.03,61,153
2025-11-27 13:12:06.765015,2302166519_1312645244,10.52,13,38
2025-11-27 13:12:06.903154,2302166519_1475295086,28.73,51,407
2025-11-27 13:12:07.117430,2303337176_1498038039,31.47,31,271
2025-11-27 13:12:07.343235,2326674277_5709923606,43.2,2,24
2025-11-27 13:12:07.554909,2326674277_2326674288,34.65,24,231
2025-11-27 13:12:07.784594,2326674281_5709923603,54.0,1,15
2025-11-27 13:12:07.924749,2326674281_1314191417,33.0,24,220
2025-11-27 13:12:08.060343,2326674288_4539674888,33.8,18,169
2025-11-27 13:12:08.232859,2570960524_12206582473,30.79,67,573
2025-11-27 13:12:08.366280,2570960524_5707647500,31.68,30,264
2025-11-27 13:12:08.550320,2584589542_5721511586,30.45,151,1277
2025-11-27 13:12:08.759667,2701058419_5716537675,16.98,39,184
2025-11-27 13:12:08.894956,2701184883_4539682086,21.47,27,161
2025-11-27 13:12:09.070469,3075526390_1919751043,28.8,3,24
2025-11-27 13:12:09.236955,3075526390_1954877845,23.6,9,59
2025-11-27 13:12:09.376773,3075526396_3075526390,27.45,8,61
2025-11-27 13:12:09.580290,3779255487_2701184883,17.88,274,1361
2025-11-27 13:12:09.781619,3779255487_5716537702,6.62,31,57
2025-11-27 13:12:10.001893,3779255494_4538405026,26.1,4,29
2025-11-27 13:12:10.163949,4004297090_1878921396,12.46,13,45
2025-11-27 13:12:10.322207,4004297090_1878921405,15.38,22,94
2025-11-27 13:12:10.598174,4025084971_6666128977,37.44,10,104
2025-11-27 13:12:10.802756,4025084971_4538571805,23.14,7,45
2025-11-27 13:12:10.962348,4025115175_5707407583,7.2,13,26
2025-11-27 13:12:11.125235,4025115175_5709996124,17.21,32,153
2025-11-27 13:12:11.368330,4027449781_6621078261,21.01,43,251
2025-11-27 13:12:11.638139,4106937190_4538404990,0.0,0,5
2025-11-27 13:12:11.800227,4538404990_13282498392,26.64,5,37
2025-11-27 13:12:11.954329,4538404991_4538405005,24.73,236,1621
2025-11-27 13:12:12.098962,4538404991_1221161727,22.86,468,2972
2025-11-27 13:12:12.289525,4538404998_3779255494,15.08,16,67
2025-11-27 13:12:12.441938,4538404998_1221161730,2.81,55,43
2025-11-27 13:12:12.576820,4538405005_4538405024,24.79,53,365
2025-11-27 13:12:12.781470,4538405006_1884747789,4.07,23,26
2025-11-27 13:12:12.936412,4538405006_2701184883,15.6,327,1417
2025-11-27 13:12:13.180668,4538405017_11700202516,33.37,52,482
2025-11-27 13:12:13.448947,4538405021_4538405024,39.28,79,862
2025-11-27 13:12:13.591658,4538405021_4538405061,32.75,410,3730
2025-11-27 13:12:13.730766,4538405024_6689058288,34.62,34,327
2025-11-27 13:12:13.887146,4538405026_4538405017,33.14,405,3728
2025-11-27 13:12:14.032408,4538405061_4538404998,21.6,4,24
2025-11-27 13:12:14.190413,4538405061_4106937190,6.84,162,308
2025-11-27 13:12:14.354917,4538405136_11768052437,31.32,70,609
2025-11-27 13:12:14.580371,4538405136_4538405137,34.14,62,588
2025-11-27 13:12:14.790875,4538405137_4540453395,12.8,27,96
2025-11-27 13:12:14.990867,4538571805_5707122780,37.55,188,1961
2025-11-27 13:12:15.122656,4538571805_4539675798,34.12,94,891
2025-11-27 13:12:15.296036,4538571806_4539675798,29.83,7,58
2025-11-27 13:12:15.560865,4538571806_5707122775,21.6,5,30
2025-11-27 13:12:15.814455,4538571818_1314191398,50.4,3,42
2025-11-27 13:12:16.082443,4539132150_4830545884,47.72,94,1246
2025-11-27 13:12:16.283576,4539132150_2326674277,30.96,25,215
2025-11-27 13:12:16.423654,4539132165_5716477055,18.58,37,191
2025-11-27 13:12:16.633976,4539674875_6621426593,28.35,8,63
2025-11-27 13:12:16.800852,4539674875_4539674879,7.85,33,72
2025-11-27 13:12:17.012345,4539674879_1314185677,21.82,16,97
2025-11-27 13:12:17.243829,4539674879_6628818468,26.74,7,52
2025-11-27 13:12:17.498575,4539674883_5716544649,42.3,32,376
2025-11-27 13:12:17.625418,4539674883_12606538099,61.24,87,1480
2025-11-27 13:12:17.851371,4539674888_1849738362,24.12,90,603
2025-11-27 13:12:17.991135,4539674888_3779255475,30.64,178,1515
2025-11-27 13:12:18.160074,4539675798_4538571805,33.87,405,3810
2025-11-27 13:12:18.291265,4539675798_5707122775,19.44,10,54
2025-11-27 13:12:18.464778,4539675798_10159724112,22.8,6,38
2025-11-27 13:12:18.592787,4539675829_444394912,23.73,27,178
2025-11-27 13:12:18.758401,4539682086_1881949103,26.85,59,440
2025-11-27 13:12:18.918826,4539682086_12606538104,24.48,65,442
2025-11-27 13:12:19.186391,4539684490_4539675829,29.35,52,424
2025-11-27 13:12:19.335124,4539684490_3779242655,53.3,93,1377
2025-11-27 13:12:19.578027,4540453369_4540453370,6.48,10,18
2025-11-27 13:12:19.722848,4540453370_4540453369,8.1,8,18
2025-11-27 13:12:19.930534,4540453370_5707271704,29.38,37,302
2025-11-27 13:12:20.060838,4540453378_5707271696,28.8,25,200
2025-11-27 13:12:20.268588,4540453393_4540453394,13.5,8,30
2025-11-27 13:12:20.440320,4540453393_10076263977,25.2,3,21
2025-11-27 13:12:20.590069,4540453394_5093497431,17.28,10,48
2025-11-27 13:12:20.732508,4540453394_4540453405,11.4,102,323
2025-11-27 13:12:20.986624,4540453395_4540453396,29.25,8,65
2025-11-27 13:12:21.149506,4540453395_4540453393,7.05,24,47
2025-11-27 13:12:21.313393,4540453396_4540453400,40.2,18,201
2025-11-27 13:12:21.494527,4540453399_10076263973,15.23,117,495
2025-11-27 13:12:21.626271,4540453399_5093497430,24.3,28,189
2025-11-27 13:12:21.782374,4540453400_444501629,14.11,346,1356
2025-11-27 13:12:21.959047,4540453404_10076263978,6.0,9,15
2025-11-27 13:12:22.098038,4540453404_4540453406,10.67,168,498
2025-11-27 13:12:22.238181,4540453405_4542621501,12.8,9,32
2025-11-27 13:12:22.439176,4540453405_10076263979,13.6,113,427
2025-11-27 13:12:22.566572,4540453406_4538405136,32.07,11,98
2025-11-27 13:12:22.731233,4541071715_4541071716,6.75,8,15
2025-11-27 13:12:22.876780,4541071715_6587550955,29.26,47,382
2025-11-27 13:12:23.015758,4541071716_4541071715,3.6,15,15
2025-11-27 13:12:23.165407,4541071716_10965136434,20.0,54,300
2025-11-27 13:12:23.403754,4541105058_5707271706,36.0,2,20
2025-11-27 13:12:23.559206,4541105059_4541105058,14.4,3,12
2025-11-27 13:12:23.759922,4541105059_11182265554,27.39,217,1651
2025-11-27 13:12:23.961931,4542621501_4540453393,9.77,14,38
2025-11-27 13:12:24.128807,4542621501_4540453406,28.8,5,40
2025-11-27 13:12:24.267731,4599745018_98027697,13.03,100,362
2025-11-27 13:12:24.440966,4599745018_10130533955,27.0,4,30
2025-11-27 13:12:24.608857,4599745018_7920618648,14.31,197,783
2025-11-27 13:12:24.817069,4600895552_10130533953,15.17,42,177
2025-11-27 13:12:24.964351,4600895552_6617292919,14.11,135,529
2025-11-27 13:12:25.220173,4830545876_6325815718,18.6,24,124
2025-11-27 13:12:25.403978,4830545876_5707122751,43.71,57,692
2025-11-27 13:12:25.562037,4830545884_106070559,57.7,37,593
2025-11-27 13:12:25.782816,4830545884_5707122751,39.76,22,243
2025-11-27 13:12:25.987896,4930425700_4930425704,37.8,22,231
2025-11-27 13:12:26.174217,4930425700_1314185585,52.24,43,624
2025-11-27 13:12:26.309932,4930425704_4025084971,57.6,2,32
2025-11-27 13:12:26.457173,4930438606_4830545876,52.2,2,29
2025-11-27 13:12:26.719172,4961341856_1497544719,10.42,103,298
2025-11-27 13:12:26.918520,4961341856_5707161154,20.62,11,63
2025-11-27 13:12:27.075671,4961341859_4961341860,9.18,127,324
2025-11-27 13:12:27.237872,4961341859_6661055809,5.87,19,31
2025-11-27 13:12:27.436977,4961341860_4961341865,8.03,13,29
2025-11-27 13:12:27.572614,4961341864_4961341859,7.2,12,24
2025-11-27 13:12:27.705826,4961341864_6685236291,25.2,23,161
2025-11-27 13:12:27.849562,4961341865_4961341864,15.91,88,389
2025-11-27 13:12:28.001278,4961341865_1904360482,19.96,33,183
2025-11-27 13:12:28.163458,5093497426_10076263973,27.45,24,183
2025-11-27 13:12:28.305296,5093497429_5093497426,20.88,10,58
2025-11-27 13:12:28.518802,5093497429_4540453405,8.55,16,38
2025-11-27 13:12:28.718980,5093497430_10076263976,2.88,30,24
2025-11-27 13:12:28.874022,5093497430_5093497431,27.6,9,69
2025-11-27 13:12:29.033631,5093497431_1897734810,7.36,46,94
2025-11-27 13:12:29.181640,5206119178_283139237,23.72,80,527
2025-11-27 13:12:29.340013,5206119178_420456683,23.06,175,1121
2025-11-27 13:12:29.468112,5485653490_5875623873,24.0,3,20
2025-11-27 13:12:29.628977,5485653490_6688490814,19.75,68,373
2025-11-27 13:12:29.786278,5485722628_6606566488,17.26,224,1074
2025-11-27 13:12:29.918490,5485722628_8341509537,22.97,63,402
2025-11-27 13:12:30.144012,5485722628_6610228314,8.31,26,60
2025-11-27 13:12:30.341742,5489009621_6677147310,23.4,4,26
2025-11-27 13:12:30.490568,5489009621_6677147301,21.6,24,144
2025-11-27 13:12:30.682007,5598303159_13282511305,0.0,0,5
2025-11-27 13:12:30.894392,5598303159_13282511304,38.7,72,774
2025-11-27 13:12:31.110532,5641890821_5641890822,25.05,193,1343
2025-11-27 13:12:31.250284,5641890821_6661487945,22.98,156,996
2025-11-27 13:12:31.480677,5641890822_5641890821,28.29,7,55
2025-11-27 13:12:31.615963,5641890822_5641890823,32.4,17,153
2025-11-27 13:12:31.786235,5641890823_10087376960,20.34,20,113
2025-11-27 13:12:31.928363,5641890823_11700202517,23.76,5,33
2025-11-27 13:12:32.197992,5645750065_9970440452,17.82,20,99
2025-11-27 13:12:32.389445,5645750065_9970440452,17.82,20,99
2025-11-27 13:12:32.529913,5674347102_1758629824,9.77,7,19
2025-11-27 13:12:32.680531,5674347102_7920618648,12.08,175,587
2025-11-27 13:12:32.871677,5683715143_1494041345,21.4,18,107
2025-11-27 13:12:33.086943,5683792676_1314209698,19.98,129,716
2025-11-27 13:12:33.295540,5683792676_98026475,19.2,9,48
2025-11-27 13:12:33.510709,5686426699_7985603148,35.2,9,88
2025-11-27 13:12:33.637991,5686449780_6688471376,31.05,8,69
2025-11-27 13:12:33.850770,5706891499_5706896622,23.93,122,811
2025-11-27 13:12:34.048955,5706891499_9980229913,22.71,13,82
2025-11-27 13:12:34.211414,5706896622_5706891499,11.25,8,25
2025-11-27 13:12:34.406735,5706896622_1497544738,11.41,47,149
2025-11-27 13:12:34.558264,5707122750_6677687648,31.29,365,3172
2025-11-27 13:12:34.692044,5707122750_1699561412,31.46,23,201
2025-11-27 13:12:34.843116,5707122751_6677687648,64.8,1,18
2025-11-27 13:12:34.994386,5707122775_10159724112,28.64,177,1408
2025-11-27 13:12:35.183902,5707122779_4538571806,35.82,20,199
2025-11-27 13:12:35.315772,5707122782_6677687639,29.1,24,194
2025-11-27 13:12:35.483805,5707161151_81806535,4.97,29,40
2025-11-27 13:12:35.688341,5707161153_1497544738,12.06,86,288
2025-11-27 13:12:35.845353,5707161153_5707161163,12.22,91,309
2025-11-27 13:12:36.121168,5707161153_1497544749,18.0,7,35
2025-11-27 13:12:36.295283,5707161154_8231491411,22.2,12,74
2025-11-27 13:12:36.518091,5707161162_1904353550,6.22,55,95
2025-11-27 13:12:36.670961,5707161162_1497544719,4.25,33,39
2025-11-27 13:12:36.805835,5707161163_5707161154,28.4,9,71
2025-11-27 13:12:36.962156,5707161163_4961341856,11.43,143,454
2025-11-27 13:12:37.157950,5707262958_6685466405,15.51,13,56
2025-11-27 13:12:37.317226,5707271696_4541105058,32.72,57,518
2025-11-27 13:12:37.534857,5707271700_5707271696,20.57,7,40
2025-11-27 13:12:37.673555,5707271703_5707271704,27.93,79,613
2025-11-27 13:12:37.876590,5707271703_4540453369,31.17,35,303
2025-11-27 13:12:38.045925,5707271704_5707271705,19.01,25,132
2025-11-27 13:12:38.221794,5707271705_4541105059,27.6,3,23
2025-11-27 13:12:38.376874,5707271705_12725862785,27.77,154,1188
2025-11-27 13:12:38.511395,5707271706_5707271705,26.65,119,881
2025-11-27 13:12:38.710742,5707271706_5707271703,29.7,16,132
2025-11-27 13:12:38.892877,5707407583_5707407590,34.2,2,19
2025-11-27 13:12:39.023355,5707407590_5707407591,8.4,6,14
2025-11-27 13:12:39.224215,5707407590_6670444529,29.41,41,335
2025-11-27 13:12:39.361004,5707407591_4025115175,15.12,5,21
2025-11-27 13:12:39.521591,5707407591_6685434573,25.2,25,175
2025-11-27 13:12:39.864273,5707647467_5707647500,26.81,194,1445
2025-11-27 13:12:40.001250,5707647467_12206582473,31.68,30,264
2025-11-27 13:12:40.235857,5707647500_5707647467,24.6,6,41
2025-11-27 13:12:40.422148,5707647500_6658364083,34.8,3,29
2025-11-27 13:12:40.689031,5707679597_11201648616,13.44,15,56
2025-11-27 13:12:40.889901,5709923601_1314185648,31.2,6,52
2025-11-27 13:12:41.035807,5709923602_1314191417,32.4,8,72
2025-11-27 13:12:41.254937,5709923603_5709923602,9.91,187,515
2025-11-27 13:12:41.387918,5709923603_6621357115,19.54,7,38
2025-11-27 13:12:41.556735,5709923606_1314185653,35.1,20,195
2025-11-27 13:12:41.757672,5709923606_6628818478,18.76,19,99
2025-11-27 13:12:41.946130,5709996124_5709996125,2.7,16,12
2025-11-27 13:12:42.079079,5709996124_448838032,5.71,157,249
2025-11-27 13:12:42.206807,5709996125_5709996124,4.8,9,12
2025-11-27 13:12:42.387572,5709996125_5707407583,15.53,35,151
2025-11-27 13:12:42.544576,5710098650_5716807750,12.86,7,25
2025-11-27 13:12:42.673144,5710098650_5717115613,35.36,28,275
2025-11-27 13:12:42.831859,5710136485_317778303,46.8,1,13
2025-11-27 13:12:43.051397,5710136487_1901865135,23.76,20,132
2025-11-27 13:12:43.217671,5710136488_5710136487,22.05,8,49
2025-11-27 13:12:43.429191,5710136488_2291072476,4.32,30,36
2025-11-27 13:12:43.617988,5710222979_2212544448,7.76,77,166
2025-11-27 13:12:43.815140,5710222986_5710222979,15.1,88,369
2025-11-27 13:12:43.963603,5710222986_3779255475,50.98,100,1416
2025-11-27 13:12:44.108841,5710222987_12606538099,27.99,58,451
2025-11-27 13:12:44.251421,5710222987_1897734813,22.57,432,2709
2025-11-27 13:12:44.406608,5710231827_1887748894,23.4,2,13
2025-11-27 13:12:44.613785,5710538391_5710538395,27.77,7,54
2025-11-27 13:12:44.747129,5710538391_11111175326,25.8,6,43
2025-11-27 13:12:44.938618,5710538395_5710691038,15.6,6,26
2025-11-27 13:12:45.200311,5710538395_5710691056,25.2,17,119
2025-11-27 13:12:45.354141,5710565212_5828999543,22.18,31,191
2025-11-27 13:12:45.524744,5710673956_5716670119,32.4,5,45
2025-11-27 13:12:45.727465,5710673956_2084132003,12.74,52,184
2025-11-27 13:12:45.860168,5710673974_5710673979,15.2,9,38
2025-11-27 13:12:45.996945,5710673974_98041257,7.92,10,22
2025-11-27 13:12:46.148929,5710673974_1748294274,16.48,130,595
2025-11-27 13:12:46.304346,5710673979_5710673992,30.6,22,187
2025-11-27 13:12:46.516978,5710673992_106078638,34.2,4,38
2025-11-27 13:12:46.670424,5710691038_5710538391,9.65,22,59
2025-11-27 13:12:46.840659,5710691038_5710691043,32.4,15,135
2025-11-27 13:12:46.992299,5710691044_5710691043,32.85,16,146
2025-11-27 13:12:47.160380,5710691044_5710691038,26.93,192,1436
2025-11-27 13:12:47.334127,5710691045_5710538395,10.71,41,122
2025-11-27 13:12:47.467461,5710691045_5710691056,34.63,21,202
2025-11-27 13:12:47.602019,5710691056_8462966000,29.52,5,41
2025-11-27 13:12:47.743480,5716241016_5716241017,20.4,9,51
2025-11-27 13:12:47.889725,5716241017_1881928278,23.39,163,1059
2025-11-27 13:12:48.091651,5716408768_1494035973,5.82,34,55
2025-11-27 13:12:48.241136,5716408768_6659134177,20.42,464,2632
2025-11-27 13:12:48.491382,5716408772_6659134177,22.11,7,43
2025-11-27 13:12:48.655782,5716477055_5716477056,22.25,116,717
2025-11-27 13:12:48.857223,5716477055_1495030950,22.9,47,299
2025-11-27 13:12:49.060075,5716477056_5716477055,6.8,18,34
2025-11-27 13:12:49.190243,5716477056_4539132150,16.63,42,194
2025-11-27 13:12:49.321570,5716537675_4538404990,9.6,18,48
2025-11-27 13:12:49.506647,5716537675_4538404991,17.4,6,29
2025-11-27 13:12:49.636207,5716537702_3779255494,22.63,7,44
2025-11-27 13:12:49.786325,5716537702_1221161730,9.45,16,42
2025-11-27 13:12:49.954031,5716544649_2326674281,33.0,18,165
2025-11-27 13:12:50.169766,5716616005_444875130,6.4,36,64
2025-11-27 13:12:50.375967,5716616005_2176926218,16.22,93,419
2025-11-27 13:12:50.535559,5716649671_5716670117,29.82,311,2576
2025-11-27 13:12:50.724124,5716670117_5718916301,32.65,29,263
2025-11-27 13:12:50.871069,5716670118_5716670117,32.99,196,1796
2025-11-27 13:12:51.028749,5716670118_5716670119,38.0,45,475
2025-11-27 13:12:51.170599,5716670119_5710673992,17.41,233,1127
2025-11-27 13:12:51.390277,5716670119_5716670118,26.83,146,1088
2025-11-27 13:12:51.606086,5716670621_5716670118,24.05,153,1022
2025-11-27 13:12:51.873861,5716670621_1498111685,29.55,24,197
2025-11-27 13:12:52.050250,5716670628_2084132002,11.65,17,55
2025-11-27 13:12:52.305976,5716670628_98041851,20.51,198,1128
2025-11-27 13:12:52.457639,5716807749_5717115613,28.7,70,558
2025-11-27 13:12:52.602143,5716807749_5716807750,35.49,28,276
2025-11-27 13:12:52.773631,5716807750_5710098650,25.71,183,1307
2025-11-27 13:12:52.978323,5716807750_6684737819,27.31,126,956
2025-11-27 13:12:53.122407,5717115613_5716807749,20.16,5,28
2025-11-27 13:12:53.336389,5717115613_4540453378,28.56,15,119
2025-11-27 13:12:53.483554,5718868836_2289976216,5.76,10,16
2025-11-27 13:12:53.643775,5718868836_2289997642,23.4,22,143
2025-11-27 13:12:53.787798,5718871870_283139229,14.53,193,779
2025-11-27 13:12:53.920476,5718871870_98041849,4.45,17,21
2025-11-27 13:12:54.064408,5718886024_1748294257,13.95,32,124
2025-11-27 13:12:54.260307,5718916274_5718916294,9.58,97,258
2025-11-27 13:12:54.405608,5718916274_10296445823,5.04,5,7
2025-11-27 13:12:54.626082,5718916291_12816414547,15.38,11,47
2025-11-27 13:12:54.894635,5718916291_98035472,6.05,22,37
2025-11-27 13:12:55.056387,5718916292_6650876736,14.07,293,1145
2025-11-27 13:12:55.214453,5718916292_12816414542,5.14,7,10
2025-11-27 13:12:55.479214,5718916293_5718916294,18.0,1,5
2025-11-27 13:12:55.683155,5718916294_98042270,26.4,42,308
2025-11-27 13:12:55.896423,5718916301_5718916302,15.06,206,862
2025-11-27 13:12:56.032883,5718916301_5718916291,8.49,14,33
2025-11-27 13:12:56.170813,5718916302_5718916301,8.1,12,27
2025-11-27 13:12:56.381700,5718916302_5716670621,29.81,32,265
2025-11-27 13:12:56.521809,5718946093_1748294274,6.0,18,30
2025-11-27 13:12:56.708419,5719031413_5719031414,13.2,9,33
2025-11-27 13:12:56.851024,5719031413_2302164519,21.6,80,480
2025-11-27 13:12:57.013124,5719031414_5719031413,28.18,70,548
2025-11-27 13:12:57.151053,5719031414_3075526396,29.31,21,171
2025-11-27 13:12:57.341556,5719125659_6648096524,33.3,4,37
2025-11-27 13:12:57.537025,5719125659_1758170772,23.27,69,446
2025-11-27 13:12:57.673450,5721511585_2584589542,50.4,4,56
2025-11-27 13:12:57.813038,5721511586_436388447,24.84,40,276
2025-11-27 13:12:58.022386,5828495464_2274969534,10.8,5,15
2025-11-27 13:12:58.176614,5828495464_5719125659,30.42,20,169
2025-11-27 13:12:58.366869,5828999542_5828999543,22.58,106,665
2025-11-27 13:12:58.507197,5828999542_1495025257,23.83,29,192
2025-11-27 13:12:58.646385,5828999543_5828999542,9.9,8,22
2025-11-27 13:12:58.815751,5828999543_6648227222,20.88,30,174
2025-11-27 13:12:59.017376,5831399053_6603014206,27.17,329,2483
2025-11-27 13:12:59.163483,5831399053_1494041374,34.28,67,638
2025-11-27 13:12:59.386218,5875603186_5645750065,26.1,12,87
2025-11-27 13:12:59.526792,5875603186_5206119178,23.2,63,406
2025-11-27 13:12:59.686509,5875623873_6677147301,22.5,4,25
2025-11-27 13:12:59.841211,5875623873_6677147310,18.23,16,81
2025-11-27 13:13:00.034316,5898769297_2185731475,39.6,12,132
2025-11-27 13:13:00.169861,5954441639_5954441640,3.6,8,8
2025-11-27 13:13:00.385153,5954441639_6659134171,27.0,14,105
2025-11-27 13:13:00.548345,5954441640_5954441639,2.06,14,8
2025-11-27 13:13:00.695647,5954441640_11201648616,19.2,63,336
2025-11-27 13:13:00.921589,5962836764_6325815718,45.24,60,754
2025-11-27 13:13:01.082130,5962836764_1314185585,40.07,23,256
2025-11-27 13:13:01.218076,6044465949_2701058419,20.77,74,427
2025-11-27 13:13:01.347038,6044465949_12606538104,18.1,277,1393
2025-11-27 13:13:01.539212,6325815718_6325815720,108.0,1,30
2025-11-27 13:13:01.698204,6325815720_4930438606,11.16,271,840
2025-11-27 13:13:01.898079,6325815720_2185731222,11.91,52,172
2025-11-27 13:13:02.130355,6405794494_6659134172,21.61,250,1501
2025-11-27 13:13:02.332844,6413551907_8341509537,50.4,1,14
2025-11-27 13:13:02.471552,6413551907_8341509535,18.83,13,68
2025-11-27 13:13:02.692910,6441639163_6689057478,28.8,28,224
2025-11-27 13:13:02.849974,6587550954_6587550955,5.85,8,13
2025-11-27 13:13:03.017551,6587550954_4541071716,31.81,43,380
2025-11-27 13:13:03.166453,6587550955_6587550954,3.12,15,13
2025-11-27 13:13:03.302515,6587550955_420456615,5.96,67,111
2025-11-27 13:13:03.513049,6587651051_1901865134,34.62,26,250
2025-11-27 13:13:03.732705,6600206282_13282498396,21.99,176,1075
2025-11-27 13:13:03.892490,6600206282_5598303159,28.38,17,134
2025-11-27 13:13:04.107324,6600206283_13282498396,23.91,153,1016
2025-11-27 13:13:04.302667,6600206283_2701058419,28.99,37,298
2025-11-27 13:13:04.452180,6601012241_6688570393,57.6,1,16
2025-11-27 13:13:04.598974,6601012241_6441639163,22.2,12,74
2025-11-27 13:13:04.737417,6603014206_10682258584,25.13,103,719
2025-11-27 13:13:04.942065,6603014206_6603014207,30.6,6,51
2025-11-27 13:13:05.150004,6603014207_6659072491,13.89,7,27
2025-11-27 13:13:05.334566,6603014207_6659072492,46.8,1,13
2025-11-27 13:13:05.466376,6606566485_10682258584,17.72,13,64
2025-11-27 13:13:05.626950,6606566485_6606566487,43.2,1,12
2025-11-27 13:13:05.782720,6606566485_1758651218,24.52,79,538
2025-11-27 13:13:05.999594,6606566487_6610228314,18.94,192,1010
2025-11-27 13:13:06.158744,6606566487_6606566485,43.2,1,12
2025-11-27 13:13:06.297923,6606566488_6606566487,18.0,12,60
2025-11-27 13:13:06.441753,6606566488_10682258584,24.0,3,20
2025-11-27 13:13:06.611387,6606566488_5485722628,18.95,204,1074
2025-11-27 13:13:06.742780,6610228314_10743484787,18.19,75,379
2025-11-27 13:13:06.887180,6610228314_6606566487,19.98,182,1010
2025-11-27 13:13:07.114803,6610228314_5485722628,8.17,26,59
2025-11-27 13:13:07.318214,6610574244_6659072491,21.76,23,139
2025-11-27 13:13:07.450173,6610574244_1758651218,22.05,16,98
2025-11-27 13:13:07.612462,6617292919_4600895552,19.61,47,256
2025-11-27 13:13:07.754725,6617292919_7985603136,4.36,33,40
2025-11-27 13:13:08.020179,6621078250_6621078251,4.68,10,13
2025-11-27 13:13:08.174159,6621078250_6621078260,31.35,31,270
2025-11-27 13:13:08.391020,6621078251_6621078250,3.34,14,13
2025-11-27 13:13:08.592221,6621078251_420456595,33.3,32,296
2025-11-27 13:13:08.722760,6621078260_6621078261,8.03,13,29
2025-11-27 13:13:08.851058,6621078260_2303337176,19.6,45,245
2025-11-27 13:13:08.987176,6621078261_6621078260,25.2,82,574
2025-11-27 13:13:09.123005,6621078261_420456583,31.3,23,200
2025-11-27 13:13:09.281922,6621357112_1314185653,36.0,3,30
2025-11-27 13:13:09.432897,6621357115_1314191420,4.94,43,59
2025-11-27 13:13:09.574913,6621357115_6621357112,17.76,15,74
2025-11-27 13:13:09.764517,6621426593_1314191414,32.4,2,18
2025-11-27 13:13:09.907864,6621426601_6621426593,10.55,131,384
2025-11-27 13:13:10.041172,6621426601_4539674879,5.3,36,53
2025-11-27 13:13:10.200045,6628818468_5709923601,31.05,8,69
2025-11-27 13:13:10.420362,6628818478_1314185677,4.04,41,46
2025-11-27 13:13:10.560836,6628818478_6628818468,8.24,149,341
2025-11-27 13:13:10.691453,6631796343_1692627215,31.2,3,26
2025-11-27 13:13:10.851601,6641911209_5719031413,31.5,20,175
2025-11-27 13:13:11.000472,6641911209_3075526396,25.71,7,50
2025-11-27 13:13:11.159954,6644672133_6644672135,21.0,48,280
2025-11-27 13:13:11.358617,6644672133_1884768305,11.78,22,72
2025-11-27 13:13:11.558804,6644672135_6644672133,20.16,50,280
2025-11-27 13:13:11.707327,6644672135_106111364,23.76,20,132
2025-11-27 13:13:11.865542,6644721587_2195296719,23.06,37,237
2025-11-27 13:13:11.995294,6644721587_11107112929,20.7,8,46
2025-11-27 13:13:12.209911,6647118933_2290010722,23.49,21,137
2025-11-27 13:13:12.446086,6647145130_8598733283,6.48,15,27
2025-11-27 13:13:12.582535,6647145130_5701309369,10.67,28,83
2025-11-27 13:13:12.726222,6648096523_1758170763,3.27,22,20
2025-11-27 13:13:12.953552,6648096523_1613087628,6.4,18,32
2025-11-27 13:13:13.104983,6648096524_6648096525,34.06,26,246
2025-11-27 13:13:13.276612,6648096524_12024836052,19.45,132,713
2025-11-27 13:13:13.428416,6648096525_6648096524,32.8,27,246
2025-11-27 13:13:13.579133,6648096525_5710565212,37.2,3,31
2025-11-27 13:13:13.713460,6648227219_2291254028,24.35,51,345
2025-11-27 13:13:13.911827,6648227221_6648227219,23.4,4,26
2025-11-27 13:13:14.042596,6648227221_6648227224,33.26,50,462
2025-11-27 13:13:14.189576,6648227222_6648227224,34.8,3,29
2025-11-27 13:13:14.396032,6648227222_2175126939,22.57,26,163
2025-11-27 13:13:14.529533,6648227223_5828999542,20.76,30,173
2025-11-27 13:13:14.671276,6648227224_6648227223,27.0,4,30
2025-11-27 13:13:14.833241,6648227224_6648227221,33.26,50,462
2025-11-27 13:13:15.028097,6650810650_444874859,9.34,37,96
2025-11-27 13:13:15.175087,6650810650_1613087620,5.28,15,22
2025-11-27 13:13:15.338416,6650876736_5718916292,5.94,214,353
2025-11-27 13:13:15.496366,6650876736_6650876740,9.54,592,1569
2025-11-27 13:13:15.653071,6650876740_6650876736,11.57,61,196
2025-11-27 13:13:15.818751,6650876740_634709500,17.91,284,1413
2025-11-27 13:13:15.969907,6650982900_6650982901,25.93,148,1066
2025-11-27 13:13:16.104254,6650982900_6648227219,27.65,22,169
2025-11-27 13:13:16.261230,6650982901_6650982900,8.88,45,111
2025-11-27 13:13:16.399835,6650982901_444875375,5.52,30,46
2025-11-27 13:13:16.682953,6651770209_6651770210,4.6,18,23
2025-11-27 13:13:16.833866,6651770209_444875374,12.45,159,550
2025-11-27 13:13:16.962392,6651770210_6651770209,14.43,234,938
2025-11-27 13:13:17.124006,6651770210_5716670628,10.48,137,399
2025-11-27 13:13:17.303293,6658429241_10130533935,26.27,148,1080
2025-11-27 13:13:17.522314,6658429241_11014094287,21.89,25,152
2025-11-27 13:13:17.726805,6659072489_5710231827,20.28,30,169
2025-11-27 13:13:17.890241,6659072490_6659072489,8.53,19,45
2025-11-27 13:13:18.041695,6659072490_1878921405,24.14,17,114
2025-11-27 13:13:18.197939,6659072491_6659072492,21.6,6,36
2025-11-27 13:13:18.330999,6659072491_6610574244,21.76,23,139
2025-11-27 13:13:18.539052,6659072492_6659072490,28.15,22,172
2025-11-27 13:13:18.737873,6659134171_1758633112,17.13,104,495
2025-11-27 13:13:18.892620,6659134171_1884769977,25.75,13,93
2025-11-27 13:13:19.092795,6659134172_5954441640,27.0,14,105
2025-11-27 13:13:19.218102,6659134174_5716408768,17.93,48,239
2025-11-27 13:13:19.374789,6659134177_1314209716,21.86,14,85
2025-11-27 13:13:19.504893,6661055809_2050902820,28.8,1,8
2025-11-27 13:13:19.651108,6661055810_6661055809,5.71,87,138
2025-11-27 13:13:19.813406,6661055810_4961341860,4.41,31,38
2025-11-27 13:13:20.010466,6661055813_6662639319,11.7,12,39
2025-11-27 13:13:20.255246,6661487944_6661487945,21.21,119,701
2025-11-27 13:13:20.402029,6661487944_5641890822,26.29,136,993
2025-11-27 13:13:20.623436,6661487945_6661487944,21.2,9,53
2025-11-27 13:13:20.769944,6661487945_12908782868,25.96,19,137
2025-11-27 13:13:20.943354,6662241086_6662241087,18.0,10,50
2025-11-27 13:13:21.098440,6662241086_4025115175,16.29,219,991
2025-11-27 13:13:21.234268,6662241087_6662241086,18.93,85,447
2025-11-27 13:13:21.378336,6662241087_6662241094,18.3,71,361
2025-11-27 13:13:21.593973,6662241094_6662241095,13.94,63,244
2025-11-27 13:13:21.725464,6662241094_446030797,10.23,38,108
2025-11-27 13:13:21.945001,6662241095_6662241094,13.89,7,27
2025-11-27 13:13:22.079733,6662241095_6662241086,17.06,77,365
2025-11-27 13:13:22.203097,6662639319_2050902830,21.12,15,88
2025-11-27 13:13:22.337277,6666128977_5962836764,61.2,1,17
2025-11-27 13:13:22.537648,6666479030_8598733283,0.0,0,4
2025-11-27 13:13:22.691688,6670444529_6670444530,27.57,73,559
2025-11-27 13:13:22.848857,6670444529_420456683,28.57,16,127
2025-11-27 13:13:23.067677,6670444530_6670444529,3.0,18,15
2025-11-27 13:13:23.220889,6670444530_12513272960,34.38,20,191
2025-11-27 13:13:23.358337,6672531385_12872373346,20.92,37,215
2025-11-27 13:13:23.493164,6677147301_5489009621,13.8,6,23
2025-11-27 13:13:23.713666,6677147301_2050902835,24.84,20,138
2025-11-27 13:13:23.837981,6677147310_5485653490,23.89,11,73
2025-11-27 13:13:23.966170,6677300866_309685730,15.13,99,416
2025-11-27 13:13:24.106150,6677300866_6677364041,18.0,10,50
2025-11-27 13:13:24.330502,6677338241_98026475,16.88,32,150
2025-11-27 13:13:24.483005,6677338241_1314209698,18.72,10,52
2025-11-27 13:13:24.614044,6677364041_2295384939,24.3,8,54
2025-11-27 13:13:24.836854,6677687639_5707122750,18.4,9,46
2025-11-27 13:13:25.006616,6677687639_4538571818,33.7,413,3866
2025-11-27 13:13:25.256845,6677687648_1314191405,0.0,0,10
2025-11-27 13:13:25.402718,6677687648_5707122750,22.5,8,50
2025-11-27 13:13:25.555219,6677895172_1494041352,23.74,332,2189
2025-11-27 13:13:25.693950,6677895172_1494041351,26.26,17,124
2025-11-27 13:13:25.906394,6677895176_1494041352,34.8,3,29
2025-11-27 13:13:26.076192,6677895176_1494041351,21.39,140,832
2025-11-27 13:13:26.233101,6684737819_4540453404,26.5,25,184
2025-11-27 13:13:26.435557,6684737819_4540453400,39.92,45,499
2025-11-27 13:13:26.574334,6685236291_6685236292,19.23,70,374
2025-11-27 13:13:26.787167,6685236291_8231491408,26.55,24,177
2025-11-27 13:13:26.929490,6685236292_6685236291,8.18,11,25
2025-11-27 13:13:27.076071,6685236292_4961341859,10.93,54,164
2025-11-27 13:13:27.202750,6685434573_6662241087,27.36,10,76
2025-11-27 13:13:27.352657,6687964478_442990465,16.46,150,686
2025-11-27 13:13:27.497235,6687964478_5716241017,19.35,8,43
2025-11-27 13:13:27.655623,6688471376_5686449780,16.64,215,994
2025-11-27 13:13:27.844162,6688471376_7920618647,13.34,78,289
2025-11-27 13:13:27.975842,6688490814_6647145130,6.17,21,36
2025-11-27 13:13:28.137041,6688490814_5485653490,24.33,33,223
2025-11-27 13:13:28.358150,6688503842_6405794494,24.0,3,20
2025-11-27 13:13:28.486542,6688503847_1758631175,7.75,13,28
2025-11-27 13:13:28.639453,6688503847_6688503842,6.66,20,37
2025-11-27 13:13:28.779779,6688570392_6441639163,32.4,2,18
2025-11-27 13:13:28.911124,6688570392_6688570393,29.02,65,524
2025-11-27 13:13:29.038215,6688570393_6688570397,32.5,37,334
2025-11-27 13:13:29.225806,6688570397_6688570401,17.64,10,49
2025-11-27 13:13:29.360377,6688570397_12600043488,30.24,5,42
2025-11-27 13:13:29.513634,6688570401_6688570392,30.55,39,331
2025-11-27 13:13:29.657300,6689057478_6689057484,36.0,3,30
2025-11-27 13:13:29.796049,6689057478_6689057482,18.51,7,36
2025-11-27 13:13:29.988926,6689057482_6601012241,35.84,23,229
2025-11-27 13:13:30.150938,6689057484_13206202825,31.2,33,286
2025-11-27 13:13:30.301246,6689058288_6689057482,32.4,2,18
2025-11-27 13:13:30.469330,6689058288_6689057484,30.15,8,67
2025-11-27 13:13:30.672852,7301485388_1497544796,8.1,12,27
2025-11-27 13:13:30.834143,7920618640_5683715143,29.05,58,468
2025-11-27 13:13:31.029918,7920618640_5683715143,29.05,58,468
2025-11-27 13:13:31.164046,7920618647_4599745018,30.0,3,25
2025-11-27 13:13:31.300215,7920618647_7920618648,17.55,8,39
2025-11-27 13:13:31.436125,7920618648_5674347102,12.01,176,587
2025-11-27 13:13:31.599431,7920618648_10130533955,12.18,13,44
2025-11-27 13:13:31.748443,7920618648_4599745018,14.29,194,770
2025-11-27 13:13:31.949629,7985603136_98027697,22.32,5,31
2025-11-27 13:13:32.161539,7985603136_10130533953,17.04,289,1368
2025-11-27 13:13:32.324394,7985603138_5686449780,27.34,37,281
2025-11-27 13:13:32.533269,7985603147_7985603148,23.25,317,2047
2025-11-27 13:13:32.706400,7985603147_7920618640,28.19,672,5263
2025-11-27 13:13:32.897627,7985603148_7985603147,36.28,13,131
2025-11-27 13:13:33.034808,7985603148_6617292919,23.66,21,138
2025-11-27 13:13:33.200593,8231491408_8231491411,10.49,126,367
2025-11-27 13:13:33.335415,8231491408_5707161162,20.75,17,98
2025-11-27 13:13:33.473918,8231491411_8231491408,4.45,17,21
2025-11-27 13:13:33.631568,8231491411_6685236292,25.06,26,181
2025-11-27 13:13:33.772103,8237661942_2053894358,5.54,13,20
2025-11-27 13:13:33.898654,8237661942_308728680,15.72,68,297
2025-11-27 13:13:34.045350,8242664547_11107112958,20.52,375,2138
2025-11-27 13:13:34.237032,8242664547_12174413404,25.2,8,56
2025-11-27 13:13:34.398780,8242664547_12559133535,20.25,366,2059
2025-11-27 13:13:34.546836,8295729267_3779242655,45.1,36,451
2025-11-27 13:13:34.703080,8295729267_6600206282,28.11,42,328
2025-11-27 13:13:34.924588,8341509535_10743484787,25.2,2,14
2025-11-27 13:13:35.083080,8341509537_5485722628,22.97,63,402
2025-11-27 13:13:35.299424,8341509537_6413551907,25.2,2,14
2025-11-27 13:13:35.482269,8462967636_5710691044,54.0,1,15
2025-11-27 13:13:35.630186,8598733283_6666479030,14.4,1,4
2025-11-27 13:13:35.847018,8598733283_6688490814,19.8,12,66
2025-11-27 13:13:36.001639,8823455179_6661055810,14.66,389,1584
2025-11-27 13:13:36.200293,8823455180_8823455179,4.36,19,23
2025-11-27 13:13:36.357950,8823455180_98031401,8.55,8,19
2025-11-27 13:13:36.560135,8921282801_10202001781,7.92,35,77
2025-11-27 13:13:36.695334,9576908879_1314203096,6.08,29,49
2025-11-27 13:13:36.906323,9970440452_12484632695,28.8,16,128
2025-11-27 13:13:37.097203,9980229913_1497544764,23.58,98,642
2025-11-27 13:13:37.300115,9980229913_7301485388,25.79,43,308
2025-11-27 13:13:37.517575,10076263973_5710098650,28.47,121,957
2025-11-27 13:13:37.663885,10076263976_10076263977,10.37,50,144
2025-11-27 13:13:37.828619,10076263976_4540453394,12.29,126,430
2025-11-27 13:13:37.961138,10076263977_4540453396,20.4,3,17
2025-11-27 13:13:38.117997,10076263978_10076263979,2.65,34,25
2025-11-27 13:13:38.255716,10076263978_4542621501,3.79,19,20
2025-11-27 13:13:38.393214,10076263979_5093497426,27.0,2,15
2025-11-27 13:13:38.562853,10087376960_5641890823,20.8,9,52
2025-11-27 13:13:38.704031,10087376960_5641890821,34.2,16,152
2025-11-27 13:13:38.900877,10100966682_12513272960,16.62,159,734
2025-11-27 13:13:39.102635,10100966682_6685434573,15.0,72,300
2025-11-27 13:13:39.279234,10130533935_1495023340,19.55,306,1662
2025-11-27 13:13:39.485441,10130533953_4600895552,15.63,140,608
2025-11-27 13:13:39.665296,10130533953_7985603138,12.9,12,43
2025-11-27 13:13:39.818333,10130533953_98027697,3.71,34,35
2025-11-27 13:13:39.966713,10130533955_7985603147,41.4,16,184
2025-11-27 13:13:40.176620,10151536198_2570960524,27.67,35,269
2025-11-27 13:13:40.323274,10159724112_6666128977,54.0,1,15
2025-11-27 13:13:40.512311,10180671333_420522002,32.4,6,54
2025-11-27 13:13:40.728377,10180671333_98041254,6.22,22,38
2025-11-27 13:13:40.868670,10202001781_1881927757,19.05,89,471
2025-11-27 13:13:41.019464,10203920310_1881928279,50.4,1,14
2025-11-27 13:13:41.160268,10203920310_5718886024,30.4,9,76
2025-11-27 13:13:41.397384,10203920324_10203920325,14.4,3,12
2025-11-27 13:13:41.540555,10203920324_1881928007,0.0,12,0
2025-11-27 13:13:41.761235,10203920325_5718886024,10.8,1,3
2025-11-27 13:13:42.020011,10203920328_1881927759,0.0,0,0
2025-11-27 13:13:42.207499,10203920329_10203920328,20.16,55,308
2025-11-27 13:13:42.456573,10203920329_1219243636,5.64,30,47
2025-11-27 13:13:42.604389,10296445822_10997686363,24.01,184,1227
2025-11-27 13:13:42.784425,10296445822_10296445824,16.13,387,1734
2025-11-27 13:13:42.937053,10296445822_309816683,16.18,378,1699
2025-11-27 13:13:43.107902,10296445823_309816683,7.39,19,39
2025-11-27 13:13:43.337942,10296445823_10296445822,20.4,9,51
2025-11-27 13:13:43.495239,10296445824_5718916302,18.0,7,35
2025-11-27 13:13:43.695258,10542328776_6685605986,16.2,8,36
2025-11-27 13:13:43.855155,10542328776_1748294274,6.17,28,48
2025-11-27 13:13:44.001176,10542328776_13023100784,21.97,88,537
2025-11-27 13:13:44.126536,10682258584_6603014206,25.13,103,719
2025-11-27 13:13:44.280014,10682258584_6606566488,24.0,3,20
2025-11-27 13:13:44.439399,10743484787_8341509535,25.2,2,14
2025-11-27 13:13:44.654309,10743484787_6610228314,20.99,65,379
2025-11-27 13:13:44.814186,10743484787_8341509537,15.6,15,65
2025-11-27 13:13:45.032341,10965136434_420456595,8.4,6,14
2025-11-27 13:13:45.165993,10965136434_6621078250,30.75,35,299
2025-11-27 13:13:45.395927,10997686363_10296445822,16.51,322,1477
2025-11-27 13:13:45.525627,10997686363_11107112927,24.6,6,41
2025-11-27 13:13:45.730907,11014094287_11014094288,12.39,34,117
2025-11-27 13:13:45.910705,11014094287_1884765802,17.22,167,799
2025-11-27 13:13:46.053341,11014094288_11014094287,14.07,11,43
2025-11-27 13:13:46.178031,11014094288_1495023340,30.4,18,152
2025-11-27 13:13:46.307618,11107112919_438036727,24.0,9,60
2025-11-27 13:13:46.458258,11107112919_12559133535,30.6,2,17
2025-11-27 13:13:46.618420,11107112923_10997686363,24.6,6,41
2025-11-27 13:13:46.744916,11107112923_11107112927,27.26,7,53
2025-11-27 13:13:46.869010,11107112927_11107112935,27.0,4,30
2025-11-27 13:13:47.000156,11107112929_11107112919,0.0,0,0
2025-11-27 13:13:47.201619,11107112935_11107112929,22.95,8,51
2025-11-27 13:13:47.349565,11107112935_6644721587,20.3,369,2081
2025-11-27 13:13:47.485654,11107112958_8242664547,20.28,150,845
2025-11-27 13:13:47.608950,11111175323_11111175326,31.8,6,53
2025-11-27 13:13:47.737744,11111175326_6600206283,36.42,104,1052
2025-11-27 13:13:47.864909,11182265554_4540453378,20.4,42,238
2025-11-27 13:13:48.053635,11182265554_5716807749,30.6,14,119
