u,v,osmid_edge,name,real_distance_m,real_duration_s,real_speed_kmh,timestamp
81805393,11950483412,684766067,Phố Tây Sơn,15,14,3.857142857142857,2025-11-27 06:53:46.697971
81805393,1884765798,9964551,,927,225,14.832,2025-11-27 06:53:47.048040
81806535,1497544749,711106356,,38,8,17.1,2025-11-27 06:53:47.304342
81806535,5707161153,711106357,Phố Khâm Thiên,289,132,7.881818181818182,2025-11-27 06:53:47.493323
98026475,6677338241,1185723922,,614,113,19.561061946902655,2025-11-27 06:53:47.755667
98027697,4599745018,464925870,Phố Tôn Thất Tùng,31,13,8.584615384615384,2025-11-27 06:53:47.944698
98027697,7985603138,1158120935,Đường Trường Chinh,36,14,9.257142857142858,2025-11-27 06:53:48.208876
98027697,10130533953,1158120938,Phố Tôn Thất Tùng,721,312,8.319230769230769,2025-11-27 06:53:48.469344
98031401,6661055810,708944664,Phố Hoàng Cầu,0,10,0.0,2025-11-27 06:53:48.672491
98031401,8823455179,1298270940,Đường La Thành,273,72,13.65,2025-11-27 06:53:48.853681
98035472,309816683,705810326,Phố Huỳnh Thúc Kháng,722,172,15.111627906976747,2025-11-27 06:53:49.107557
98035472,12816414547,947077255,Phố Huỳnh Thúc Kháng,898,234,13.815384615384616,2025-11-27 06:53:49.279877
98035472,5718916293,947077256,Đường Nguyễn Chí Thanh,41,11,13.418181818181818,2025-11-27 06:53:49.455988
98041254,420456615,704701607,Đường Nguyễn Chí Thanh,13,5,9.360000000000001,2025-11-27 06:53:49.638266
98041254,420522002,38031007,Đường Láng,34,5,24.48,2025-11-27 06:53:49.829670
98041257,98041849,701426453,Đường Nguyễn Khang,29,13,8.03076923076923,2025-11-27 06:53:50.021189
98041257,5710673974,601999040,Đường Nguyễn Khang,22,4,19.8,2025-11-27 06:53:50.209849
98041257,5710673979,973485821,Đường Trần Duy Hưng,27,4,24.3,2025-11-27 06:53:50.446618
98041849,98041257,701426453,Đường Nguyễn Khang,29,6,17.4,2025-11-27 06:53:50.617644
98041849,5718871870,25953686,Đường Nguyễn Ngọc Vũ,21,4,18.900000000000002,2025-11-27 06:53:50.851330
98041849,733429120,"[701426458, 701436157, 37380383]","['Đường Nguyễn Chí Thanh', 'Đường Trần Duy Hưng', 'Cầu Trung Hòa']",65,32,7.3125,2025-11-27 06:53:51.027009
98041851,98041254,962493733,Đường Láng,1047,302,12.480794701986756,2025-11-27 06:53:51.262562
98041851,2084132002,1199890907,Đường Nguyễn Chí Thanh,38,6,22.8,2025-11-27 06:53:51.524975
98042270,309816682,770260028,,618,139,16.005755395683455,2025-11-27 06:53:51.717600
98042270,6677300866,"[929552585, 711526157, 711526158]",Đường Nguyễn Chí Thanh,296,70,15.222857142857144,2025-11-27 06:53:51.891985
106078638,6587651051,707852065,Đường Trần Duy Hưng,50,5,36.0,2025-11-27 06:53:52.056361
106078638,442990465,158632061,Phố Trung Kính,50,7,25.714285714285715,2025-11-27 06:53:52.296619
106108917,2174649904,219976145,Phố Võ Văn Dũng,39,13,10.8,2025-11-27 06:53:52.490188
106108917,2176926218,"[1266449985, 707362060, 179990709, 884156407]",Phố Hoàng Cầu,590,80,26.55,2025-11-27 06:53:52.672178
106111364,6644672135,707072728,Phố Thái Hà,127,17,26.894117647058824,2025-11-27 06:53:52.862631
106111364,446030797,"[711362080, 711368897, 709017803, 711362081]",Phố Thái Hà,932,203,16.52807881773399,2025-11-27 06:53:53.107451
283139229,444875375,1411417355,Đường Nguyễn Ngọc Vũ,20,15,4.8,2025-11-27 06:53:53.358817
283139229,5718871870,25953686,Đường Nguyễn Ngọc Vũ,779,167,16.792814371257485,2025-11-27 06:53:53.594337
283139229,6650982900,885892454,Đường Lê Văn Lương,45,5,32.4,2025-11-27 06:53:53.781386
283139237,5206119178,218427624,Phố Giáp Nhất,527,97,19.55876288659794,2025-11-27 06:53:54.024697
283139237,2188036136,707829406,Đường Nguyễn Ngọc Vũ,1422,292,17.53150684931507,2025-11-27 06:53:54.221319
308728680,1314203102,707341164,Đường La Thành,17,11,5.5636363636363635,2025-11-27 06:53:54.406172
308728680,310729950,"[701841904, 836957204, 710203072]",Đường La Thành,868,242,12.912396694214877,2025-11-27 06:53:54.592549
308728680,2289997644,1297912943,Phố Láng Hạ,129,24,19.35,2025-11-27 06:53:54.830438
309595522,6666479030,885892451,,29,14,7.457142857142858,2025-11-27 06:53:55.072987
309685730,6677300866,760742215,Đường La Thành,29,10,10.44,2025-11-27 06:53:55.304068
309685730,2195296719,"[711355912, 1226392801, 1226392034, 1173606571]",Đường La Thành,681,130,18.85846153846154,2025-11-27 06:53:55.531561
309685730,309816682,"[705815121, 780188830]",Đường Nguyễn Chí Thanh,304,56,19.542857142857144,2025-11-27 06:53:55.657478
309816682,98042270,770260028,,26,8,11.700000000000001,2025-11-27 06:53:55.844958
309816682,5718916274,"[705815120, 684048069, 705815510]",Đường Nguyễn Chí Thanh,308,55,20.16,2025-11-27 06:53:56.032203
309816683,98035472,705810326,Phố Huỳnh Thúc Kháng,166,72,8.299999999999999,2025-11-27 06:53:56.224560
309816683,10296445822,1199890905,Phố Huỳnh Thúc Kháng,901,256,12.6703125,2025-11-27 06:53:56.393170
309816683,10296445824,1199890906,Đường Nguyễn Chí Thanh,35,8,15.75,2025-11-27 06:53:56.616438
310729950,6677364041,760742218,,89,39,8.215384615384615,2025-11-27 06:53:56.807490
310729950,6677300866,1237451479,Đường La Thành,39,28,5.014285714285714,2025-11-27 06:53:56.992455
317366886,444501629,208366047,Phố Hoàng Đạo Thúy,21,13,5.815384615384616,2025-11-27 06:53:57.173850
317366886,4540453399,"[711526328, 1139127114, 1158361669, 710360126]",Đường Lê Văn Lương,775,162,17.222222222222225,2025-11-27 06:53:57.344661
317778303,427847910,37801728,Phố Hoàng Đạo Thúy,20,12,6.0,2025-11-27 06:53:57.595220
317778303,5716477056,953158813,Đường Trần Duy Hưng,332,40,29.880000000000003,2025-11-27 06:53:57.769627
319490613,1104490487,219978235,,926,133,25.06466165413534,2025-11-27 06:53:57.955322
420456583,6621078251,974551789,Đường Láng,90,13,24.923076923076923,2025-11-27 06:53:58.197243
420456583,13023100793,"[1121868210, 1121868211, 37765274]",Cầu Cót,86,24,12.9,2025-11-27 06:53:58.383980
420456595,10965136434,1180635861,,14,21,2.4,2025-11-27 06:53:58.618939
420456595,4541071715,"[1121703580, 704967125, 704967126]",Đường Láng,299,80,13.455,2025-11-27 06:53:58.799957
420456615,733429120,701450363,Đường Láng,30,7,15.428571428571429,2025-11-27 06:53:58.925505
420456615,98041257,"[37380136, 684048062, 701426455]","['Đường Nguyễn Chí Thanh', 'Đường Trần Duy Hưng', 'Cầu Trung Hòa']",67,30,8.040000000000001,2025-11-27 06:53:59.103786
420456683,5710231827,35972592,Phố Cầu Mới,565,187,10.877005347593583,2025-11-27 06:53:59.296885
420456683,5206119178,"[537687400, 537687398, 537687399]",Cầu Giáp Nhất,71,18,14.200000000000001,2025-11-27 06:53:59.533332
420456683,1878932244,1012665676,Đường Láng,141,23,22.069565217391304,2025-11-27 06:53:59.768897
420457653,11107112923,35841479,Đường Cầu Giấy,300,44,24.545454545454547,2025-11-27 06:53:59.962473
420460217,1878921396,597543673,,1790,463,13.91792656587473,2025-11-27 06:54:00.289141
420460217,4004297090,961861920,Đường Láng,75,86,3.1395348837209305,2025-11-27 06:54:00.535741
420522002,6587550954,38031007,Đường Láng,74,9,29.599999999999998,2025-11-27 06:54:00.752242
421080868,4961341856,599146719,Phố Xã Đàn,32,12,9.6,2025-11-27 06:54:00.977922
421080868,12357580645,687098302,Phố Tôn Đức Thắng,410,166,8.891566265060241,2025-11-27 06:54:01.154222
427847910,2291072476,953158816,Đường Trần Duy Hưng,15,4,13.5,2025-11-27 06:54:01.323219
427847910,1495030951,1242935512,Phố Hoàng Đạo Thúy,36,6,21.6,2025-11-27 06:54:01.508032
428673752,421080868,710298222,Phố Tôn Đức Thắng,314,132,8.563636363636364,2025-11-27 06:54:01.688695
428673752,2291064324,964868047,Phố Xã Đàn,50,12,15.000000000000002,2025-11-27 06:54:01.868909
436383687,5710222987,"[705485362, 705487902]",Đường Khuất Duy Tiến,159,24,23.85,2025-11-27 06:54:02.110332
436388447,2295384939,220414069,,15,10,5.4,2025-11-27 06:54:02.279232
436388447,309685730,808984103,Đường Nguyễn Chí Thanh,93,34,9.847058823529412,2025-11-27 06:54:02.461468
442990465,106078638,158632061,Phố Trung Kính,427,75,20.496000000000002,2025-11-27 06:54:02.655262
442990465,6687964478,158632061,Phố Trung Kính,686,188,13.136170212765958,2025-11-27 06:54:02.824545
442990465,6587651051,701450362,,31,6,18.6,2025-11-27 06:54:02.942225
442993523,13023100794,1292662269,Đường Nguyễn Khang,361,64,20.306250000000002,2025-11-27 06:54:03.171700
444394912,2701184883,397016323,,1934,383,18.178590078328984,2025-11-27 06:54:03.351487
444394912,4538405026,457741982,,106,15,25.44,2025-11-27 06:54:03.583269
444394912,5716537702,709368689,Đường Khuất Duy Tiến,60,40,5.4,2025-11-27 06:54:03.822437
444398125,444393381,37871458,Phố Hoàng Đạo Thúy,97,19,18.378947368421056,2025-11-27 06:54:04.066046
444398125,2186671584,1346358302,Ngõ 9 Hoàng Đạo Thúy,9,7,4.628571428571429,2025-11-27 06:54:04.299078
444501629,2291073251,954885541,Đường Lê Văn Lương,18,5,12.96,2025-11-27 06:54:04.524095
444501629,2186671586,37871458,Phố Hoàng Đạo Thúy,74,16,16.650000000000002,2025-11-27 06:54:04.693826
444501637,6648227221,198254217,Cầu vượt Láng Hạ - Lê Văn Lương,26,9,10.4,2025-11-27 06:54:04.873015
444501637,6650982901,"[875229049, 707829404]",Đường Lê Văn Lương,171,32,19.2375,2025-11-27 06:54:05.138031
444874857,444875374,707844071,Phố Láng Hạ,17,9,6.8,2025-11-27 06:54:05.312347
444874857,6651770210,38135679,Đường Láng,360,52,24.923076923076923,2025-11-27 06:54:05.477738
444874859,6650810650,707812017,,674,112,21.664285714285715,2025-11-27 06:54:05.651946
444874859,5710565212,709291888,Phố Láng Hạ,133,18,26.6,2025-11-27 06:54:05.881235
444875109,448838032,707844070,Phố Láng Hạ,18,4,16.2,2025-11-27 06:54:06.056426
444875109,5709996125,59150924,Đường Láng,441,128,12.403125000000001,2025-11-27 06:54:06.299369
444875130,1613087628,707866680,,20,5,14.4,2025-11-27 06:54:06.567521
444875130,1758170763,1297912942,Phố Láng Hạ,31,4,27.900000000000002,2025-11-27 06:54:06.742351
444875374,444875109,707457429,Đường Láng,33,11,10.8,2025-11-27 06:54:06.927584
444875374,283139229,"[37906072, 1112821649, 883126629]","['Đường Lê Văn Lương', 'Cầu Hòa Mục']",73,16,16.425,2025-11-27 06:54:07.106273
444875375,283139229,1411417355,Đường Nguyễn Ngọc Vũ,20,10,7.2,2025-11-27 06:54:07.285438
444875375,444875109,"[37906073, 1112821650, 883126630]","['Đường Lê Văn Lương', 'Cầu Hòa Mục']",71,30,8.52,2025-11-27 06:54:07.404022
444875375,2188036136,1379014183,Đường Nguyễn Ngọc Vũ,671,141,17.131914893617022,2025-11-27 06:54:07.586678
445970096,2050902830,194581844,,15,5,10.8,2025-11-27 06:54:07.777959
445970096,8823455180,"[708995000, 621977218]",Phố Hào Nam,88,19,16.673684210526318,2025-11-27 06:54:07.963872
445970127,2050902827,194581846,,13,5,9.360000000000001,2025-11-27 06:54:08.189991
445970127,2050902832,621977218,Phố Hào Nam,119,15,28.560000000000002,2025-11-27 06:54:08.425516
445970799,1884776799,178099297,,619,211,10.561137440758294,2025-11-27 06:54:08.603352
445970799,2291064328,"[882269316, 1262818189]",Phố Nguyễn Lương Bằng,101,45,8.08,2025-11-27 06:54:08.773906
446030797,2176926218,709017802,Phố Thái Hà,26,7,13.371428571428572,2025-11-27 06:54:08.888380
446030797,2174649904,"[709017800, 1266449984, 946867355]",Phố Hoàng Cầu,579,98,21.26938775510204,2025-11-27 06:54:09.065551
446030797,106111364,"[711362080, 711362081, 709017803, 711368897]",Phố Thái Hà,238,45,19.04,2025-11-27 06:54:09.252433
448838032,444874857,709258512,Đường Láng,19,4,17.1,2025-11-27 06:54:09.433504
448838032,2175126932,707472314,Phố Láng Hạ,50,11,16.363636363636367,2025-11-27 06:54:09.606642
634709500,1613087622,601455439,Phố Huỳnh Thúc Kháng,1489,450,11.911999999999999,2025-11-27 06:54:09.785908
634709500,6650876740,707820644,Phố Huỳnh Thúc Kháng,104,69,5.42608695652174,2025-11-27 06:54:09.971865
733429120,98041851,962005180,Đường Nguyễn Chí Thanh,17,6,10.200000000000001,2025-11-27 06:54:10.161211
733429120,6651770209,"[711138888, 707457431, 711138887]",Đường Láng,433,43,36.25116279069768,2025-11-27 06:54:10.335322
1104490487,319490613,219978235,,18,6,10.8,2025-11-27 06:54:10.454059
1104490487,12357580642,710307672,Phố Xã Đàn,1077,192,20.19375,2025-11-27 06:54:10.689253
1219243636,1220930858,601860674,,18,5,12.96,2025-11-27 06:54:10.870229
1219243636,1881928280,116432665,Phố Dương Đình Nghệ,42,7,21.6,2025-11-27 06:54:11.090076
1219243660,12872373346,1408711812,Phố Dương Đình Nghệ,41,14,10.542857142857143,2025-11-27 06:54:11.280406
1220930858,1221053112,1241605198,Phố Dương Đình Nghệ,14,8,6.3,2025-11-27 06:54:11.501704
1220930858,10203920325,1432239243,Phố Phạm Văn Bạch,45,7,23.142857142857146,2025-11-27 06:54:11.663863
1220930867,12872373345,709788192,Phố Dương Đình Nghệ,46,9,18.4,2025-11-27 06:54:11.831387
1221053112,1748294231,601860675,,18,4,16.2,2025-11-27 06:54:12.056496
1221053112,1881928008,709788190,Phố Dương Đình Nghệ,43,7,22.114285714285717,2025-11-27 06:54:12.301211
1221161727,1884747787,945783774,Đường Nguyễn Trãi,30,8,13.5,2025-11-27 06:54:12.485852
1221161727,3779255487,702880303,Đường Khuất Duy Tiến,1544,294,18.90612244897959,2025-11-27 06:54:12.723477
1221161730,4106937190,706445529,Đường Nguyễn Xiển,66,13,18.276923076923076,2025-11-27 06:54:12.953194
1221161730,1221161727,709354466,Đường Nguyễn Trãi,52,32,5.8500000000000005,2025-11-27 06:54:13.078436
1312645244,1691398148,704705860,Đường Phạm Hùng,13,6,7.8,2025-11-27 06:54:13.265623
1312645244,12375164798,1271090830,Phố Tôn Thất Thuyết,11,2,19.8,2025-11-27 06:54:13.429640
1312650077,1838584736,1000435074,Đường Phạm Hùng,19,7,9.771428571428572,2025-11-27 06:54:13.600977
1312650077,1879088108,704001087,Đường Mễ Trì,926,159,20.966037735849056,2025-11-27 06:54:13.842661
1312650079,1887751321,703997645,Đường Phạm Hùng,20,5,14.4,2025-11-27 06:54:14.083987
1312650079,2185731477,705794900,Phố Dương Đình Nghệ,59,9,23.6,2025-11-27 06:54:14.325148
1314185585,4539132165,"[684891840, 600520775, 600520776, 600520779, 457838763]","['Đại lộ Thăng Long', 'Hầm chui Trung Hòa']",1260,426,10.647887323943662,2025-11-27 06:54:14.495055
1314185648,4539132165,702572984,Đường Trần Duy Hưng,211,41,18.526829268292683,2025-11-27 06:54:14.673508
1314185653,2326674288,962493734,Đường Phạm Hùng,12,1,43.2,2025-11-27 06:54:14.862959
1314185677,1314191420,457903299,,1148,273,15.13846153846154,2025-11-27 06:54:15.055082
1314185677,6621357112,"[705508332, 705508333, 705508334]",Đường Phạm Hùng,1163,237,17.665822784810125,2025-11-27 06:54:15.222942
1314191398,106070559,502634846,,4037,651,22.324423963133643,2025-11-27 06:54:15.443508
1314191405,5707122750,457757032,Phố Miếu Đầm,3871,625,22.296960000000002,2025-11-27 06:54:15.613854
1314191405,4538571818,"[710333730, 710333731, 684695014]",Đại lộ Thăng Long,67,6,40.199999999999996,2025-11-27 06:54:15.792659
1314191414,436383687,705485362,Đường Khuất Duy Tiến,34,6,20.400000000000002,2025-11-27 06:54:15.965166
1314191415,1314191414,"[116610217, 704994515]",,163,95,6.176842105263158,2025-11-27 06:54:16.214173
1314191415,4539674875,711088047,Đại lộ Thăng Long,81,81,3.6,2025-11-27 06:54:16.450183
1314191417,4930438606,116610214,Đại lộ Thăng Long,154,14,39.6,2025-11-27 06:54:16.619909
1314191420,4539674875,675481681,Đường Khuất Duy Tiến,107,61,6.314754098360655,2025-11-27 06:54:16.802408
1314191420,5709923602,1010846169,Đại lộ Thăng Long,417,159,9.441509433962265,2025-11-27 06:54:16.951549
1314191436,6621426601,704994517,Đường Khuất Duy Tiến,33,13,9.138461538461538,2025-11-27 06:54:17.174605
1314191436,5709923601,116610218,,176,27,23.466666666666665,2025-11-27 06:54:17.390382
1314203096,2053894358,37734136,Phố Giảng Võ,237,39,21.876923076923077,2025-11-27 06:54:17.623996
1314203102,308728680,707341164,Đường La Thành,615,120,18.45,2025-11-27 06:54:17.737506
1314203102,1314203096,1240127119,Phố Giảng Võ,52,12,15.6,2025-11-27 06:54:17.864632
1314209691,1495020912,708614256,Phố Chùa Bộc,979,263,13.400760456273765,2025-11-27 06:54:18.048671
1314209691,6405794494,1210949543,,82,38,7.768421052631579,2025-11-27 06:54:18.222658
1314209698,1884765802,686156627,Phố Phạm Ngọc Thạch,18,4,16.2,2025-11-27 06:54:18.397141
1314209698,11014094288,1186000755,Phố Chùa Bộc,40,7,20.571428571428573,2025-11-27 06:54:18.622941
1314209699,11950483417,219977622,Phố Tây Sơn,31,4,27.900000000000002,2025-11-27 06:54:18.855026
1314209699,1884765806,708573722,,881,213,14.890140845070423,2025-11-27 06:54:19.080396
1314209716,6677895172,"[136161769, 709356405]",Phố Tây Sơn,224,28,28.8,2025-11-27 06:54:19.262587
1314209716,1887748894,"[616838545, 136161379, 709356407]",Cầu vượt Ngã Tư Sở,968,252,13.82857142857143,2025-11-27 06:54:19.489973
1314209717,6659134174,"[1012665674, 875229039]",Phố Tây Sơn,105,14,27.0,2025-11-27 06:54:19.739355
1475295085,1475295086,704959985,,48,6,28.8,2025-11-27 06:54:19.894542
1475295085,1312645244,"[1337871557, 703521533, 703521534]",Đường Phạm Hùng,404,271,5.366789667896679,2025-11-27 06:54:20.068782
1475295086,1475295085,704959985,,2311,381,21.836220472440946,2025-11-27 06:54:20.185429
1475295086,1879091756,"[954882994, 704964051, 703986437, 898262239]",Đường Phạm Hùng,771,77,36.04675324675325,2025-11-27 06:54:20.413224
1494041345,6677895176,1233979452,Đường Trường Chinh,28,7,14.4,2025-11-27 06:54:20.651919
1494041345,4004297090,"[1447195328, 709673459, 708658348, 709673462]","['Đường Trường Chinh', 'Đường Nguyễn Trãi']",103,68,5.452941176470588,2025-11-27 06:54:20.766025
1494041351,1494041366,136161771,Đường Láng,184,24,27.6,2025-11-27 06:54:20.943500
1494041352,1494041374,136161770,Phố Tây Sơn,234,36,23.400000000000002,2025-11-27 06:54:21.118798
1494041366,1878932244,1012665675,,552,128,15.525,2025-11-27 06:54:21.297347
1494041366,6670444530,"[709678322, 709678324, 35977789]",Đường Láng,267,67,14.346268656716418,2025-11-27 06:54:21.462345
1494041374,1758633098,"[946030656, 708658353, 684766065, 1204912790]",Phố Tây Sơn,389,102,13.729411764705883,2025-11-27 06:54:21.703710
1495020912,1758631175,708573721,,25,6,15.000000000000002,2025-11-27 06:54:21.934253
1495020912,6688503842,1333363797,Phố Tây Sơn,28,6,16.8,2025-11-27 06:54:22.109531
1495022225,634709500,601455441,Phố Huỳnh Thúc Kháng,23,8,10.35,2025-11-27 06:54:22.344686
1495023340,1314209691,"[708576344, 1185723930, 708576347, 708581285]",Phố Chùa Bộc,538,102,18.988235294117647,2025-11-27 06:54:22.569284
1495025257,6648096525,707450929,Cầu Vượt Láng Hạ - Huỳnh Thúc Kháng,31,4,27.900000000000002,2025-11-27 06:54:22.805863
1495025257,6650810650,"[707812018, 707087637]",Phố Láng Hạ,134,27,17.866666666666667,2025-11-27 06:54:22.995403
1495030950,1495030951,600518182,,54,11,17.672727272727272,2025-11-27 06:54:23.226552
1495030950,427847910,1242935511,Đường Trần Duy Hưng,37,19,7.010526315789474,2025-11-27 06:54:23.343710
1495030951,317366886,"[1071601648, 953158817, 956542159]",Phố Hoàng Đạo Thúy,733,224,11.780357142857142,2025-11-27 06:54:23.459146
1497544719,428673752,710298223,Phố Xã Đàn,36,28,4.628571428571429,2025-11-27 06:54:23.657343
1497544719,1904353550,882269315,Phố Nguyễn Lương Bằng,56,24,8.4,2025-11-27 06:54:23.834398
1497544736,5707161153,954341840,Phố Tôn Đức Thắng,26,5,18.720000000000002,2025-11-27 06:54:24.068910
1497544736,5707161151,600037935,Phố Khâm Thiên,100,26,13.846153846153847,2025-11-27 06:54:24.246035
1497544738,5707161163,178099621,Phố Tôn Đức Thắng,21,5,15.120000000000001,2025-11-27 06:54:24.496142
1497544749,5706891499,506383096,Phố Tôn Đức Thắng,113,19,21.410526315789475,2025-11-27 06:54:24.739283
1497544764,9980229913,1177224827,,191,32,21.4875,2025-11-27 06:54:24.911924
1497544764,5706896622,1242184418,Phố Tôn Đức Thắng,84,11,27.490909090909092,2025-11-27 06:54:25.148125
1497544796,7301485388,782030755,,809,124,23.48709677419355,2025-11-27 06:54:25.384359
1497544796,5704011299,1317516877,Phố Tôn Đức Thắng,1249,198,22.70909090909091,2025-11-27 06:54:25.619103
1497544796,1497544764,599146734,Phố Tôn Đức Thắng,307,37,29.870270270270268,2025-11-27 06:54:25.744694
1498038039,420457653,705171520,,128,59,7.810169491525424,2025-11-27 06:54:25.925521
1498111685,10180671333,701436154,Đường Nguyễn Chí Thanh,15,4,13.5,2025-11-27 06:54:26.113147
1498111685,5716649671,701436155,,46,10,16.56,2025-11-27 06:54:26.288216
1613087620,444875130,707812014,Phố Láng Hạ,13,3,15.6,2025-11-27 06:54:26.514647
1613087620,5716616005,707066368,Phố Thái Hà,61,13,16.892307692307693,2025-11-27 06:54:26.757675
1613087622,1613087620,707866679,,718,129,20.037209302325582,2025-11-27 06:54:26.936323
1613087622,444874859,1242935514,Phố Láng Hạ,20,3,24.0,2025-11-27 06:54:27.120113
1613087628,1613087622,737520304,Phố Láng Hạ,17,5,12.24,2025-11-27 06:54:27.293032
1613087628,1495022225,601455441,Phố Huỳnh Thúc Kháng,46,10,16.56,2025-11-27 06:54:27.404906
1691398148,1881927756,704705861,,1431,373,13.811260053619304,2025-11-27 06:54:27.632536
1692627215,6631796343,705792285,,271,41,23.79512195121951,2025-11-27 06:54:27.795150
1692627215,1919720738,1131469490,Phố Trần Thái Tông,33,4,29.7,2025-11-27 06:54:27.954964
1699561405,1849738362,174291498,,37,23,5.791304347826087,2025-11-27 06:54:28.213823
1699561405,5716544649,"[704031049, 704984906, 704990514, 704990515, 704990516]",Đường Phạm Hùng,7205,1219,21.278096800656275,2025-11-27 06:54:28.444651
1748294231,1219243636,116432665,Phố Dương Đình Nghệ,14,6,8.4,2025-11-27 06:54:28.629691
1748294231,10203920328,709788194,Phố Trung Kính,47,7,24.17142857142857,2025-11-27 06:54:28.790395
1748294250,1748294257,1432239246,Phố Hoàng Quán Chi,14,6,8.4,2025-11-27 06:54:28.950250
1748294250,10203920324,1432239245,Phố Phạm Văn Bạch,129,29,16.013793103448275,2025-11-27 06:54:29.119190
1748294257,1748294250,1432239246,Phố Hoàng Quán Chi,14,5,10.08,2025-11-27 06:54:29.237941
1748294257,1919751060,106042137,Phố Phạm Văn Bạch,306,56,19.67142857142857,2025-11-27 06:54:29.468406
1748294274,5710673974,601999040,Đường Nguyễn Khang,595,152,14.092105263157894,2025-11-27 06:54:29.643886
1748294274,10542328776,"[601999040, 954882993, 1287978626]",Đường Nguyễn Khang,48,29,5.958620689655173,2025-11-27 06:54:29.901080
1758170763,12024836052,"[707087634, 1417471101]",Phố Láng Hạ,109,15,26.16,2025-11-27 06:54:30.144708
1758170772,6648096523,707450925,Phố Láng Hạ,14,5,10.08,2025-11-27 06:54:30.336985
1758170772,1495022225,164155833,,91,36,9.1,2025-11-27 06:54:30.522906
1758629824,5683792676,596721704,Phố Chùa Bộc,13,3,15.6,2025-11-27 06:54:30.701999
1758631175,1314209699,711404120,Phố Tây Sơn,17,4,15.3,2025-11-27 06:54:30.822797
1758631175,1884769979,707072725,Phố Thái Hà,40,7,20.571428571428573,2025-11-27 06:54:31.010483
1758633098,1758633108,164211344,Phố Tây Sơn,23,4,20.7,2025-11-27 06:54:31.183643
1758633098,81805393,946030657,Phố Tây Sơn,1507,287,18.90313588850174,2025-11-27 06:54:31.307354
1758633108,6659134174,164211341,Phố Tây Sơn,26,2,46.800000000000004,2025-11-27 06:54:31.427409
1758633108,1758633112,164211345,Cầu vượt Tây Sơn,511,85,21.642352941176473,2025-11-27 06:54:31.617856
1758633112,6659134172,164211342,Phố Tây Sơn,1171,226,18.653097345132746,2025-11-27 06:54:31.799591
1758633112,1758633108,164211345,Cầu vượt Tây Sơn,254,30,30.48,2025-11-27 06:54:31.936916
1758651218,6610574244,"[704007645, 704007647]","['Phố Khương Trung', 'Phố Vũ Tông Phan']",101,19,19.13684210526316,2025-11-27 06:54:32.184228
1758651218,6606566485,"[704029589, 704029590]",Phố Vũ Tông Phan,538,79,24.51645569620253,2025-11-27 06:54:32.402931
1838584736,1312650079,592761909,,49,11,16.036363636363635,2025-11-27 06:54:32.519417
1838584736,1879088105,962493746,Đường Phạm Hùng,80,16,18.0,2025-11-27 06:54:32.743737
1849738362,1699561405,174291498,,37,35,3.805714285714286,2025-11-27 06:54:32.925243
1849738362,5898769297,"[705790144, 703992425, 704013518]",Đường Phạm Hùng,615,60,36.9,2025-11-27 06:54:33.146499
1878921396,6659072489,961861921,Đường Nguyễn Trãi,5,5,3.6,2025-11-27 06:54:33.322022
1878921403,5686426699,848915391,Đường Trường Chinh,479,56,30.792857142857144,2025-11-27 06:54:33.492951
1878921403,5686426699,"[1012665677, 774597879]",Đường Trường Chinh,479,56,30.792857142857144,2025-11-27 06:54:33.682725
1878921405,1878921403,709673461,Đường Trường Chinh,106,24,15.900000000000002,2025-11-27 06:54:33.918149
1878932244,1494041366,1012665675,,25,7,12.857142857142858,2025-11-27 06:54:34.110180
1878932244,420460217,35972593,Đường Láng,184,43,15.404651162790696,2025-11-27 06:54:34.225143
1879088105,1879091755,948123041,Đường Phạm Hùng,114,15,27.36,2025-11-27 06:54:34.455155
1879088106,1879088105,177465696,,113,18,22.6,2025-11-27 06:54:34.679297
1879088106,1838584736,704004156,Đường Mễ Trì,692,208,11.976923076923077,2025-11-27 06:54:34.811877
1879088107,1879088108,177465698,,106,14,27.257142857142856,2025-11-27 06:54:35.027682
1879088107,1312650077,951694405,Đường Phạm Hùng,79,60,4.74,2025-11-27 06:54:35.209083
1879088108,13322115743,"[116432666, 951694406]",Đường Mễ Trì,291,26,40.29230769230769,2025-11-27 06:54:35.369799
1879091753,1879091756,177467457,,54,15,12.96,2025-11-27 06:54:35.532216
1879091753,1475295085,"[704964049, 704964050, 703992427]",Đường Phạm Hùng,743,73,36.64109589041096,2025-11-27 06:54:35.653664
1879091755,5898769297,624668558,,572,141,14.604255319148937,2025-11-27 06:54:35.778829
1879091755,1699561405,"[704984904, 704984905, 703986436]",Đường Phạm Hùng,612,87,25.324137931034482,2025-11-27 06:54:35.895239
1879091756,1879091753,177467457,,798,226,12.711504424778761,2025-11-27 06:54:36.079044
1879091756,1879088107,1240663517,Đường Phạm Hùng,91,14,23.400000000000002,2025-11-27 06:54:36.190677
1881927756,2302166519,703519573,Đường Phạm Hùng,16,6,9.6,2025-11-27 06:54:36.342713
1881927756,12375164794,703521538,Phố Nguyễn Hoàng,12,2,21.6,2025-11-27 06:54:36.505816
1881927757,1881928008,1115710781,,130,65,7.2,2025-11-27 06:54:36.671680
1881927757,1881927759,177776801,,91,45,7.28,2025-11-27 06:54:36.888758
1881927757,1748294231,1284835492,Phố Dương Đình Nghệ,41,37,3.9891891891891893,2025-11-27 06:54:37.069829
1881927759,6687964478,"[1012665669, 1241605199, 711330225, 945783770, 163053438]",Phố Trung Kính,1120,214,18.8411214953271,2025-11-27 06:54:37.180221
1881928007,1881928008,177776815,,62,9,24.8,2025-11-27 06:54:37.409207
1881928007,1221053112,941188192,Phố Phạm Văn Bạch,40,37,3.891891891891892,2025-11-27 06:54:37.563028
1881928008,1881927757,1115710781,,23,10,8.28,2025-11-27 06:54:37.742479
1881928008,13327548968,"[106029720, 1284835491, 815619171]",Phố Dương Đình Nghệ,700,129,19.53488372093023,2025-11-27 06:54:37.966034
1881928278,6672531385,1115710779,,85,17,18.0,2025-11-27 06:54:38.405715
1881928279,1881928280,601860671,,132,73,6.50958904109589,2025-11-27 06:54:38.564562
1881928279,1220930858,709788184,Phố Dương Đình Nghệ,43,47,3.293617021276596,2025-11-27 06:54:38.679392
1881928280,6672531385,116432665,Phố Dương Đình Nghệ,12,1,43.2,2025-11-27 06:54:38.797499
1881949102,1881949103,177779734,,64,14,16.457142857142856,2025-11-27 06:54:38.987350
1881949102,4539675829,"[106053505, 1442409291, 709368691]",Đường Khuất Duy Tiến,423,192,7.93125,2025-11-27 06:54:39.170906
1881949103,1881949102,177779734,,522,90,20.88,2025-11-27 06:54:39.286360
1881949103,11768052436,397241050,Đường Khuất Duy Tiến,236,38,22.357894736842105,2025-11-27 06:54:39.452609
1884747787,4538405005,961861931,Đường Nguyễn Trãi,21,5,15.120000000000001,2025-11-27 06:54:39.683174
1884747789,1884747787,178091013,,65,16,14.625,2025-11-27 06:54:39.923029
1884747789,3779255487,945783773,Đường Nguyễn Trãi,31,30,3.7200000000000006,2025-11-27 06:54:40.039225
1884765798,6658429241,"[708581287, 178091734, 708576345, 708576350, 708576351]",Phố Chùa Bộc,542,200,9.756,2025-11-27 06:54:40.222212
1884765802,1758629824,708584848,Phố Chùa Bộc,20,6,12.0,2025-11-27 06:54:40.338682
1884765802,5674347102,708584849,Phố Tôn Thất Tùng,18,4,16.2,2025-11-27 06:54:40.584772
1884765806,1495020912,1177158045,Phố Tây Sơn,19,8,8.55,2025-11-27 06:54:40.700678
1884765806,1884765798,708573719,Phố Chùa Bộc,959,211,16.362085308056873,2025-11-27 06:54:40.824528
1884768305,1314209717,178091745,,63,9,25.2,2025-11-27 06:54:41.002868
1884768305,1314209699,708570281,Phố Thái Hà,37,52,2.5615384615384618,2025-11-27 06:54:41.134738
1884769977,6688503847,711404121,Phố Tây Sơn,15,7,7.714285714285714,2025-11-27 06:54:41.311366
1884769977,1884769979,178091760,,63,9,25.2,2025-11-27 06:54:41.492220
1884769979,6644672133,707072725,Phố Thái Hà,67,10,24.12,2025-11-27 06:54:41.679324
1884776799,445970799,178099297,,1472,298,17.78255033557047,2025-11-27 06:54:41.796034
1884776799,5954441639,"[1266014434, 219977702, 1204846893, 711083507, 711492060]","['Phố Nguyễn Lương Bằng', 'Phố Tây Sơn']",732,117,22.523076923076925,2025-11-27 06:54:41.975697
1887748894,5875603186,"[616838547, 954882991]","['Cầu Mới', 'Đường Nguyễn Trãi']",45,17,9.529411764705882,2025-11-27 06:54:42.156098
1887751321,1312650077,592761913,,43,11,14.072727272727274,2025-11-27 06:54:42.274409
1887751321,2185731481,703997646,Đường Phạm Hùng,56,9,22.400000000000002,2025-11-27 06:54:42.488561
1897734810,1897734813,179403839,,37,9,14.799999999999999,2025-11-27 06:54:42.739034
1897734810,5710222979,"[705501036, 705501037, 705501038]",Đường Khuất Duy Tiến,331,105,11.348571428571429,2025-11-27 06:54:42.900808
1897734813,1897734810,179403839,,37,11,12.10909090909091,2025-11-27 06:54:43.012352
1897734813,5093497429,709368694,Đường Khuất Duy Tiến,99,30,11.879999999999999,2025-11-27 06:54:43.232796
1901865134,1901865135,179746537,,32,8,14.4,2025-11-27 06:54:43.415147
1901865134,5710136485,"[953158808, 953158809]",Đường Trần Duy Hưng,168,43,14.065116279069768,2025-11-27 06:54:43.638028
1901865135,1901865134,179746537,,1072,298,12.9503355704698,2025-11-27 06:54:43.816708
1901865135,5710673956,"[1012665673, 701418863, 953158807]",Đường Trần Duy Hưng,339,64,19.06875,2025-11-27 06:54:44.043247
1904353550,1884776799,"[882269315, 1266448183]",Phố Nguyễn Lương Bằng,102,16,22.95,2025-11-27 06:54:44.174884
1904360482,2174649908,708940359,,22,8,9.9,2025-11-27 06:54:44.416128
1904360482,106108917,1240127122,Phố Hoàng Cầu,336,51,23.71764705882353,2025-11-27 06:54:44.592676
1919750981,6631796343,116432102,Phố Trần Thái Tông,36,5,25.92,2025-11-27 06:54:44.895952
1919750981,1919720738,961685424,,46,7,23.65714285714286,2025-11-27 06:54:45.012222
1919751043,1919751060,601492994,,18,2,32.4,2025-11-27 06:54:45.167364
1919751043,1748294250,116432101,Phố Phạm Văn Bạch,314,82,13.785365853658536,2025-11-27 06:54:45.348707
1919751060,1954877845,106042137,Phố Phạm Văn Bạch,18,3,21.6,2025-11-27 06:54:45.504811
1919751060,1919751043,601492994,,18,6,10.8,2025-11-27 06:54:45.623562
1954877845,1919750981,945783761,,67,9,26.8,2025-11-27 06:54:45.746173
2050902820,98031401,708891236,Đường La Thành,21,9,8.4,2025-11-27 06:54:45.928077
2050902820,6662639319,711708478,Phố Hào Nam,27,6,16.2,2025-11-27 06:54:46.080218
2050902827,445970127,194581846,,13,10,4.680000000000001,2025-11-27 06:54:46.202580
2050902827,2050902836,194581841,Phố Hào Nam,124,13,34.33846153846154,2025-11-27 06:54:46.439610
2050902830,445970096,194581844,,15,4,13.5,2025-11-27 06:54:46.550899
2050902830,2050902833,194581841,Phố Hào Nam,126,18,25.2,2025-11-27 06:54:46.717693
2050902832,2050902833,194581845,,13,16,2.9250000000000003,2025-11-27 06:54:46.827839
2050902832,445970096,621977218,Phố Hào Nam,119,16,26.775000000000002,2025-11-27 06:54:46.946907
2050902833,2050902827,194581841,Phố Hào Nam,122,18,24.4,2025-11-27 06:54:47.062171
2050902833,2050902832,194581845,,13,9,5.2,2025-11-27 06:54:47.181098
2050902835,2050902836,194581848,,16,8,7.2,2025-11-27 06:54:47.372487
2050902835,445970127,"[621977218, 710279559]",Phố Hào Nam,120,14,30.857142857142858,2025-11-27 06:54:47.491736
2050902836,2050902835,194581848,,16,14,4.114285714285714,2025-11-27 06:54:47.608207
2050902836,5489009621,"[194581841, 711708475, 711708476, 711708477]",Phố Hào Nam,137,17,29.011764705882353,2025-11-27 06:54:47.777190
2053894358,8237661942,885892445,,20,5,14.4,2025-11-27 06:54:48.020259
2053894358,2290010720,"[967878665, 711531410, 966127180]",Phố Giảng Võ,566,93,21.90967741935484,2025-11-27 06:54:48.184774
2084132002,5716649671,705807579,Đường Nguyễn Chí Thanh,15,2,27.0,2025-11-27 06:54:48.301402
2084132003,5718871870,601583623,,39,38,3.6947368421052635,2025-11-27 06:54:48.460933
2084132003,5710673979,701418860,,87,37,8.464864864864865,2025-11-27 06:54:48.574824
2084132003,98041849,701418862,Đường Trần Duy Hưng,31,27,4.133333333333334,2025-11-27 06:54:48.684764
2174649904,106108917,219976145,Phố Võ Văn Dũng,411,70,21.137142857142855,2025-11-27 06:54:48.800782
2174649904,2174649908,"[207272547, 1432500749]",Phố Hoàng Cầu,349,48,26.175,2025-11-27 06:54:48.980661
2174649908,1904360482,708940359,,438,112,14.07857142857143,2025-11-27 06:54:49.109126
2174649908,4961341864,"[1216203224, 207272547, 1203979590]",Phố Hoàng Cầu,184,48,13.8,2025-11-27 06:54:49.367289
2175126932,6648227223,"[1201414576, 1201414577, 875229050]",Phố Láng Hạ,164,32,18.45,2025-11-27 06:54:49.602008
2175126939,2175126932,207318368,,166,74,8.075675675675676,2025-11-27 06:54:49.820041
2175126939,444874857,707463100,Phố Láng Hạ,49,41,4.302439024390244,2025-11-27 06:54:50.000584
2176926218,446030797,709017802,Phố Thái Hà,251,69,13.095652173913045,2025-11-27 06:54:50.184965
2176926218,6662241095,962493747,Phố Yên Lãng,111,18,22.200000000000003,2025-11-27 06:54:50.435960
2176926218,5716616005,"[1266983913, 33407729, 1344929479]",Phố Thái Hà,461,132,12.572727272727272,2025-11-27 06:54:50.560407
2185731222,1314191415,711088046,Đại lộ Thăng Long,51,59,3.1118644067796613,2025-11-27 06:54:50.734423
2185731222,436383687,208259664,,208,124,6.038709677419355,2025-11-27 06:54:50.921116
2185731475,2185731477,208259670,,84,14,21.6,2025-11-27 06:54:51.139217
2185731475,1312650079,703992426,Đường Phạm Hùng,58,46,4.539130434782609,2025-11-27 06:54:51.262360
2185731477,13327548965,816200776,Phố Dương Đình Nghệ,168,26,23.261538461538464,2025-11-27 06:54:51.427466
2185731479,2185731481,208259668,,81,9,32.4,2025-11-27 06:54:51.583689
2185731479,1887751321,703992422,Phố Dương Đình Nghệ,57,52,3.946153846153847,2025-11-27 06:54:51.770787
2185731481,1879091753,"[705564896, 815619172]",Đường Phạm Hùng,116,15,27.84,2025-11-27 06:54:51.897009
2186671583,2186671586,208366138,,9,8,4.05,2025-11-27 06:54:52.146837
2186671583,2291073251,208366141,Phố Hoàng Đạo Thúy,61,47,4.672340425531915,2025-11-27 06:54:52.335749
2186671584,444398125,1346358302,Ngõ 9 Hoàng Đạo Thúy,9,5,6.48,2025-11-27 06:54:52.456587
2186671584,2186671583,208366141,Phố Hoàng Đạo Thúy,123,29,15.268965517241378,2025-11-27 06:54:52.564313
2186671585,2186671584,1346358303,Phố Hoàng Đạo Thúy,78,17,16.517647058823528,2025-11-27 06:54:52.812329
2186671586,2186671583,208366138,,9,1,32.4,2025-11-27 06:54:52.934463
2186671586,444398125,37871458,Phố Hoàng Đạo Thúy,138,29,17.131034482758622,2025-11-27 06:54:53.049241
2188036136,283139237,208509700,Đường Nguyễn Ngọc Vũ,598,303,7.104950495049505,2025-11-27 06:54:53.176004
2188036136,444875375,1379014183,Đường Nguyễn Ngọc Vũ,126,203,2.2344827586206897,2025-11-27 06:54:53.301743
2195296719,6644721587,1173606571,Đường La Thành,4,1,14.4,2025-11-27 06:54:53.482165
2195296719,438036727,209302576,,110,20,19.8,2025-11-27 06:54:53.661547
2195296719,309685730,"[711355912, 1226392801, 1226392034, 1173606571]",Đường La Thành,681,149,16.453691275167785,2025-11-27 06:54:53.779968
2212544448,1314191436,705501039,Đường Khuất Duy Tiến,12,5,8.64,2025-11-27 06:54:54.013446
2212544448,1314185648,211233735,,244,42,20.914285714285715,2025-11-27 06:54:54.138212
2274969534,5828495464,964868043,,15,12,4.5,2025-11-27 06:54:54.324342
2274969534,5718868836,707087632,Phố Láng Hạ,335,45,26.8,2025-11-27 06:54:54.492132
2289976216,5718868836,1207977564,,683,94,26.157446808510638,2025-11-27 06:54:54.662464
2289976216,5828495464,"[36182665, 964868042]",Phố Láng Hạ,333,39,30.73846153846154,2025-11-27 06:54:54.795146
2289997642,2289997644,219865424,,11,10,3.9600000000000004,2025-11-27 06:54:54.964298
2289997642,1314203102,"[37906058, 964868045]",Phố Láng Hạ,134,66,7.3090909090909095,2025-11-27 06:54:55.152878
2289997644,2289997642,219865424,,11,5,7.920000000000001,2025-11-27 06:54:55.267412
2289997644,2289976216,707450932,Phố Láng Hạ,139,17,29.435294117647057,2025-11-27 06:54:55.446284
2290010720,2290010722,219867180,,14,8,6.3,2025-11-27 06:54:55.623693
2290010720,309595522,711379961,Phố Giảng Võ,155,85,6.564705882352941,2025-11-27 06:54:55.743812
2290010722,2290010720,219867180,,14,8,6.3,2025-11-27 06:54:55.872950
2290010722,8237661942,"[707354680, 966127178, 967878666, 1187545712]",Phố Giảng Võ,569,91,22.50989010989011,2025-11-27 06:54:56.005365
2291064324,319490613,964868047,Phố Xã Đàn,116,20,20.88,2025-11-27 06:54:56.132309
2291064328,2291064324,570572175,Phố Xã Đàn,60,13,16.615384615384613,2025-11-27 06:54:56.309690
2291064328,428673752,1262818190,Phố Nguyễn Lương Bằng,33,28,4.242857142857143,2025-11-27 06:54:56.491447
2291072469,317366886,1240408565,Đường Lê Văn Lương,12,6,7.2,2025-11-27 06:54:56.664911
2291072469,5710136488,"[408823241, 408823207]",Phố Hoàng Đạo Thúy,734,178,14.844943820224719,2025-11-27 06:54:56.847923
2291072476,5710136485,953158812,Phố Hoàng Đạo Thúy,18,8,8.1,2025-11-27 06:54:56.972198
2291072476,5710136487,953158811,Đường Trần Duy Hưng,32,6,19.2,2025-11-27 06:54:57.133714
2291073251,2291072469,219979442,Phố Hoàng Đạo Thúy,22,8,9.9,2025-11-27 06:54:57.253370
2291073251,2291254030,37877893,Đường Lê Văn Lương,261,49,19.175510204081636,2025-11-27 06:54:57.433479
2291254028,2291254030,1207930078,,34,10,12.24,2025-11-27 06:54:57.614008
2291254028,2291072469,"[37876499, 1012665662]",Đường Lê Văn Lương,263,73,12.969863013698632,2025-11-27 06:54:57.730952
2291254030,2291254028,1207930078,,1143,274,15.01751824817518,2025-11-27 06:54:57.916198
2291254030,444501637,37877893,Đường Lê Văn Lương,347,107,11.674766355140186,2025-11-27 06:54:58.038307
2295384939,436388447,220414069,,15,10,5.4,2025-11-27 06:54:58.152424
2295384939,5721511585,"[1073767460, 1073767461, 1073767462, 711526153, 711526156, 252400879]",Đường Nguyễn Chí Thanh,279,43,23.358139534883723,2025-11-27 06:54:58.340051
2302164518,2302164519,221160857,,680,111,22.054054054054053,2025-11-27 06:54:58.511683
2302164518,5719031414,"[601519292, 408800725, 1287590942, 601519293]",Phố Tôn Thất Thuyết,480,87,19.862068965517242,2025-11-27 06:54:58.737501
2302164519,2302164518,221160857,,17,8,7.65,2025-11-27 06:54:58.858318
2302164519,12375164797,1271090831,Phố Tôn Thất Thuyết,153,62,8.883870967741936,2025-11-27 06:54:59.022169
2302166519,1312645244,705175748,,38,14,9.771428571428572,2025-11-27 06:54:59.197953
2302166519,1475295086,"[816197481, 815621263, 704959984, 704942289, 703519572, 1163312635]",Đường Phạm Hùng,407,53,27.645283018867925,2025-11-27 06:54:59.321118
2303337176,1498038039,400124197,Đường Láng,271,33,29.563636363636366,2025-11-27 06:54:59.506176
2326674277,5709923606,705504248,Đường Trần Duy Hưng,24,2,43.2,2025-11-27 06:54:59.659689
2326674277,2326674288,223791534,,231,25,33.264,2025-11-27 06:54:59.781232
2326674281,5709923603,1010846168,Đường Phạm Hùng,15,2,27.0,2025-11-27 06:55:00.020810
2326674281,1314191417,223791532,,220,27,29.333333333333336,2025-11-27 06:55:00.136133
2326674288,4539674888,37562784,Đường Phạm Hùng,169,31,19.625806451612902,2025-11-27 06:55:00.375767
2570960524,12206582473,1393444645,,573,88,23.44090909090909,2025-11-27 06:55:00.612675
2570960524,5707647500,1109636292,Đường Trần Phú,264,38,25.010526315789477,2025-11-27 06:55:00.801365
2584589542,5721511586,711526151,Cầu vượt Nguyễn Chí Thanh,1277,169,27.202366863905326,2025-11-27 06:55:00.992295
2701058419,5716537675,"[702880304, 702848696]",Đường Nguyễn Xiển,184,128,5.175,2025-11-27 06:55:01.223466
2701184883,4539682086,709767944,Đường Khuất Duy Tiến,161,68,8.523529411764706,2025-11-27 06:55:01.391821
3075526390,1919751043,116432101,Phố Phạm Văn Bạch,24,3,28.8,2025-11-27 06:55:01.550997
3075526390,1954877845,945783769,,59,8,26.55,2025-11-27 06:55:01.692151
3075526396,3075526390,184919487,,61,10,21.96,2025-11-27 06:55:01.943313
3779255487,2701184883,702880301,Đường Khuất Duy Tiến,1958,442,15.947511312217197,2025-11-27 06:55:02.127694
3779255487,5716537702,702880302,Đường Nguyễn Trãi,57,35,5.862857142857143,2025-11-27 06:55:02.311209
3779255494,4538405026,399820831,Đường Nguyễn Trãi,29,5,20.88,2025-11-27 06:55:02.540691
4004297090,1878921396,177433576,Đường Nguyễn Trãi,45,41,3.9512195121951224,2025-11-27 06:55:02.651835
4004297090,1878921405,"[1014224394, 709673460]",Đường Trường Chinh,94,24,14.1,2025-11-27 06:55:02.833012
4025084971,6666128977,457757000,Đại lộ Thăng Long,104,12,31.2,2025-11-27 06:55:02.997998
4025084971,4538571805,1198522909,,45,8,20.25,2025-11-27 06:55:03.153583
4025115175,5707407583,208162321,Phố Yên Lãng,26,11,8.50909090909091,2025-11-27 06:55:03.331739
4025115175,5709996124,"[709255817, 709255818, 600496934]",Đường Láng,153,35,15.737142857142857,2025-11-27 06:55:03.566845
4027449781,6621078261,"[704938984, 35972313, 704938983]",Đường Láng,251,47,19.225531914893615,2025-11-27 06:55:03.818444
4106937190,4538404990,955882984,Đường Nguyễn Xiển,5,1,18.0,2025-11-27 06:55:03.992616
4538404990,13282498392,706445530,Đường Nguyễn Xiển,37,6,22.200000000000003,2025-11-27 06:55:04.160909
4538404991,4538405005,457741985,,1621,287,20.333101045296168,2025-11-27 06:55:04.360631
4538404991,1221161727,961861930,Đường Nguyễn Xiển,3429,572,21.581118881118883,2025-11-27 06:55:04.507464
4538404998,3779255494,457741981,,67,14,17.228571428571428,2025-11-27 06:55:04.677949
4538404998,1221161730,1198858980,Đường Nguyễn Trãi,43,49,3.159183673469388,2025-11-27 06:55:04.802366
4538405005,4538405024,"[702891548, 702891549]",Đường Nguyễn Trãi,365,64,20.53125,2025-11-27 06:55:05.032504
4538405006,1884747789,709301564,Đường Nguyễn Trãi,26,28,3.342857142857143,2025-11-27 06:55:05.204470
4538405006,2701184883,457741986,,2015,504,14.392857142857142,2025-11-27 06:55:05.331418
4538405017,11700202516,"[1290144946, 457757021]",Đường Nguyễn Trãi,482,51,34.023529411764706,2025-11-27 06:55:05.563073
4538405021,4538405024,"[621974600, 621974602, 457741990]",Hầm chui Thanh Xuân,862,113,27.461946902654866,2025-11-27 06:55:05.768302
4538405021,4538405061,710332807,Đường Nguyễn Trãi,3730,504,26.642857142857146,2025-11-27 06:55:05.992553
4538405024,6689058288,"[264434802, 929495372, 948123045, 116614142]",Đường Nguyễn Trãi,327,47,25.046808510638296,2025-11-27 06:55:06.220805
4538405026,4538405017,711700503,Đường Nguyễn Trãi,3728,494,27.16761133603239,2025-11-27 06:55:06.358198
4538405061,4538404998,955882983,Đường Nguyễn Trãi,24,5,17.28,2025-11-27 06:55:06.471825
4538405061,4106937190,457741984,,308,177,6.264406779661017,2025-11-27 06:55:06.598155
4538405136,11768052437,709368692,Đường Khuất Duy Tiến,609,100,21.924,2025-11-27 06:55:06.769457
4538405136,4538405137,709368693,,588,94,22.519148936170215,2025-11-27 06:55:07.020158
4538405137,4540453395,974572940,Đường Khuất Duy Tiến,96,42,8.228571428571428,2025-11-27 06:55:07.198493
4538571805,5707122780,457757029,,1961,242,29.17190082644628,2025-11-27 06:55:07.352000
4538571805,4539675798,709260267,,891,132,24.3,2025-11-27 06:55:07.568186
4538571806,4539675798,457903307,,58,6,34.8,2025-11-27 06:55:07.723509
4538571806,5707122775,600031621,Đường Lương Thế Vinh,30,5,21.6,2025-11-27 06:55:07.880240
4538571818,1314191398,710333731,Đại lộ Thăng Long,42,3,50.4,2025-11-27 06:55:08.056287
4539132150,4830545884,"[710333735, 600520777, 600520778, 600520780, 457903293]","['Đại lộ Thăng Long', 'Hầm chui Trung Hòa']",1246,91,49.29230769230769,2025-11-27 06:55:08.276708
4539132150,2326674277,"[702572989, 705504247]",Đường Trần Duy Hưng,215,22,35.18181818181819,2025-11-27 06:55:08.466368
4539132165,5716477055,"[106053503, 711107764, 702572983]",Đường Trần Duy Hưng,191,54,12.733333333333334,2025-11-27 06:55:08.631918
4539674875,6621426593,704994516,Đường Khuất Duy Tiến,63,10,22.68,2025-11-27 06:55:08.855173
4539674875,4539674879,675481683,,72,35,7.405714285714285,2025-11-27 06:55:09.085822
4539674879,1314185677,675481682,Đường Khuất Duy Tiến,97,17,20.541176470588237,2025-11-27 06:55:09.207814
4539674879,6628818468,1373569363,Đường Trần Duy Hưng,52,8,23.400000000000002,2025-11-27 06:55:09.441327
4539674883,5716544649,"[457903300, 1120703703]",,376,42,32.22857142857143,2025-11-27 06:55:09.601847
4539674883,12606538099,704031413,Đường cao tốc Vành đai 3,1480,386,13.803108808290155,2025-11-27 06:55:09.782947
4539674888,1849738362,"[704015767, 706403447, 704015766, 704024159]",Đường Phạm Hùng,603,119,18.242016806722688,2025-11-27 06:55:09.943623
4539674888,3779255475,"[705508330, 1120703702]",,1515,264,20.65909090909091,2025-11-27 06:55:10.108425
4539675798,4538571805,709260267,,3723,549,24.41311475409836,2025-11-27 06:55:10.252508
4539675798,5707122775,709269567,,54,9,21.6,2025-11-27 06:55:10.374588
4539675798,10159724112,1198522910,,38,6,22.8,2025-11-27 06:55:10.529912
4539675829,444394912,709368690,Đường Khuất Duy Tiến,178,83,7.720481927710844,2025-11-27 06:55:10.651125
4539682086,1881949103,"[709767944, 1442409289, 1442409290]",Đường Khuất Duy Tiến,440,81,19.555555555555557,2025-11-27 06:55:10.771869
4539682086,12606538104,"[1120703704, 457904453]",,442,85,18.720000000000002,2025-11-27 06:55:10.947059
4539684490,4539675829,"[457904456, 1120703705]",,419,76,19.847368421052632,2025-11-27 06:55:11.123255
4539684490,3779242655,914099371,Đường cao tốc Vành đai 3,1377,103,48.12815533980583,2025-11-27 06:55:11.362256
4540453369,4540453370,709295484,,18,11,5.8909090909090915,2025-11-27 06:55:11.531777
4540453370,4540453369,709295484,,18,10,6.48,2025-11-27 06:55:11.710910
4540453370,5707271704,709295488,Phố Tố Hữu,302,52,20.907692307692308,2025-11-27 06:55:11.932863
4540453378,5707271696,"[711062840, 1304444843, 711062839]",Phố Tố Hữu,200,26,27.692307692307693,2025-11-27 06:55:12.100788
4540453393,4540453394,773083570,Đường Khuất Duy Tiến,30,14,7.714285714285714,2025-11-27 06:55:12.267115
4540453393,10076263977,1100995756,Đường Lê Văn Lương,21,4,18.900000000000002,2025-11-27 06:55:12.438845
4540453394,5093497431,773083571,Đường Khuất Duy Tiến,48,11,15.709090909090909,2025-11-27 06:55:12.601475
4540453394,4540453405,974572937,Phố Tố Hữu,323,94,12.370212765957447,2025-11-27 06:55:12.831277
4540453395,4540453396,"[844948731, 457988687]",,65,13,18.0,2025-11-27 06:55:13.003033
4540453395,4540453393,844948730,Đường Khuất Duy Tiến,47,32,5.2875000000000005,2025-11-27 06:55:13.120190
4540453396,4540453400,1100987654,Đường Lê Văn Lương,201,43,16.82790697674419,2025-11-27 06:55:13.274152
4540453399,10076263973,"[899919256, 899919258, 899919254]",Hầm chui Lê Văn Lương,495,134,13.298507462686567,2025-11-27 06:55:13.441480
4540453399,5093497430,1100987653,Đường Lê Văn Lương,189,31,21.948387096774194,2025-11-27 06:55:13.623383
4540453400,444501629,"[710360128, 1139127115, 711526326, 710360127]",Đường Lê Văn Lương,1356,539,9.056771799628942,2025-11-27 06:55:13.754953
4540453404,10076263978,1054590950,Phố Tố Hữu,15,16,3.375,2025-11-27 06:55:13.987758
4540453404,4540453406,457988688,,498,182,9.850549450549451,2025-11-27 06:55:14.157244
4540453405,4542621501,898229727,Đường Khuất Duy Tiến,32,10,11.520000000000001,2025-11-27 06:55:14.373852
4540453405,10076263979,1054590951,Phố Tố Hữu,427,152,10.113157894736842,2025-11-27 06:55:14.528468
4540453406,4538405136,974572939,Đường Khuất Duy Tiến,98,12,29.4,2025-11-27 06:55:14.653191
4541071715,4541071716,458064132,,15,12,4.5,2025-11-27 06:55:14.878924
4541071715,6587550955,704967126,Đường Láng,382,50,27.503999999999998,2025-11-27 06:55:15.042952
4541071716,4541071715,458064132,,15,14,3.857142857142857,2025-11-27 06:55:15.160318
4541071716,10965136434,"[1329311807, 1121703581, 38031007]",Đường Láng,300,101,10.693069306930694,2025-11-27 06:55:15.279694
4541105058,5707271706,974572930,Phố Tố Hữu,20,2,36.0,2025-11-27 06:55:15.451502
4541105059,4541105058,974572931,Phố Vũ Trọng Khánh,12,3,14.4,2025-11-27 06:55:15.658989
4541105059,11182265554,"[600057056, 1309201478, 709289096, 709292814, 600057055]",Phố Tố Hữu,1651,446,13.32645739910314,2025-11-27 06:55:15.816313
4542621501,4540453393,974572938,Phố Tố Hữu,38,19,7.2,2025-11-27 06:55:15.985017
4542621501,4540453406,974572939,Đường Khuất Duy Tiến,40,6,24.0,2025-11-27 06:55:16.161050
4599745018,98027697,464925870,Phố Tôn Thất Tùng,362,123,10.595121951219511,2025-11-27 06:55:16.283485
4599745018,10130533955,1158120937,Đường Trường Chinh,30,7,15.428571428571429,2025-11-27 06:55:16.471293
4599745018,7920618648,1158120939,Phố Tôn Thất Tùng,783,410,6.875121951219512,2025-11-27 06:55:16.643010
4600895552,10130533953,11007920,Phố Tôn Thất Tùng,177,253,2.5185770750988143,2025-11-27 06:55:16.879123
4600895552,6617292919,11008124,Phố Lê Trọng Tấn,529,384,4.9593750000000005,2025-11-27 06:55:17.058969
4830545876,6325815718,704627671,Vườn Hoa Đại Lộ Thăng Long,124,19,23.49473684210526,2025-11-27 06:55:17.274728
4830545876,5707122751,"[704634938, 356005197, 600520773]",Đại lộ Thăng Long,692,60,41.52,2025-11-27 06:55:17.436290
4830545884,106070559,449226774,Đại lộ Thăng Long (Láng - Hoà Lạc),593,36,59.3,2025-11-27 06:55:17.610863
4830545884,5707122751,631398202,,243,22,39.763636363636365,2025-11-27 06:55:17.798064
4930425700,4930425704,502634849,,231,30,27.720000000000002,2025-11-27 06:55:17.956236
4930425700,1314185585,711092989,Đại lộ Thăng Long (Láng - Hoà Lạc),624,51,44.04705882352941,2025-11-27 06:55:18.173142
4930425704,4025084971,457757000,Đại lộ Thăng Long,32,3,38.4,2025-11-27 06:55:18.287740
4930438606,4830545876,704627672,Vườn Hoa Đại Lộ Thăng Long,29,2,52.2,2025-11-27 06:55:18.408416
4961341856,1497544719,711101761,Phố Tôn Đức Thắng,298,113,9.493805309734514,2025-11-27 06:55:18.835205
4961341856,5707161154,964674137,Phố Ô Chợ Dừa,63,12,18.900000000000002,2025-11-27 06:55:19.074879
4961341859,4961341860,708903073,Phố Ô Chợ Dừa,324,126,9.257142857142858,2025-11-27 06:55:19.315814
4961341859,6661055809,709017797,Phố Hoàng Cầu,31,25,4.464,2025-11-27 06:55:19.504303
4961341860,4961341865,708960888,Phố Hoàng Cầu,29,15,6.96,2025-11-27 06:55:19.676364
4961341864,4961341859,708903076,Phố Hoàng Cầu,24,11,7.8545454545454545,2025-11-27 06:55:19.787866
4961341864,6685236291,506383095,Phố Ô Chợ Dừa,161,22,26.345454545454547,2025-11-27 06:55:19.952137
4961341865,4961341864,1240199914,Phố Ô Chợ Dừa,389,89,15.734831460674158,2025-11-27 06:55:20.071232
4961341865,1904360482,"[708914976, 1240127122]",Phố Hoàng Cầu,183,31,21.25161290322581,2025-11-27 06:55:20.196150
5093497426,10076263973,"[711054201, 711052050, 1262801206, 1262801207]",Phố Tố Hữu,183,21,31.37142857142857,2025-11-27 06:55:20.361904
5093497429,5093497426,523124296,,58,12,17.4,2025-11-27 06:55:20.482322
5093497429,4540453405,974572936,Đường Khuất Duy Tiến,38,20,6.84,2025-11-27 06:55:20.602400
5093497430,10076263976,1100995755,Đường Lê Văn Lương,24,31,2.7870967741935484,2025-11-27 06:55:20.837310
5093497430,5093497431,523124295,,69,11,22.581818181818182,2025-11-27 06:55:21.023274
5093497431,1897734810,705501038,Đường Khuất Duy Tiến,94,20,16.92,2025-11-27 06:55:21.142948
5206119178,283139237,218427624,Phố Giáp Nhất,527,92,20.621739130434783,2025-11-27 06:55:21.257381
5206119178,420456683,"[537687400, 537687398, 537687399]",Cầu Giáp Nhất,1121,208,19.401923076923076,2025-11-27 06:55:21.448752
5485653490,5875623873,710264445,Phố Hào Nam,20,3,24.0,2025-11-27 06:55:21.687450
5485653490,6688490814,"[965992922, 711400670, 1040753543]",Phố Hào Nam,373,87,15.43448275862069,2025-11-27 06:55:21.868274
5485722628,6606566488,"[703507591, 703495526, 28913695]","['Đường Khương Đình', 'Phố Thượng Đình']",1163,257,16.291050583657587,2025-11-27 06:55:22.048274
5485722628,8341509537,570582403,Đường Kim Giang,402,89,16.26067415730337,2025-11-27 06:55:22.226902
5485722628,6610228314,"[1296356442, 1296356443, 703964034]",Cầu Kim Giang,60,20,10.8,2025-11-27 06:55:22.460444
5489009621,6677147310,711708475,Phố Hào Nam,26,4,23.400000000000002,2025-11-27 06:55:22.690344
5489009621,6677147301,1393557759,,144,25,20.736,2025-11-27 06:55:22.870900
5598303159,13282511304,408780538,Đường Nguyễn Xiển,774,75,37.152,2025-11-27 06:55:23.252284
5641890821,5641890822,675911876,,1343,522,9.262068965517242,2025-11-27 06:55:23.435091
5641890821,6661487945,"[1290144946, 239370942, 974572935]","['Đường Nguyễn Trãi', 'Đường Trần Phú']",996,139,25.79568345323741,2025-11-27 06:55:23.647939
5641890822,5641890821,675911876,,55,11,18.0,2025-11-27 06:55:23.783068
5641890822,5641890823,239370934,Đường Nguyễn Trãi,153,65,8.473846153846154,2025-11-27 06:55:23.960870
5641890823,10087376960,710307562,,113,32,12.7125,2025-11-27 06:55:24.134090
5641890823,11700202517,239370934,Đường Nguyễn Trãi,33,16,7.425,2025-11-27 06:55:24.300399
5645750065,9970440452,711367572,Đường Nguyễn Trãi,99,20,17.82,2025-11-27 06:55:24.477903
5645750065,9970440452,1123561348,Đường Nguyễn Trãi,99,20,17.82,2025-11-27 06:55:24.599073
5674347102,1758629824,596721706,Phố Tôn Thất Tùng,19,5,13.68,2025-11-27 06:55:24.718590
5674347102,7920618648,"[595338113, 857047108, 1395144950]",Phố Tôn Thất Tùng,587,164,12.885365853658536,2025-11-27 06:55:24.943440
5683715143,1494041345,848915395,Đường Trường Chinh,107,39,9.876923076923077,2025-11-27 06:55:25.122166
5683792676,1314209698,708584847,Phố Chùa Bộc,461,156,10.63846153846154,2025-11-27 06:55:25.309006
5683792676,98026475,164211021,Phố Phạm Ngọc Thạch,48,8,21.6,2025-11-27 06:55:25.421559
5686426699,7985603148,1012665682,Đường Trường Chinh,88,10,31.680000000000003,2025-11-27 06:55:25.661238
5686449780,6688471376,757210480,,69,12,20.7,2025-11-27 06:55:25.884936
5706891499,5706896622,599994462,,811,136,21.46764705882353,2025-11-27 06:55:26.064441
5706891499,9980229913,"[506383096, 1242184420]",Phố Tôn Đức Thắng,82,13,22.70769230769231,2025-11-27 06:55:26.182564
5706896622,5706891499,599994462,,25,7,12.857142857142858,2025-11-27 06:55:26.298526
5706896622,1497544738,1242184418,Phố Tôn Đức Thắng,149,38,14.115789473684211,2025-11-27 06:55:26.478487
5707122750,6677687648,600031605,,3172,453,25.20794701986755,2025-11-27 06:55:26.630531
5707122750,1699561412,710340958,Phố Miếu Đầm,201,23,31.460869565217394,2025-11-27 06:55:26.791309
5707122751,6677687648,684695014,Đại lộ Thăng Long,18,1,64.8,2025-11-27 06:55:26.913501
5707122775,10159724112,"[709269568, 709269569]",Đường Lương Thế Vinh,1408,184,27.547826086956523,2025-11-27 06:55:27.032422
5707122779,4538571806,457903307,,199,23,31.147826086956524,2025-11-27 06:55:27.183459
5707122782,6677687639,457757033,Phố Miếu Đầm,194,25,27.936,2025-11-27 06:55:27.358230
5707161151,81806535,600037928,Phố Khâm Thiên,40,30,4.8,2025-11-27 06:55:27.473354
5707161153,1497544738,600037932,Đường La Thành,288,75,13.824,2025-11-27 06:55:27.648741
5707161153,5707161163,711101763,Phố Khâm Thiên,309,80,13.905,2025-11-27 06:55:27.757179
5707161153,1497544749,711106354,Phố Tôn Đức Thắng,35,7,18.0,2025-11-27 06:55:27.875166
5707161154,8231491411,711101759,Phố Ô Chợ Dừa,74,14,19.02857142857143,2025-11-27 06:55:28.047600
5707161162,1904353550,600037940,Phố Nguyễn Lương Bằng,95,70,4.885714285714286,2025-11-27 06:55:28.293508
5707161162,1497544719,683855297,Phố Ô Chợ Dừa,39,44,3.190909090909091,2025-11-27 06:55:28.410957
5707161163,5707161154,871891999,Phố Ô Chợ Dừa,71,11,23.236363636363635,2025-11-27 06:55:28.531553
5707161163,4961341856,954341842,Phố Tôn Đức Thắng,454,201,8.13134328358209,2025-11-27 06:55:28.652845
5707262958,6685466405,711127371,,56,14,14.4,2025-11-27 06:55:28.820734
5707271696,4541105058,"[600057057, 688080590, 709292815]",Phố Tố Hữu,518,54,34.53333333333334,2025-11-27 06:55:28.932657
5707271700,5707271696,600057051,,40,6,24.0,2025-11-27 06:55:29.089548
5707271703,5707271704,600057053,,613,95,23.22947368421053,2025-11-27 06:55:29.249088
5707271703,4540453369,709295486,Phố Tố Hữu,303,33,33.054545454545455,2025-11-27 06:55:29.429556
5707271704,5707271705,1148706375,Phố Tố Hữu,132,50,9.504000000000001,2025-11-27 06:55:29.590358
5707271705,4541105059,1241605202,Phố Tố Hữu,23,5,16.56,2025-11-27 06:55:29.768233
5707271705,12725862785,"[600584096, 458067172, 458067173, 974572933, 1300881767, 955842633, 955842609, 1064227954]","['Phố Vũ Trọng Khánh', 'Cầu Mộ Lao']",1188,174,24.579310344827586,2025-11-27 06:55:29.990313
5707271706,5707271705,1241605203,Phố Vũ Trọng Khánh,881,159,19.947169811320755,2025-11-27 06:55:30.114088
5707271706,5707271703,1148706374,Phố Tố Hữu,132,15,31.680000000000003,2025-11-27 06:55:30.229238
5707407583,5707407590,600083153,Đường Láng,19,3,22.8,2025-11-27 06:55:30.402275
5707407590,5707407591,600083166,Phố Yên Lãng,14,9,5.6000000000000005,2025-11-27 06:55:30.570188
5707407590,6670444529,"[208162320, 705794897, 600083145, 711366277]",Đường Láng,335,40,30.150000000000002,2025-11-27 06:55:30.797047
5707407591,4025115175,600083161,Đường Láng,21,8,9.450000000000001,2025-11-27 06:55:30.916961
5707407591,6685434573,"[705792496, 237322638, 705792495]",Phố Yên Lãng,175,25,25.2,2025-11-27 06:55:31.161311
5707647467,5707647500,600126493,,1445,229,22.716157205240176,2025-11-27 06:55:31.340431
5707647467,12206582473,38020420,Đường Trần Phú,264,35,27.154285714285713,2025-11-27 06:55:31.518582
5707647500,5707647467,600126493,,41,12,12.299999999999999,2025-11-27 06:55:31.641273
5707647500,6658364083,1335957666,Đường Trần Phú,29,3,34.8,2025-11-27 06:55:31.876802
5707679597,11201648616,1208987653,,56,15,13.440000000000001,2025-11-27 06:55:32.057912
5709923601,1314185648,702572984,Đường Trần Duy Hưng,52,7,26.742857142857144,2025-11-27 06:55:32.240475
5709923602,1314191417,116610214,Đại lộ Thăng Long,72,8,32.4,2025-11-27 06:55:32.398518
5709923603,5709923602,116610215,,515,258,7.186046511627907,2025-11-27 06:55:32.585189
5709923603,6621357115,704031048,Đường Phạm Hùng,38,34,4.023529411764706,2025-11-27 06:55:32.739473
5709923606,1314185653,116609669,,195,21,33.42857142857143,2025-11-27 06:55:32.852970
5709923606,6628818478,"[705504249, 710297549]",Đường Trần Duy Hưng,99,16,22.275000000000002,2025-11-27 06:55:33.060995
5709996124,5709996125,600496936,,12,16,2.7,2025-11-27 06:55:33.192305
5709996124,448838032,"[709258514, 600083158]",Đường Láng,249,154,5.820779220779221,2025-11-27 06:55:33.371655
5709996125,5709996124,600496936,,12,9,4.8,2025-11-27 06:55:33.490016
5709996125,5707407583,"[705794896, 809125943]",Đường Láng,151,50,10.872,2025-11-27 06:55:33.671193
5710098650,5716807750,1297901087,,25,10,9.0,2025-11-27 06:55:33.821154
5710098650,5717115613,1297901086,Phố Tố Hữu,275,30,33.0,2025-11-27 06:55:34.048831
5710136485,317778303,974551791,Đường Trần Duy Hưng,13,2,23.400000000000002,2025-11-27 06:55:34.168820
5710136487,1901865135,953158810,Đường Trần Duy Hưng,132,26,18.276923076923076,2025-11-27 06:55:34.350776
5710136488,5710136487,600518180,,49,8,22.05,2025-11-27 06:55:34.577647
5710136488,2291072476,953158814,Phố Hoàng Đạo Thúy,36,33,3.9272727272727272,2025-11-27 06:55:34.765520
5710222979,2212544448,705501039,Đường Khuất Duy Tiến,165,59,10.067796610169491,2025-11-27 06:55:34.954977
5710222986,5710222979,"[600535040, 600535038, 1361646399]",Lối xuống Trần Duy Hưng,369,52,25.546153846153846,2025-11-27 06:55:35.180908
5710222986,3779255475,704031414,Đường cao tốc Vành đai 3,1416,100,50.976,2025-11-27 06:55:35.359312
5710222987,12606538099,"[1361646400, 600535042, 600535043]",,451,107,15.173831775700936,2025-11-27 06:55:35.536448
5710222987,1897734813,"[705487899, 705487900, 1313180244, 705487901]",Đường Khuất Duy Tiến,2709,712,13.697191011235955,2025-11-27 06:55:35.741241
5710231827,1887748894,1393164065,Đường Nguyễn Trãi,13,8,5.8500000000000005,2025-11-27 06:55:35.856944
5710538391,5710538395,911435184,Đường Phạm Tu,54,7,27.771428571428572,2025-11-27 06:55:36.039257
5710538391,11111175326,702813310,Đường Nguyễn Xiển,43,8,19.35,2025-11-27 06:55:36.227883
5710538395,5710691038,408780538,Đường Nguyễn Xiển,26,5,18.720000000000002,2025-11-27 06:55:36.407452
5710538395,5710691056,911435184,Đường Phạm Tu,119,17,25.2,2025-11-27 06:55:36.648589
5710565212,5828999543,"[962563315, 28104356]",Phố Láng Hạ,191,26,26.446153846153845,2025-11-27 06:55:36.877937
5710673956,5716670119,705808905,Cầu vượt Nguyễn Chí Thanh - Trần Duy Hưng,45,13,12.461538461538462,2025-11-27 06:55:37.112661
5710673956,2084132003,701415446,Đường Trần Duy Hưng,184,130,5.095384615384615,2025-11-27 06:55:37.286197
5710673974,5710673979,600619949,,38,10,13.68,2025-11-27 06:55:37.403818
5710673974,98041257,601999040,Đường Nguyễn Khang,22,13,6.092307692307692,2025-11-27 06:55:37.579399
5710673974,1748294274,601999040,Đường Nguyễn Khang,595,120,17.849999999999998,2025-11-27 06:55:37.693512
5710673979,5710673992,701415448,Đường Trần Duy Hưng,187,24,28.05,2025-11-27 06:55:37.929700
5710673992,106078638,973485820,Đường Trần Duy Hưng,38,5,27.36,2025-11-27 06:55:38.056220
5710691038,5710538391,911435188,Đường Phạm Tu,59,25,8.496,2025-11-27 06:55:38.183684
5710691038,5710691043,"[911435187, 1094542159]","['Đường Nghiêm Xuân Yêm', 'Đường Nguyễn Xiển']",135,16,30.375,2025-11-27 06:55:38.343551
5710691044,5710691043,600623647,,146,15,35.04,2025-11-27 06:55:38.557947
5710691044,5710691038,911435185,Đường Phạm Tu,1436,193,26.785492227979276,2025-11-27 06:55:38.688303
5710691045,5710538395,408780538,Đường Nguyễn Xiển,122,64,6.8625,2025-11-27 06:55:38.911158
5710691045,5710691056,600623648,,202,25,29.088,2025-11-27 06:55:39.030198
5710691056,8462966000,911435184,Đường Phạm Tu,41,5,29.52,2025-11-27 06:55:39.237689
5716241016,5716241017,601419715,,51,9,20.400000000000002,2025-11-27 06:55:39.411906
5716241017,1881928278,"[1012665685, 163053437, 116436710]",Phố Trung Kính,1059,198,19.254545454545454,2025-11-27 06:55:39.535284
5716408768,1494035973,601448191,,55,31,6.387096774193548,2025-11-27 06:55:39.786378
5716408768,6659134177,"[1240182988, 946030631]",Phố Tây Sơn,2135,522,14.724137931034482,2025-11-27 06:55:39.974197
5716408772,6659134177,601448192,,43,9,17.2,2025-11-27 06:55:40.144027
5716477055,5716477056,601459062,,717,155,16.65290322580645,2025-11-27 06:55:40.362007
5716477055,1495030950,106053503,Đường Trần Duy Hưng,299,78,13.8,2025-11-27 06:55:40.549176
5716477056,5716477055,601459062,,34,17,7.2,2025-11-27 06:55:40.666884
5716477056,4539132150,"[702572985, 702572986, 702572987, 702572988]",Đường Trần Duy Hưng,194,39,17.907692307692308,2025-11-27 06:55:40.786805
5716537675,4538404990,457741978,,48,18,9.6,2025-11-27 06:55:40.970882
5716537675,4538404991,702848696,Đường Nguyễn Xiển,29,12,8.7,2025-11-27 06:55:41.097904
5716537702,3779255494,399820831,Đường Nguyễn Trãi,44,8,19.8,2025-11-27 06:55:41.209824
5716537702,1221161730,709354465,Đường Nguyễn Xiển,42,20,7.5600000000000005,2025-11-27 06:55:41.391993
5716544649,2326674281,"[704031050, 704031047]",Đường Phạm Hùng,165,24,24.75,2025-11-27 06:55:41.507525
5716616005,444875130,707066367,Phố Thái Hà,64,42,5.485714285714286,2025-11-27 06:55:41.691228
5716616005,2176926218,"[33407729, 1266983913, 1344929479]",Phố Thái Hà,419,107,14.097196261682242,2025-11-27 06:55:41.881877
5716649671,5716670117,705807579,Đường Nguyễn Chí Thanh,3175,633,18.05687203791469,2025-11-27 06:55:42.060801
5716670117,5718916301,705810329,Đường Nguyễn Chí Thanh,263,212,4.466037735849056,2025-11-27 06:55:42.231788
5716670118,5716670117,705808906,Cầu vượt Nguyễn Chí Thanh - Trần Duy Hưng,1796,351,18.420512820512823,2025-11-27 06:55:42.415158
5716670118,5716670119,198253958,Cầu vượt Nguyễn Chí Thanh - Trần Duy Hưng,475,49,34.89795918367347,2025-11-27 06:55:42.536897
5716670119,5710673992,705808904,Cầu vượt Nguyễn Chí Thanh - Trần Duy Hưng,1127,235,17.26468085106383,2025-11-27 06:55:42.678801
5716670119,5716670118,198253958,Cầu vượt Nguyễn Chí Thanh - Trần Duy Hưng,1088,418,9.370334928229665,2025-11-27 06:55:42.801371
5716670621,5716670118,705808903,Cầu vượt Nguyễn Chí Thanh - Trần Duy Hưng,1022,335,10.98268656716418,2025-11-27 06:55:42.983748
5716670621,1498111685,705817140,Đường Nguyễn Chí Thanh,197,24,29.550000000000004,2025-11-27 06:55:43.169427
5716670628,2084132002,177434434,,55,26,7.615384615384616,2025-11-27 06:55:43.356887
5716670628,98041851,701426448,Đường Láng,1128,404,10.051485148514852,2025-11-27 06:55:43.544685
5716807749,5717115613,601578665,,558,81,24.8,2025-11-27 06:55:43.773895
5716807749,5716807750,688080591,Phố Tố Hữu,276,40,24.840000000000003,2025-11-27 06:55:43.962540
5716807750,5710098650,1297901087,,1307,298,15.789261744966444,2025-11-27 06:55:44.122059
5716807750,6684737819,"[711052048, 1214746625, 711052047, 688080591]",Phố Tố Hữu,956,241,14.280497925311204,2025-11-27 06:55:44.302408
5717115613,5716807749,601578665,,28,5,20.16,2025-11-27 06:55:44.484022
5717115613,4540453378,709289097,Phố Tố Hữu,119,15,28.560000000000002,2025-11-27 06:55:44.603799
5718868836,2289976216,1207977564,,16,7,8.228571428571428,2025-11-27 06:55:44.785087
5718868836,2289997642,37906058,Phố Láng Hạ,143,42,12.257142857142856,2025-11-27 06:55:44.977315
5718871870,283139229,25953686,Đường Nguyễn Ngọc Vũ,779,214,13.104672897196261,2025-11-27 06:55:45.115874
5718871870,98041849,25953686,Đường Nguyễn Ngọc Vũ,21,18,4.2,2025-11-27 06:55:45.299365
5718886024,1748294257,1432239243,Phố Phạm Văn Bạch,124,39,11.446153846153846,2025-11-27 06:55:45.446089
5718916274,5718916294,601866317,,258,147,6.318367346938776,2025-11-27 06:55:45.667873
5718916274,10296445823,1304254915,Đường Nguyễn Chí Thanh,7,5,5.04,2025-11-27 06:55:45.897406
5718916291,12816414547,601866315,,47,14,12.085714285714285,2025-11-27 06:55:46.125070
5718916291,98035472,706461436,Đường Nguyễn Chí Thanh,37,33,4.036363636363636,2025-11-27 06:55:46.246088
5718916292,6650876736,38097679,Phố Huỳnh Thúc Kháng,1568,361,15.63656509695291,2025-11-27 06:55:46.484328
5718916292,12816414542,1384269501,Phố Huỳnh Thúc Kháng,10,11,3.2727272727272725,2025-11-27 06:55:46.648926
5718916293,5718916294,1230486657,Đường Nguyễn Chí Thanh,5,1,18.0,2025-11-27 06:55:46.772007
5718916294,98042270,"[711526159, 705815118, 705810327]",Đường Nguyễn Chí Thanh,306,61,18.059016393442622,2025-11-27 06:55:46.966618
5718916301,5718916302,601866319,,862,277,11.202888086642599,2025-11-27 06:55:47.143257
5718916301,5718916291,705810329,Đường Nguyễn Chí Thanh,33,45,2.6399999999999997,2025-11-27 06:55:47.271584
5718916302,5718916301,601866319,,27,15,6.48,2025-11-27 06:55:47.502526
5718916302,5716670621,232598680,Đường Nguyễn Chí Thanh,265,31,30.7741935483871,2025-11-27 06:55:47.684252
5718946093,1748294274,705234756,,30,15,7.2,2025-11-27 06:55:48.100116
5719031413,5719031414,163361493,,33,10,11.879999999999999,2025-11-27 06:55:48.272432
5719031413,2302164519,"[116432097, 601519290, 601519291]",Phố Tôn Thất Thuyết,480,70,24.685714285714283,2025-11-27 06:55:48.393511
5719031414,5719031413,163361493,,548,84,23.485714285714288,2025-11-27 06:55:48.594780
5719031414,3075526396,601519292,Phố Tôn Thất Thuyết,171,27,22.8,2025-11-27 06:55:48.728874
5719125659,6648096524,164155835,Cầu Vượt Láng Hạ - Huỳnh Thúc Kháng,37,3,44.400000000000006,2025-11-27 06:55:48.904108
5719125659,1758170772,"[707450924, 707450926]",Phố Láng Hạ,446,67,23.964179104477612,2025-11-27 06:55:49.078376
5721511585,2584589542,711526152,Cầu vượt Nguyễn Chí Thanh,56,5,40.32,2025-11-27 06:55:49.200911
5721511586,436388447,"[1073767464, 1073767465, 711526154, 711526155, 1073767466, 399351646]",Đường Nguyễn Chí Thanh,276,36,27.6,2025-11-27 06:55:49.392656
5828495464,2274969534,964868043,,15,8,6.75,2025-11-27 06:55:49.627330
5828495464,5719125659,964868041,Phố Láng Hạ,169,19,32.021052631578954,2025-11-27 06:55:49.744327
5828999542,5828999543,616545729,,665,110,21.763636363636365,2025-11-27 06:55:49.984237
5828999542,1495025257,"[946030633, 1305487234]",Phố Láng Hạ,192,33,20.945454545454545,2025-11-27 06:55:50.161809
5828999543,5828999542,616545729,,22,7,11.314285714285715,2025-11-27 06:55:50.281885
5828999543,6648227222,"[1305487233, 709289361]",Phố Láng Hạ,174,31,20.206451612903226,2025-11-27 06:55:50.449910
5831399053,6603014206,703109534,Đường Nguyễn Trãi,2483,573,15.6,2025-11-27 06:55:50.629331
5831399053,1494041374,"[178098601, 616838544, 616838546, 703110744, 35978173]",Cầu vượt Ngã Tư Sở,638,188,12.217021276595746,2025-11-27 06:55:50.859945
5875603186,5645750065,1123561349,Đường Nguyễn Trãi,87,12,26.1,2025-11-27 06:55:50.989160
5875603186,5206119178,"[1414817300, 1185923380]",Phố Giáp Nhất,406,84,17.4,2025-11-27 06:55:51.174515
5875623873,6677147301,710271827,Phố Hào Nam,25,4,22.5,2025-11-27 06:55:51.290296
5875623873,6677147310,945322255,Phố Hào Nam,81,16,18.225,2025-11-27 06:55:51.411397
5898769297,2185731475,705790143,Đường Phạm Hùng,132,18,26.4,2025-11-27 06:55:51.535912
5954441639,5954441640,630659252,,8,6,4.8,2025-11-27 06:55:51.714794
5954441639,6659134171,"[711404113, 838425497]",Phố Tây Sơn,105,13,29.076923076923077,2025-11-27 06:55:51.888113
5954441640,5954441639,630659252,,8,10,2.8800000000000003,2025-11-27 06:55:52.010832
5954441640,11201648616,"[838425496, 1266014435]",Phố Tây Sơn,336,65,18.60923076923077,2025-11-27 06:55:52.122629
5962836764,6325815718,457757000,Đại lộ Thăng Long,754,217,12.508755760368663,2025-11-27 06:55:52.276326
5962836764,1314185585,631398201,,256,35,26.33142857142857,2025-11-27 06:55:52.391099
6044465949,2701058419,"[641933848, 641933853]",Lối xuống Nguyễn Trãi,427,158,9.729113924050633,2025-11-27 06:55:52.560110
6044465949,12606538104,914099368,Đường cao tốc Vành đai 3,1377,592,8.373648648648649,2025-11-27 06:55:52.741552
6325815718,6325815720,704627670,Vườn Hoa Đại Lộ Thăng Long,30,23,4.695652173913044,2025-11-27 06:55:52.966197
6325815720,4930438606,116610216,Vườn Hoa Đại Lộ Thăng Long,840,378,8.0,2025-11-27 06:55:53.096535
6325815720,2185731222,600520774,Đại lộ Thăng Long,172,143,4.3300699300699295,2025-11-27 06:55:53.213608
6405794494,6659134172,"[875229041, 708658351]",Phố Tây Sơn,1501,273,19.793406593406594,2025-11-27 06:55:53.461206
6413551907,8341509537,570582403,Đường Kim Giang,14,3,16.8,2025-11-27 06:55:53.645171
6413551907,8341509535,"[703417537, 897488870, 897488871]",,68,16,15.3,2025-11-27 06:55:53.835541
6441639163,6689057478,"[948123043, 106053500]",Đường Nguyễn Trãi,224,37,21.794594594594596,2025-11-27 06:55:54.013048
6587550954,6587550955,701436152,,13,11,4.254545454545455,2025-11-27 06:55:54.135503
6587550954,4541071716,38031007,Đường Láng,380,47,29.106382978723406,2025-11-27 06:55:54.258364
6587550955,6587550954,701436152,,13,16,2.9250000000000003,2025-11-27 06:55:54.387893
6587550955,420456615,"[704701608, 711129810, 704967126, 701436151]",Đường Láng,111,43,9.293023255813955,2025-11-27 06:55:54.573053
6587651051,1901865134,"[37380384, 707852065]",Đường Trần Duy Hưng,250,29,31.034482758620694,2025-11-27 06:55:54.757884
6600206282,13282498396,702813307,,1075,462,8.376623376623376,2025-11-27 06:55:54.936072
6600206282,5598303159,408780538,Đường Nguyễn Xiển,134,20,24.12,2025-11-27 06:55:55.068505
6600206283,13282498396,702813307,,1016,422,8.667298578199052,2025-11-27 06:55:55.238674
6600206283,2701058419,"[702848697, 439088446]",Đường Nguyễn Xiển,298,196,5.473469387755102,2025-11-27 06:55:55.358907
6601012241,6688570393,816861875,Đường Nguyễn Trãi,16,2,28.8,2025-11-27 06:55:55.542094
6601012241,6441639163,702910206,,74,14,19.02857142857143,2025-11-27 06:55:55.683587
6603014206,10682258584,"[251780514, 703495526]",Phố Thượng Đình,719,100,25.884,2025-11-27 06:55:55.855840
6603014206,6603014207,"[955201204, 703109533, 703109534]","['Cầu Mới', 'Đường Nguyễn Trãi']",51,9,20.400000000000002,2025-11-27 06:55:56.045211
6603014207,6659072491,708649106,Phố Khương Trung,27,5,19.44,2025-11-27 06:55:56.285523
6603014207,6659072492,954991275,Đường Nguyễn Trãi,13,2,23.400000000000002,2025-11-27 06:55:56.512128
6606566485,10682258584,"[703495523, 703495524, 1163652142]",Cầu Thượng Đình,64,14,16.457142857142856,2025-11-27 06:55:56.656661
6606566485,6606566487,704029589,Phố Vũ Tông Phan,12,1,43.2,2025-11-27 06:55:56.904160
6606566485,1758651218,"[704029589, 704029590]",Phố Vũ Tông Phan,538,84,23.05714285714286,2025-11-27 06:55:57.085425
6606566487,6610228314,"[1343928352, 704569954, 704569955, 704561998, 704584721, 704029589]",Phố Vũ Tông Phan,1242,253,17.672727272727272,2025-11-27 06:55:57.268469
6606566487,6606566485,704029589,Phố Vũ Tông Phan,12,2,21.6,2025-11-27 06:55:57.442779
6606566488,6606566487,"[703495521, 703495522, 703495525]",Cầu Thượng Đình,60,11,19.636363636363637,2025-11-27 06:55:57.602435
6606566488,10682258584,703495526,Phố Thượng Đình,20,3,24.0,2025-11-27 06:55:57.730730
6606566488,5485722628,"[28913695, 703495526, 703507591]","['Đường Khương Đình', 'Phố Thượng Đình']",1074,210,18.41142857142857,2025-11-27 06:55:57.916802
6610228314,10743484787,"[704584721, 38182069]",Phố Vũ Tông Phan,379,66,20.672727272727272,2025-11-27 06:55:58.096627
6610228314,6606566487,"[1343928352, 704569954, 704569955, 704561998, 704584721, 704029589]",Phố Vũ Tông Phan,1010,211,17.232227488151658,2025-11-27 06:55:58.223775
6610228314,5485722628,"[1296356444, 1296356445, 1296356446]",Cầu Kim Giang,59,24,8.850000000000001,2025-11-27 06:55:58.343118
6610574244,6659072491,251784279,Phố Khương Trung,139,29,17.255172413793105,2025-11-27 06:55:58.509337
6610574244,1758651218,"[704007644, 704007646]","['Phố Khương Trung', 'Phố Vũ Tông Phan']",98,15,23.52,2025-11-27 06:55:58.636672
6617292919,4600895552,11008124,Phố Lê Trọng Tấn,256,43,21.432558139534883,2025-11-27 06:55:58.811843
6617292919,7985603136,1158120933,Đường Trường Chinh,40,37,3.891891891891892,2025-11-27 06:55:59.034238
6621078250,6621078251,704963525,,13,7,6.685714285714286,2025-11-27 06:55:59.208161
6621078250,6621078260,605128435,Đường Láng,270,44,22.090909090909093,2025-11-27 06:55:59.383749
6621078251,6621078250,704963525,,13,11,4.254545454545455,2025-11-27 06:55:59.563045
6621078251,420456595,"[961685425, 974551789]",Đường Láng,296,34,31.341176470588234,2025-11-27 06:55:59.686462
6621078260,6621078261,704963528,,29,12,8.7,2025-11-27 06:55:59.803780
6621078260,2303337176,"[1213248858, 605128435]",Đường Láng,245,59,14.94915254237288,2025-11-27 06:55:59.980908
6621078261,6621078260,704963528,,574,95,21.751578947368422,2025-11-27 06:56:00.101251
6621078261,420456583,35972313,Đường Láng,200,26,27.692307692307693,2025-11-27 06:56:00.260670
6621357112,1314185653,704024160,Đường Phạm Hùng,30,3,36.0,2025-11-27 06:56:00.373520
6621357115,1314191420,704031048,Đường Phạm Hùng,59,67,3.1701492537313434,2025-11-27 06:56:00.491172
6621357115,6621357112,704990512,,74,25,10.656,2025-11-27 06:56:00.664750
6621426593,1314191414,704994516,Đường Khuất Duy Tiến,18,4,16.2,2025-11-27 06:56:00.787638
6621426601,6621426593,"[704994513, 704994514]",,384,119,11.616806722689077,2025-11-27 06:56:00.915054
6621426601,4539674879,704994517,Đường Khuất Duy Tiến,53,26,7.338461538461538,2025-11-27 06:56:01.093600
6628818468,5709923601,1373569363,Đường Trần Duy Hưng,69,10,24.840000000000003,2025-11-27 06:56:01.216678
6628818478,1314185677,705504245,Đường Trần Duy Hưng,46,39,4.246153846153846,2025-11-27 06:56:01.403278
6628818478,6628818468,705504246,,341,157,7.8191082802547776,2025-11-27 06:56:01.527512
6631796343,1692627215,705792285,,26,3,31.2,2025-11-27 06:56:01.651148
6641911209,5719031413,601519291,Phố Tôn Thất Thuyết,175,20,31.5,2025-11-27 06:56:01.771411
6641911209,3075526396,945783768,,50,9,20.0,2025-11-27 06:56:01.898742
6644672133,6644672135,707066366,Phố Thái Hà,280,44,22.90909090909091,2025-11-27 06:56:02.072273
6644672133,1884768305,"[707072726, 711401502]",Phố Thái Hà,72,20,12.96,2025-11-27 06:56:02.187506
6644672135,6644672133,707066366,Phố Thái Hà,280,49,20.571428571428573,2025-11-27 06:56:02.308373
6644672135,106111364,707072727,Phố Thái Hà,132,17,27.95294117647059,2025-11-27 06:56:02.661877
6644721587,2195296719,1173606571,Đường La Thành,237,40,21.33,2025-11-27 06:56:02.849059
6644721587,11107112929,1197003490,Đường La Thành,46,9,18.4,2025-11-27 06:56:03.017203
6647118933,2290010722,"[707354680, 711379959]",Phố Giảng Võ,137,22,22.418181818181818,2025-11-27 06:56:03.253383
6647145130,8598733283,571026093,Phố Hào Nam,27,13,7.476923076923078,2025-11-27 06:56:03.489586
6647145130,5701309369,707349216,,83,28,10.671428571428573,2025-11-27 06:56:03.676799
6648096523,1758170763,1297912941,,20,21,3.4285714285714284,2025-11-27 06:56:03.792592
6648096523,1613087628,707450925,Phố Láng Hạ,32,21,5.485714285714286,2025-11-27 06:56:03.911871
6648096524,6648096525,707450927,Cầu Vượt Láng Hạ - Huỳnh Thúc Kháng,246,26,34.06153846153846,2025-11-27 06:56:04.087170
6648096524,12024836052,707450928,Cầu Vượt Láng Hạ - Huỳnh Thúc Kháng,713,138,18.6,2025-11-27 06:56:04.275473
6648096525,6648096524,707450927,Cầu Vượt Láng Hạ - Huỳnh Thúc Kháng,246,31,28.567741935483873,2025-11-27 06:56:04.390961
6648096525,5710565212,707450930,Cầu Vượt Láng Hạ - Huỳnh Thúc Kháng,31,3,37.2,2025-11-27 06:56:04.570856
6648227219,2291254028,37876499,Đường Lê Văn Lương,345,45,27.6,2025-11-27 06:56:04.736870
6648227221,6648227219,707463098,Cầu vượt Láng Hạ - Lê Văn Lương,26,4,23.400000000000002,2025-11-27 06:56:04.920181
6648227221,6648227224,"[198254216, 707463094, 707463095]",Cầu vượt Láng Hạ - Lê Văn Lương,462,357,4.658823529411765,2025-11-27 06:56:05.150706
6648227222,6648227224,707463096,Cầu vượt Láng Hạ - Lê Văn Lương,29,4,26.1,2025-11-27 06:56:05.337397
6648227222,2175126939,709289362,Phố Láng Hạ,163,32,18.337500000000002,2025-11-27 06:56:05.458302
6648227223,5828999542,707812019,Phố Láng Hạ,173,52,11.976923076923077,2025-11-27 06:56:05.578718
6648227224,6648227223,707463097,Cầu vượt Láng Hạ - Lê Văn Lương,30,22,4.909090909090909,2025-11-27 06:56:05.696098
6648227224,6648227221,"[198254216, 707463094, 707463095]",Cầu vượt Láng Hạ - Lê Văn Lương,462,69,24.104347826086958,2025-11-27 06:56:05.811130
6650810650,444874859,707812017,,96,35,9.874285714285715,2025-11-27 06:56:05.927263
6650810650,1613087620,1242935513,Phố Láng Hạ,22,12,6.6,2025-11-27 06:56:06.046761
6650876736,5718916292,38097679,Phố Huỳnh Thúc Kháng,353,144,8.825,2025-11-27 06:56:06.176572
6650876736,6650876740,"[1340680346, 707820642]",Phố Huỳnh Thúc Kháng,1604,633,9.122274881516587,2025-11-27 06:56:06.379531
6650876740,6650876736,"[1340680345, 707820643]",Phố Huỳnh Thúc Kháng,196,139,5.076258992805755,2025-11-27 06:56:06.500837
6650876740,634709500,707820644,Phố Huỳnh Thúc Kháng,1413,367,13.86049046321526,2025-11-27 06:56:06.687992
6650982900,6650982901,707826460,,1066,251,15.289243027888446,2025-11-27 06:56:06.810149
6650982900,6648227219,885892454,Đường Lê Văn Lương,169,22,27.654545454545456,2025-11-27 06:56:06.920842
6650982901,6650982900,707826460,,111,63,6.3428571428571425,2025-11-27 06:56:07.036342
6650982901,444875375,707829405,Đường Lê Văn Lương,46,44,3.7636363636363637,2025-11-27 06:56:07.163082
6651770209,6651770210,707894760,,23,20,4.14,2025-11-27 06:56:07.355875
6651770209,444875374,"[707457430, 711138885, 711138886, 707457431]",Đường Láng,550,308,6.428571428571429,2025-11-27 06:56:07.485689
6651770210,6651770209,707894760,,938,413,8.17627118644068,2025-11-27 06:56:07.675357
6651770210,5716670628,"[707900589, 38135679]",Đường Láng,399,305,4.709508196721312,2025-11-27 06:56:07.793809
6658429241,10130533935,1107122303,Cầu vượt nút giao Chùa Bộc - Phạm Ngọc Thạch,1080,164,23.70731707317073,2025-11-27 06:56:07.977343
6658429241,11014094287,"[1185723928, 1185723929, 708584851]",Phố Chùa Bộc,152,29,18.868965517241378,2025-11-27 06:56:08.148235
6659072489,5710231827,"[708649102, 708649103]",Đường Nguyễn Trãi,169,92,6.613043478260869,2025-11-27 06:56:08.268552
6659072490,6659072489,591296755,,45,28,5.7857142857142865,2025-11-27 06:56:08.449871
6659072490,1878921405,"[1014224393, 596710689]",Đường Nguyễn Trãi,114,23,17.843478260869563,2025-11-27 06:56:08.571204
6659072491,6659072492,708649107,Phố Khương Trung,36,7,18.514285714285716,2025-11-27 06:56:08.707075
6659072491,6610574244,251784279,Phố Khương Trung,139,21,23.82857142857143,2025-11-27 06:56:08.891680
6659072492,6659072490,"[708649104, 397649390]",Đường Nguyễn Trãi,172,34,18.211764705882352,2025-11-27 06:56:09.074503
6659134171,1758633112,164211343,Phố Tây Sơn,495,106,16.81132075471698,2025-11-27 06:56:09.328828
6659134171,1884769977,"[875229040, 711404114]",Phố Tây Sơn,93,12,27.900000000000002,2025-11-27 06:56:09.459452
6659134172,5954441640,"[28103241, 711404115]",Phố Tây Sơn,105,16,23.625,2025-11-27 06:56:09.641321
6659134174,5716408768,"[1331204980, 875229038]",Phố Tây Sơn,239,47,18.306382978723402,2025-11-27 06:56:09.766560
6659134177,1314209716,1257110006,Phố Tây Sơn,85,13,23.53846153846154,2025-11-27 06:56:09.884131
6661055809,2050902820,708944663,Phố Hào Nam,8,1,28.8,2025-11-27 06:56:10.005928
6661055810,6661055809,885163365,Đường La Thành,138,88,5.6454545454545455,2025-11-27 06:56:10.202410
6661055810,4961341860,708903075,Phố Hoàng Cầu,38,30,4.56,2025-11-27 06:56:10.321786
6661055813,6662639319,709022104,,39,11,12.763636363636364,2025-11-27 06:56:10.486487
6661487944,6661487945,708941781,,701,166,15.202409638554217,2025-11-27 06:56:10.651594
6661487944,5641890822,"[1109636297, 239370934, 710270797, 710270798]","['Đường Nguyễn Trãi', 'Đường Trần Phú']",993,512,6.98203125,2025-11-27 06:56:10.777108
6661487945,6661487944,708941781,,53,11,17.345454545454547,2025-11-27 06:56:10.896398
6661487945,12908782868,"[693652773, 1242183437]","['Trần Phú', 'Đường Trần Phú']",137,19,25.957894736842103,2025-11-27 06:56:11.131590
6662241086,6662241087,708994997,,50,13,13.846153846153847,2025-11-27 06:56:11.315105
6662241086,4025115175,"[705792490, 705792491, 179993959]",Phố Yên Lãng,991,381,9.363779527559055,2025-11-27 06:56:11.502394
6662241087,6662241086,708994997,,447,109,14.763302752293576,2025-11-27 06:56:11.630377
6662241087,6662241094,"[1349903768, 709301078, 709301077, 237322638]",Phố Yên Lãng,361,94,13.825531914893617,2025-11-27 06:56:11.807854
6662241094,6662241095,708994999,,244,65,13.513846153846155,2025-11-27 06:56:11.930234
6662241094,446030797,962493748,Phố Yên Lãng,108,40,9.72,2025-11-27 06:56:12.117589
6662241095,6662241094,708994999,,27,7,13.885714285714286,2025-11-27 06:56:12.245813
6662241095,6662241086,"[512285541, 179993959]",Phố Yên Lãng,365,74,17.756756756756758,2025-11-27 06:56:12.361830
6662639319,2050902830,194581841,Phố Hào Nam,88,18,17.6,2025-11-27 06:56:12.487172
6666128977,5962836764,457757000,Đại lộ Thăng Long,17,1,61.2,2025-11-27 06:56:12.616873
6666479030,8598733283,945322254,Phố Hào Nam,4,1,14.4,2025-11-27 06:56:12.742951
6670444529,6670444530,709678323,,559,106,18.984905660377358,2025-11-27 06:56:12.891776
6670444529,420456683,"[600083145, 711367345]",Đường Láng,127,18,25.4,2025-11-27 06:56:13.088004
6670444530,6670444529,709678323,,15,18,3.0,2025-11-27 06:56:13.226518
6670444530,12513272960,35977789,Đường Láng,191,103,6.675728155339806,2025-11-27 06:56:13.410919
6672531385,12872373346,"[709788193, 709788186]",Phố Dương Đình Nghệ,215,38,20.36842105263158,2025-11-27 06:56:13.539122
6677147301,5489009621,1393557759,,23,5,16.56,2025-11-27 06:56:13.722506
6677147301,2050902835,"[710279560, 710271827, 1204906467]",Phố Hào Nam,138,21,23.65714285714286,2025-11-27 06:56:13.841978
6677147310,5485653490,"[945322276, 1277725973]",Phố Hào Nam,73,12,21.9,2025-11-27 06:56:14.036066
6677300866,309685730,760742215,Đường La Thành,416,101,14.827722772277228,2025-11-27 06:56:14.161456
6677300866,6677364041,780188831,Đường Nguyễn Chí Thanh,50,10,18.0,2025-11-27 06:56:14.291811
6677338241,98026475,1185723922,,150,33,16.363636363636367,2025-11-27 06:56:14.491239
6677338241,1314209698,702927014,Phố Phạm Ngọc Thạch,52,12,15.6,2025-11-27 06:56:14.673134
6677364041,2295384939,780188831,Đường Nguyễn Chí Thanh,54,9,21.6,2025-11-27 06:56:14.791358
6677687639,5707122750,710340956,,46,9,18.4,2025-11-27 06:56:14.974589
6677687639,4538571818,457757033,Phố Miếu Đầm,3295,494,24.012145748987855,2025-11-27 06:56:15.120346
6677687648,5707122750,600031605,,50,7,25.714285714285715,2025-11-27 06:56:15.374713
6677895172,1494041352,709356406,,2189,462,17.057142857142857,2025-11-27 06:56:15.561335
6677895172,1494041351,"[890197305, 596710686]",Phố Tây Sơn,124,18,24.8,2025-11-27 06:56:15.678015
6677895176,1494041352,596710683,Phố Tây Sơn,29,5,20.88,2025-11-27 06:56:15.795601
6677895176,1494041351,"[709673457, 1233979451]",Đường Láng,832,172,17.413953488372094,2025-11-27 06:56:15.921404
6684737819,4540453404,630092757,Phố Tố Hữu,184,67,9.886567164179105,2025-11-27 06:56:16.094154
6684737819,4540453400,"[899919257, 899919259, 899919255]",Hầm chui Lê Văn Lương,499,70,25.662857142857145,2025-11-27 06:56:16.208947
6685236291,6685236292,711108163,Phố Ô Chợ Dừa,374,70,19.234285714285715,2025-11-27 06:56:16.393428
6685236291,8231491408,"[711109718, 506383095]",Phố Ô Chợ Dừa,177,25,25.488,2025-11-27 06:56:16.568477
6685236292,6685236291,711108163,Phố Ô Chợ Dừa,25,12,7.500000000000001,2025-11-27 06:56:16.696121
6685236292,4961341859,711101759,Phố Ô Chợ Dừa,164,66,8.945454545454545,2025-11-27 06:56:16.883574
6685434573,6662241087,237322638,Phố Yên Lãng,76,11,24.872727272727275,2025-11-27 06:56:17.050090
6687964478,442990465,158632061,Phố Trung Kính,686,125,19.756800000000002,2025-11-27 06:56:17.168497
6687964478,5716241017,"[1240683344, 711330226]",Phố Trung Kính,43,10,15.48,2025-11-27 06:56:17.297552
6688471376,5686449780,757210480,,994,331,10.810876132930515,2025-11-27 06:56:17.416930
6688471376,7920618647,704089866,Đường Trường Chinh,289,152,6.844736842105264,2025-11-27 06:56:17.577158
6688490814,6647145130,571026093,Phố Hào Nam,36,17,7.623529411764706,2025-11-27 06:56:17.698596
6688490814,5485653490,"[965992922, 711400670, 1040753543]",Phố Hào Nam,223,32,25.087500000000002,2025-11-27 06:56:17.883278
6688503842,6405794494,1333363797,Phố Tây Sơn,20,3,24.0,2025-11-27 06:56:18.010714
6688503847,1758631175,711404121,Phố Tây Sơn,28,17,5.929411764705883,2025-11-27 06:56:18.195583
6688503847,6688503842,711404119,,37,27,4.933333333333334,2025-11-27 06:56:18.313784
6688570392,6441639163,106053500,Đường Nguyễn Trãi,18,4,16.2,2025-11-27 06:56:18.465992
6688570392,6688570393,711407374,,524,89,21.195505617977528,2025-11-27 06:56:18.650476
6688570393,6688570397,"[816861875, 945783756]",Đường Nguyễn Trãi,334,100,12.024,2025-11-27 06:56:18.816100
6688570397,6688570401,711407376,,49,13,13.569230769230769,2025-11-27 06:56:18.991053
6688570397,12600043488,"[1361084776, 955201203]",Đường Nguyễn Trãi,42,11,13.745454545454546,2025-11-27 06:56:19.184142
6688570401,6688570392,106053500,Đường Nguyễn Trãi,331,43,27.711627906976744,2025-11-27 06:56:19.352467
6689057478,6689057484,1241122649,Đường Nguyễn Trãi,30,4,27.0,2025-11-27 06:56:19.586005
6689057478,6689057482,711421784,,36,11,11.781818181818183,2025-11-27 06:56:19.806998
6689057482,6601012241,816861875,Đường Nguyễn Trãi,229,32,25.7625,2025-11-27 06:56:19.978701
6689057484,13206202825,"[711431923, 948123044, 929495373, 1182476806]",Đường Nguyễn Trãi,286,41,25.11219512195122,2025-11-27 06:56:20.216722
6689058288,6689057482,1182476807,Đường Nguyễn Trãi,18,3,21.6,2025-11-27 06:56:20.393332
6689058288,6689057484,711421785,,67,11,21.927272727272726,2025-11-27 06:56:20.508070
7301485388,1497544796,782030755,,27,14,6.942857142857143,2025-11-27 06:56:20.635883
7920618640,5683715143,848915392,Đường Trường Chinh,468,197,8.552284263959391,2025-11-27 06:56:20.809412
7920618640,5683715143,848915394,Đường Trường Chinh,468,197,8.552284263959391,2025-11-27 06:56:20.994348
7920618647,4599745018,1158120934,Đường Trường Chinh,25,7,12.857142857142858,2025-11-27 06:56:21.120977
7920618647,7920618648,1107122308,,39,9,15.6,2025-11-27 06:56:21.242594
7920618648,5674347102,"[595338113, 857047108, 1395144950]",Phố Tôn Thất Tùng,587,212,9.967924528301888,2025-11-27 06:56:21.359270
7920618648,10130533955,1107122307,,44,13,12.184615384615384,2025-11-27 06:56:21.585202
7920618648,4599745018,1158120939,Phố Tôn Thất Tùng,771,253,10.970750988142294,2025-11-27 06:56:21.708134
7985603136,98027697,1158120936,Đường Trường Chinh,31,8,13.950000000000001,2025-11-27 06:56:21.892957
7985603136,10130533953,1107122305,,1367,467,10.537901498929337,2025-11-27 06:56:22.023566
7985603138,5686449780,740599803,Đường Trường Chinh,281,37,27.34054054054054,2025-11-27 06:56:22.206591
7985603147,7985603148,856460785,,2047,439,16.786332574031892,2025-11-27 06:56:22.379093
7985603147,7920618640,1012665683,Đường Trường Chinh,5263,1278,14.825352112676056,2025-11-27 06:56:22.531781
7985603148,7985603147,856460785,,131,16,29.475,2025-11-27 06:56:22.734752
7985603148,6617292919,1158120933,Đường Trường Chinh,138,35,14.194285714285716,2025-11-27 06:56:22.850950
8231491408,8231491411,885163363,,367,151,8.749668874172187,2025-11-27 06:56:22.980178
8231491408,5707161162,711109718,Phố Ô Chợ Dừa,98,20,17.64,2025-11-27 06:56:23.158304
8231491411,8231491408,885163363,,21,12,6.3,2025-11-27 06:56:23.286865
8231491411,6685236292,711101759,Phố Ô Chợ Dừa,181,29,22.46896551724138,2025-11-27 06:56:23.406498
8237661942,2053894358,885892445,,20,14,5.142857142857143,2025-11-27 06:56:23.592542
8237661942,308728680,"[36084976, 967878667]",Phố Giảng Võ,297,63,16.97142857142857,2025-11-27 06:56:23.715439
8242664547,11107112958,1197003496,,2138,518,14.85868725868726,2025-11-27 06:56:23.944830
8242664547,12174413404,1315272149,Phố Kim Mã,56,8,25.2,2025-11-27 06:56:24.180100
8242664547,12559133535,1360061190,Phố Kim Mã,2059,509,14.562671905697446,2025-11-27 06:56:24.357505
8295729267,3779242655,"[641933851, 641933854]",,451,38,42.72631578947369,2025-11-27 06:56:24.536429
8295729267,6600206282,1240365574,Đường Nguyễn Xiển,328,45,26.24,2025-11-27 06:56:24.665258
8341509535,10743484787,38182069,Phố Vũ Tông Phan,14,3,16.8,2025-11-27 06:56:24.799078
8341509537,5485722628,570582403,Đường Kim Giang,402,80,18.090000000000003,2025-11-27 06:56:24.928550
8341509537,6413551907,570582403,Đường Kim Giang,14,4,12.6,2025-11-27 06:56:25.049968
8462967636,5710691044,1094542158,Đường Phạm Tu,15,1,54.0,2025-11-27 06:56:25.213143
8598733283,6666479030,945322254,Phố Hào Nam,4,1,14.4,2025-11-27 06:56:25.355374
8598733283,6688490814,711400669,Phố Hào Nam,66,12,19.8,2025-11-27 06:56:25.478061
8823455179,6661055810,"[708891235, 1298270940]",Đường La Thành,2230,622,12.906752411575562,2025-11-27 06:56:25.607183
8823455180,8823455179,953279469,,23,10,8.28,2025-11-27 06:56:25.719242
8823455180,98031401,1298270941,Phố Hào Nam,19,15,4.56,2025-11-27 06:56:25.840128
8921282801,10202001781,1115510434,,77,37,7.491891891891893,2025-11-27 06:56:26.007139
9576908879,1314203096,1040111655,,49,22,8.018181818181818,2025-11-27 06:56:26.191207
9970440452,12484632695,"[711367571, 1123561350]",Đường Nguyễn Trãi,128,19,24.25263157894737,2025-11-27 06:56:26.404914
9980229913,1497544764,1177224827,,642,112,20.635714285714286,2025-11-27 06:56:26.534775
9980229913,7301485388,"[1242184419, 1204882028, 1204882029]",Phố Tôn Đức Thắng,308,57,19.45263157894737,2025-11-27 06:56:26.662869
10076263973,5710098650,"[711062848, 711062849, 600057058, 1100987652, 711052049]",Phố Tố Hữu,957,129,26.706976744186047,2025-11-27 06:56:26.843249
10076263976,10076263977,1100987650,,144,62,8.361290322580645,2025-11-27 06:56:26.969712
10076263976,4540453394,1215294415,Đường Lê Văn Lương,430,147,10.53061224489796,2025-11-27 06:56:27.098857
10076263977,4540453396,1304254919,Đường Lê Văn Lương,17,4,15.3,2025-11-27 06:56:27.231420
10076263978,10076263979,1100987651,,25,37,2.4324324324324325,2025-11-27 06:56:27.429356
10076263978,4542621501,1215294414,Phố Tố Hữu,20,21,3.4285714285714284,2025-11-27 06:56:27.540262
10076263979,5093497426,1054590951,Phố Tố Hữu,15,2,27.0,2025-11-27 06:56:27.662937
10087376960,5641890823,710307562,,52,13,14.4,2025-11-27 06:56:27.852050
10087376960,5641890821,1290144946,Đường Nguyễn Trãi,152,15,36.48,2025-11-27 06:56:27.975562
10100966682,12513272960,1352442369,,734,297,8.896969696969698,2025-11-27 06:56:28.160496
10100966682,6685434573,711122630,Lối rẽ phải đi Yên Lãng,300,137,7.883211678832117,2025-11-27 06:56:28.285397
10130533935,1495023340,1107122302,Cầu vượt nút giao Chùa Bộc - Phạm Ngọc Thạch,1662,420,14.245714285714287,2025-11-27 06:56:28.419042
10130533953,4600895552,11007920,Phố Tôn Thất Tùng,608,171,12.799999999999999,2025-11-27 06:56:28.548430
10130533953,7985603138,1107122306,,43,15,10.32,2025-11-27 06:56:28.673381
10130533953,98027697,1158120938,Phố Tôn Thất Tùng,35,42,3.0,2025-11-27 06:56:28.803000
10130533955,7985603147,1158120932,Đường Trường Chinh,184,27,24.533333333333335,2025-11-27 06:56:28.926946
10151536198,2570960524,1305064571,Đường Trần Phú,269,35,27.66857142857143,2025-11-27 06:56:29.105538
10159724112,6666128977,1198522910,,15,1,54.0,2025-11-27 06:56:29.231522
10180671333,420522002,136571559,,54,8,24.3,2025-11-27 06:56:29.419628
10180671333,98041254,701436154,Đường Nguyễn Chí Thanh,38,28,4.885714285714286,2025-11-27 06:56:29.598348
10202001781,1881927757,"[816200777, 705794899, 709788191]",Phố Dương Đình Nghệ,471,93,18.23225806451613,2025-11-27 06:56:29.721186
10203920310,1881928279,709788192,Phố Dương Đình Nghệ,14,1,50.4,2025-11-27 06:56:29.956440
10203920310,5718886024,1115710778,,76,18,15.200000000000001,2025-11-27 06:56:30.080331
10203920324,10203920325,1115710780,,12,3,14.4,2025-11-27 06:56:30.264209
10203920324,1881928007,1432239245,Phố Phạm Văn Bạch,0,16,0.0,2025-11-27 06:56:30.372186
10203920325,5718886024,1432239243,Phố Phạm Văn Bạch,3,1,10.8,2025-11-27 06:56:30.484062
10203920329,10203920328,1115710782,,308,80,13.860000000000001,2025-11-27 06:56:30.721215
10203920329,1219243636,709788195,Phố Trung Kính,47,45,3.7600000000000002,2025-11-27 06:56:30.843772
10296445822,10997686363,"[1217943687, 1217943688, 1125424967, 1217943690, 943577306]",Phố Huỳnh Thúc Kháng,1227,199,22.196984924623116,2025-11-27 06:56:31.008480
10296445822,10296445824,1125991953,,1734,392,15.924489795918367,2025-11-27 06:56:31.129774
10296445822,309816683,1199890905,Phố Huỳnh Thúc Kháng,1699,384,15.928125000000001,2025-11-27 06:56:31.267938
10296445823,309816683,706446636,Đường Nguyễn Chí Thanh,39,22,6.381818181818182,2025-11-27 06:56:31.391068
10296445823,10296445822,1125991952,,51,34,5.4,2025-11-27 06:56:31.509124
10296445824,5718916302,232598680,Đường Nguyễn Chí Thanh,35,6,21.0,2025-11-27 06:56:31.628450
10542328776,6685605986,1131083878,,36,7,18.514285714285716,2025-11-27 06:56:31.800545
10542328776,1748294274,"[601999040, 954882993, 1287978626]",Đường Nguyễn Khang,48,29,5.958620689655173,2025-11-27 06:56:31.918233
10542328776,13023100784,"[1288217312, 1287978626, 954882992]",Đường Nguyễn Khang,537,87,22.220689655172414,2025-11-27 06:56:32.100687
10682258584,6603014206,"[251780514, 703495526]",Phố Thượng Đình,719,104,24.888461538461538,2025-11-27 06:56:32.285729
10682258584,6606566488,703495526,Phố Thượng Đình,20,3,24.0,2025-11-27 06:56:32.463607
10743484787,8341509535,38182069,Phố Vũ Tông Phan,14,4,12.6,2025-11-27 06:56:32.587558
10743484787,6610228314,"[704584721, 38182069]",Phố Vũ Tông Phan,379,61,22.367213114754097,2025-11-27 06:56:32.769636
10743484787,8341509537,"[897488872, 897488873, 703454852]",,65,15,15.6,2025-11-27 06:56:32.948281
10965136434,420456595,1180635861,,14,9,5.6000000000000005,2025-11-27 06:56:33.058720
10965136434,6621078250,"[605128435, 1121703581]",Đường Láng,299,39,27.6,2025-11-27 06:56:33.179007
10997686363,10296445822,"[1217943687, 1217943688, 1125424967, 1217943690, 943577306]",Phố Huỳnh Thúc Kháng,1477,340,15.638823529411765,2025-11-27 06:56:33.316309
10997686363,11107112927,1197003492,Phố Huỳnh Thúc Kháng,41,7,21.085714285714285,2025-11-27 06:56:33.493392
11014094287,11014094288,1185723925,,117,34,12.388235294117647,2025-11-27 06:56:33.675839
11014094287,1884765802,708584851,Phố Chùa Bộc,557,201,9.976119402985075,2025-11-27 06:56:33.872616
11014094288,11014094287,1185723925,,43,13,11.907692307692308,2025-11-27 06:56:33.998252
11014094288,1495023340,164211258,Phố Chùa Bộc,152,20,27.36,2025-11-27 06:56:34.115595
11107112919,438036727,343741881,Phố Kim Mã,60,9,24.0,2025-11-27 06:56:34.254065
11107112919,12559133535,"[1197003498, 1355183494]",Đường Cầu Giấy,17,2,30.6,2025-11-27 06:56:34.374214
11107112923,10997686363,1197003491,Phố Huỳnh Thúc Kháng,41,5,29.52,2025-11-27 06:56:34.621479
11107112923,11107112927,1355183493,Đường Cầu Giấy,53,10,19.08,2025-11-27 06:56:34.741530
11107112927,11107112935,"[1197003501, 1197003494]",,30,6,18.0,2025-11-27 06:56:34.915583
11107112935,11107112929,1197003488,,51,9,20.400000000000002,2025-11-27 06:56:35.238309
11107112935,6644721587,1197003489,,1871,409,16.468459657701715,2025-11-27 06:56:35.405662
11107112958,8242664547,1197003496,,845,148,20.554054054054056,2025-11-27 06:56:35.596828
11111175323,11111175326,1197583343,,53,7,27.257142857142856,2025-11-27 06:56:35.827601
11111175326,6600206283,"[702813306, 702813309, 702813310]",Đường Nguyễn Xiển,1052,274,13.821897810218978,2025-11-27 06:56:35.941102
11182265554,4540453378,1206753006,,238,73,11.736986301369864,2025-11-27 06:56:36.123722
11182265554,5716807749,1240199930,Phố Tố Hữu,119,49,8.742857142857142,2025-11-27 06:56:36.256309
11201648616,445970799,"[1204846892, 808672175]",Phố Nguyễn Lương Bằng,396,98,14.546938775510203,2025-11-27 06:56:36.438075
11209721500,11209721504,1209979249,,56,11,18.327272727272728,2025-11-27 06:56:36.607819
11209721504,13322115744,177466778,Đường Mễ Trì,476,50,34.272,2025-11-27 06:56:36.772205
11700202516,11700202517,1258566443,,119,32,13.387500000000001,2025-11-27 06:56:36.928692
11700202516,10087376960,1290144946,Đường Nguyễn Trãi,33,4,29.7,2025-11-27 06:56:37.046484
11700202517,11700202516,1258566443,,46,12,13.8,2025-11-27 06:56:37.159019
11700202517,4538405021,239370934,Đường Nguyễn Trãi,486,82,21.336585365853658,2025-11-27 06:56:37.282186
11768052436,4538405137,1267006258,Đường Khuất Duy Tiến,23,3,27.6,2025-11-27 06:56:37.467375
11768052436,11768052437,1267006256,,46,11,15.054545454545455,2025-11-27 06:56:37.590517
11768052437,1881949102,709368692,Đường Khuất Duy Tiến,240,32,27.0,2025-11-27 06:56:37.768550
11950483412,1884765806,684766067,Phố Tây Sơn,24,20,4.32,2025-11-27 06:56:37.887701
11950483412,11950483417,1288742163,,47,33,5.127272727272728,2025-11-27 06:56:38.001122
11950483417,1314209717,219977622,Phố Tây Sơn,10,1,36.0,2025-11-27 06:56:38.123231
12024836052,2274969534,"[707087633, 964868044]",Phố Láng Hạ,165,22,27.0,2025-11-27 06:56:38.245771
12174413404,8242664547,1315272149,Phố Kim Mã,2020,501,14.51497005988024,2025-11-27 06:56:38.435007
12206582473,2570960524,1393444645,,917,165,20.007272727272728,2025-11-27 06:56:38.553805
12206582473,6661487944,"[1318958371, 1109636291, 1242183436, 708941780, 1305064572]",Đường Trần Phú,463,83,20.081927710843374,2025-11-27 06:56:38.671452
12357580642,12357580645,1335897898,Phố Tôn Đức Thắng,58,26,8.03076923076923,2025-11-27 06:56:38.841769
12357580642,421080868,1392245988,Phố Xã Đàn,34,30,4.08,2025-11-27 06:56:39.017022
12357580645,1497544736,1335897899,Phố Tôn Đức Thắng,33,13,9.138461538461538,2025-11-27 06:56:39.132001
12375164794,12768097335,703521538,Phố Nguyễn Hoàng,13,2,23.400000000000002,2025-11-27 06:56:39.360661
12375164795,12375164794,1337871553,,107,36,10.700000000000001,2025-11-27 06:56:39.516538
12375164797,1691398148,1271090831,Phố Tôn Thất Thuyết,11,6,6.6,2025-11-27 06:56:39.809244
12375164797,12375164798,1337871558,,110,42,9.428571428571429,2025-11-27 06:56:39.931040
12375164798,2302164518,1271090830,Phố Tôn Thất Thuyết,147,22,24.054545454545455,2025-11-27 06:56:40.116981
12484632695,12484632696,1349573947,,429,74,20.87027027027027,2025-11-27 06:56:40.280630
12484632695,12600043494,"[711367568, 711367571, 945783757]",Đường Nguyễn Trãi,164,28,21.085714285714285,2025-11-27 06:56:40.461930
12484632696,5831399053,"[711367569, 711367570]",Đường Nguyễn Trãi,266,54,17.733333333333334,2025-11-27 06:56:40.655615
12513272960,10100966682,1352442369,,13,11,4.254545454545455,2025-11-27 06:56:40.841636
12513272960,5707407591,"[705792493, 711366275, 711366276, 35977789]",Đường Láng,149,113,4.746902654867257,2025-11-27 06:56:40.955302
12559133535,11107112958,"[343741883, 1355183494]",Đường Cầu Giấy,76,8,34.2,2025-11-27 06:56:41.078087
12559133535,8242664547,1360061190,Phố Kim Mã,200,34,21.176470588235297,2025-11-27 06:56:41.262263
12600043488,12484632696,"[711367567, 711367569, 621139527]",Đường Nguyễn Trãi,169,28,21.728571428571428,2025-11-27 06:56:41.453226
12600043494,6688570401,"[1361084777, 955201202]",Đường Nguyễn Trãi,49,7,25.2,2025-11-27 06:56:41.568621
12600043494,12600043488,1361084778,,96,18,19.2,2025-11-27 06:56:41.679910
12606538099,4539684490,914099365,Đường cao tốc Vành đai 3,450,71,22.816901408450708,2025-11-27 06:56:41.790666
12606538104,5710222986,914099363,Đường cao tốc Vành đai 3,539,104,18.657692307692308,2025-11-27 06:56:41.963037
12725862784,4541105059,"[1109636288, 1374431424, 600584098, 600584099, 974572934, 1300881768, 399825450, 1064227953]","['Phố Vũ Trọng Khánh', 'Cầu Mộ Lao']",1184,231,18.45194805194805,2025-11-27 06:56:42.199577
12725862785,12725862784,1394465420,,21,4,18.900000000000002,2025-11-27 06:56:42.363934
12725862785,10151536198,955842609,Phố Vũ Trọng Khánh,50,6,30.000000000000004,2025-11-27 06:56:42.546339
12768097332,1881927756,"[1337871555, 703519574]",Đường Phạm Hùng,20,15,4.8,2025-11-27 06:56:42.704263
12768097332,12768097335,1378852021,,45,22,7.363636363636363,2025-11-27 06:56:42.866643
12816414542,5718916293,601866316,,53,18,10.600000000000001,2025-11-27 06:56:42.991575
12816414542,98035472,1384038650,Phố Huỳnh Thúc Kháng,231,131,6.348091603053435,2025-11-27 06:56:43.112302
12816414547,5718916292,1384269502,Phố Huỳnh Thúc Kháng,14,9,5.6000000000000005,2025-11-27 06:56:43.244529
12872373345,12872373346,1390613355,,20,8,9.0,2025-11-27 06:56:43.361082
12872373345,10203920310,709788192,Phố Dương Đình Nghệ,210,38,19.894736842105264,2025-11-27 06:56:43.478664
12872373346,12872373345,1390613355,,20,7,10.285714285714286,2025-11-27 06:56:43.592566
12872373346,1219243660,1408711812,Phố Dương Đình Nghệ,41,11,13.418181818181818,2025-11-27 06:56:43.713790
12908782868,10151536198,693652773,Đường Trần Phú,56,7,28.8,2025-11-27 06:56:43.900603
12908782868,12725862784,1109636288,Phố Vũ Trọng Khánh,50,6,30.000000000000004,2025-11-27 06:56:44.015377
13023100784,10542328776,"[954882992, 1288217312, 1287978626]",Đường Nguyễn Khang,537,98,19.7265306122449,2025-11-27 06:56:44.208939
13023100784,13023100793,1417239983,,0,3,0.0,2025-11-27 06:56:44.397885
13023100793,420456583,"[1121868210, 37765274, 1121868211]",Cầu Cót,726,169,15.465088757396451,2025-11-27 06:56:44.707710
13023100794,442993523,1292662269,Đường Nguyễn Khang,361,76,17.1,2025-11-27 06:56:44.892943
13206202825,4538405017,"[621974601, 621974603, 457741989]",Hầm chui Thanh Xuân,898,83,38.94939759036144,2025-11-27 06:56:45.237346
13206202825,4538405006,"[814585068, 929495373]",Đường Nguyễn Trãi,391,56,25.135714285714286,2025-11-27 06:56:45.366723
13282498392,8295729267,706445530,Đường Nguyễn Xiển,123,15,29.52,2025-11-27 06:56:45.485699
13282498392,13282498396,1447638570,Đường Nguyễn Xiển,447,46,34.982608695652175,2025-11-27 06:56:45.661793
13282498396,6600206282,702813307,,1064,404,9.481188118811883,2025-11-27 06:56:45.796844
13282498396,6600206283,702813307,,47,28,6.042857142857143,2025-11-27 06:56:45.915195
13282498396,13282511305,1447638570,Đường Nguyễn Xiển,134,16,30.150000000000002,2025-11-27 06:56:46.029774
13282511304,5710691045,408780538,Đường Nguyễn Xiển,71,13,19.661538461538463,2025-11-27 06:56:46.269040
13282511305,13282511304,1447638570,Đường Nguyễn Xiển,779,75,37.392,2025-11-27 06:56:46.633846
13322115743,13322115744,1452637742,,1058,149,25.56241610738255,2025-11-27 06:56:46.857408
13322115743,5707262958,116432666,Đường Mễ Trì,473,56,30.40714285714286,2025-11-27 06:56:47.012466
13322115744,13322115743,1452637742,,819,190,15.517894736842107,2025-11-27 06:56:47.192101
13322115744,1879088106,"[177466778, 704004157]",Đường Mễ Trì,283,67,15.205970149253734,2025-11-27 06:56:47.309400
13327548965,13327548966,1453258417,,19,4,17.1,2025-11-27 06:56:47.472631
13327548966,10202001781,"[1240199912, 816200777, 1453258415]",Phố Dương Đình Nghệ,227,63,12.971428571428572,2025-11-27 06:56:47.598805
13327548966,13327548968,1453258418,,393,88,16.077272727272728,2025-11-27 06:56:47.723823
13327548967,2185731479,703992424,Phố Dương Đình Nghệ,170,23,26.608695652173914,2025-11-27 06:56:47.880008
13327548967,13327548965,1453258419,,571,145,14.176551724137932,2025-11-27 06:56:48.044152
13327548968,13327548967,1453258416,,24,6,14.4,2025-11-27 06:56:48.231248
